patch_id,z1,z2,score,n_poi,role
0,2.8638389110565186,4.665508270263672,0.49180863586589174,28,reference
1,-1.711687445640564,-3.365877389907837,0.3572481363902922,35,reference
3,-1.3111854791641235,-1.9442837238311768,0.26274130610919366,27,reference
4,-2.6691598892211914,-3.0996484756469727,0.23181451449134827,20,reference
6,-2.6704134941101074,-3.15215802192688,0.22225547248603597,19,reference
7,0.500444769859314,2.34161114692688,0.1636263016000915,10,reference
8,-1.5753065347671509,0.22988039255142212,0.2673717347858428,14,reference
9,-1.3599494695663452,-1.172729253768921,0.28562715485491874,10,reference
10,-3.425348997116089,-3.681297779083252,0.46072160761928693,18,reference
11,-0.8156953454017639,-0.502046525478363,0.25161495677239715,13,reference
13,-0.802034854888916,0.504613995552063,0.21542943979506057,14,reference
14,-2.9751715660095215,-1.8153281211853027,0.2499605482437909,12,reference
15,0.028327861800789833,1.1076953411102295,0.20641906611736316,10,reference
16,-0.6926044821739197,1.8990007638931274,0.2442282172434255,11,reference
17,0.6968701481819153,1.2041902542114258,0.21201473736859183,10,reference
18,-4.153347015380859,-0.4538944363594055,0.33542513255286716,12,reference
19,-3.080085039138794,-2.0342800617218018,0.2310720189211175,10,reference
20,0.2624431848526001,-1.3188153505325317,0.2739789626823821,26,reference
22,-6.62750244140625,0.33486518263816833,0.9277806147230223,10,reference
23,1.6859724521636963,6.181065082550049,0.7560986138515,17,reference
24,1.7653387784957886,2.6009321212768555,0.3035338410015984,23,reference
26,-0.498920202255249,-0.7941898703575134,0.18692514952290956,16,reference
27,-2.3707637786865234,-1.817521572113037,0.2931157356554539,15,reference
28,1.444379448890686,2.2348875999450684,0.25829147173616296,17,reference
29,-3.2448651790618896,-1.5218905210494995,0.27470068955543164,14,reference
30,-2.2799623012542725,-2.059267520904541,0.3280468183759115,14,reference
31,-1.4756087064743042,-0.31294071674346924,0.22013898351719913,12,reference
32,-3.2715036869049072,-1.1671814918518066,0.2481150862017784,10,reference
33,-3.3956081867218018,-4.0201640129089355,0.49705546319852284,21,reference
34,-2.72029709815979,-1.3824117183685303,0.1990793973377921,12,reference
35,-1.8048055171966553,0.7820104360580444,0.2604952243344724,10,reference
38,0.08415785431861877,-0.7565864324569702,0.25716474350037016,21,reference
39,-1.5063962936401367,-2.9750022888183594,0.14573617109679238,30,reference
40,-2.7927098274230957,-1.3357490301132202,0.18009766011317824,13,reference
41,1.088057279586792,0.9883869886398315,0.1972169890437408,17,reference
42,-0.30560967326164246,-0.8033506870269775,0.14328109266294656,16,reference
43,-1.1377251148223877,-2.28140926361084,0.24298007685838152,22,reference
44,-4.625354290008545,-1.8407604694366455,0.4284670075409302,13,reference
45,-1.6932470798492432,-0.29582875967025757,0.22696248075054926,12,reference
46,-1.0436923503875732,-0.05820475518703461,0.28985967314143646,10,reference
47,-4.618998050689697,-4.203401565551758,0.3011172140910546,13,reference
48,-2.0552144050598145,-2.031134843826294,0.23502004671470028,16,reference
50,-1.0995477437973022,-0.35725799202919006,0.15447358178799386,10,reference
51,-0.7663861513137817,-1.3184493780136108,0.15991057215807292,20,reference
52,0.11419768631458282,-0.4384555220603943,0.24033533548590935,20,reference
54,-2.9970481395721436,-1.4359502792358398,0.24064272878302778,15,reference
55,0.02112726867198944,-0.819804847240448,0.22433960513670576,21,reference
57,-2.733128309249878,1.8201507329940796,0.28428875948945814,10,reference
58,0.6754899024963379,2.8519797325134277,0.22568899839639583,15,reference
59,0.035417020320892334,1.3541219234466553,0.3091068413138603,10,reference
60,1.9377105236053467,0.5585178732872009,0.31669818469041977,33,reference
61,2.151108980178833,1.496817708015442,0.24721628200193174,32,reference
62,2.065737724304199,-0.37063974142074585,0.4392821808729782,45,reference
63,-4.10880184173584,1.3145751953125,0.35695699401059106,14,reference
65,0.3166813254356384,-2.0589163303375244,0.397841306238486,47,reference
66,2.6003851890563965,1.744299292564392,0.32769982097274464,46,reference
68,-3.499767780303955,-3.0976850986480713,0.41692326943491687,15,reference
70,-3.2487382888793945,-0.4960305988788605,0.23393831661625222,17,reference
71,0.2527017593383789,-1.0146315097808838,0.2171925765414448,25,reference
73,-0.6186801791191101,-0.649215579032898,0.22870251326733446,15,reference
75,1.7256823778152466,3.971736192703247,0.19870484764309992,18,reference
76,-0.13733069598674774,0.12409947067499161,0.2074179013334025,10,reference
78,-3.159370183944702,-1.301716923713684,0.22617949242256916,17,reference
79,-1.9289054870605469,1.0520833730697632,0.2982664809894797,12,reference
80,-3.689626455307007,-1.9562718868255615,0.3045086978452823,14,reference
81,-3.34024715423584,-1.3236368894577026,0.2405664889544387,14,reference
82,-2.4708359241485596,-1.4220296144485474,0.2669187035412073,10,reference
83,-3.9566051959991455,-3.0482566356658936,0.4597492413530857,13,reference
85,0.9180148243904114,1.0304151773452759,0.2208814408367948,17,reference
86,-3.414705991744995,-1.6316139698028564,0.2723055235979827,12,reference
87,-0.009268566034734249,1.4754220247268677,0.32380695211036764,11,reference
88,2.0163073539733887,3.1462459564208984,0.36203991753877024,21,reference
89,-1.2145925760269165,0.4142773151397705,0.21396876209681676,15,reference
91,0.13868451118469238,0.30314329266548157,0.20389017170771218,13,reference
92,-2.769235134124756,-1.1724088191986084,0.23071598317876676,12,reference
93,-2.99895977973938,-0.9642754197120667,0.24978534828857496,12,reference
94,-1.4333683252334595,1.6065269708633423,0.3950196665404108,19,reference
95,-3.687610626220703,-2.7212297916412354,0.3305267584230578,12,reference
96,1.4531534910202026,3.4479634761810303,0.2188348584016944,10,reference
100,-0.7322385311126709,-0.40204083919525146,0.2201421159341379,11,reference
101,0.34011217951774597,0.2214086353778839,0.20168197159869258,18,reference
102,0.1451309621334076,4.005034446716309,0.30002987773573064,11,reference
103,-0.19236543774604797,-0.41148439049720764,0.25991729105125605,16,reference
104,0.5958829522132874,3.954319477081299,0.216960512815673,10,reference
105,-2.704840898513794,-1.984910488128662,0.2547770788752559,10,reference
106,-0.727706253528595,4.303690433502197,0.34263785733114266,10,reference
107,1.591933012008667,1.203133463859558,0.1928701895781106,25,reference
108,0.6627600193023682,0.15797904133796692,0.13452178767584166,23,reference
110,-0.23101811110973358,-0.9972022771835327,0.18228091583799305,24,reference
112,-0.19725260138511658,-0.866535484790802,0.1631868883509605,20,reference
113,-0.03345310315489769,4.161314487457275,0.28919401391002153,11,reference
114,-2.980623483657837,1.858910322189331,0.2882570735469808,10,reference
115,-0.7236341238021851,0.9947032928466797,0.134973804723494,10,reference
116,0.35987037420272827,-1.817919135093689,0.36287336811521115,34,reference
119,-2.5932276248931885,-2.188300848007202,0.23813584037284824,16,reference
121,-0.6295136213302612,-1.283961534500122,0.1877273392605801,20,reference
122,-4.183732509613037,-1.2939285039901733,0.2803772086949823,13,reference
123,-1.5530558824539185,-0.4601795971393585,0.22128139814460385,11,reference
125,-0.5081276297569275,-0.385416716337204,0.18773807629381206,14,reference
127,-1.1701076030731201,4.397342205047607,0.4325576572369215,10,reference
128,-2.177333116531372,-1.2490088939666748,0.3682979540848753,11,reference
129,-4.961465358734131,-2.945857048034668,0.5916389231277572,14,reference
131,0.2941741347312927,0.6206172108650208,0.24919612228866472,14,reference
132,1.0686057806015015,2.6174938678741455,0.2637237343829333,10,reference
133,-0.6725104451179504,3.2788760662078857,0.2893197136883787,12,reference
134,0.5173636078834534,3.7679226398468018,0.18145620962496883,10,reference
135,-2.4756476879119873,-0.8705843687057495,0.27340561124387963,18,reference
136,-4.971411228179932,0.3578961193561554,0.3817643317992657,10,reference
137,-3.9117836952209473,-1.3282784223556519,0.2875572426963186,16,reference
138,1.3100892305374146,1.5902596712112427,0.1291091166923971,16,reference
139,-0.9280439615249634,1.586317539215088,0.23348219476873422,14,reference
140,-0.7078479528427124,0.08946987986564636,0.30751882740352704,10,reference
141,-0.7149282693862915,0.6413723230361938,0.17232765098426311,14,reference
142,-2.8485758304595947,-1.7156331539154053,0.2603131757794935,15,reference
143,-0.5420104265213013,-0.3117622137069702,0.18628124773202462,10,reference
145,-4.111420154571533,-2.3395509719848633,0.4090747449344782,10,reference
146,1.6084356307983398,1.5618098974227905,0.23031790391867693,23,reference
147,-2.614454746246338,-1.6487033367156982,0.25575579210656973,11,reference
148,0.44938865303993225,1.353959321975708,0.22711649749240645,13,reference
151,1.3781005144119263,1.557397723197937,0.1524624371083987,20,reference
152,0.5308923721313477,-0.04458422586321831,0.21821126828616372,22,reference
153,-0.9093226194381714,-0.9082821011543274,0.27115400953223956,14,reference
154,-2.0785017013549805,-3.4254002571105957,0.3288782054021886,28,reference
155,2.6442930698394775,3.174954652786255,0.2111170256891678,31,reference
156,-5.966522216796875,0.4490946829319,0.7817679578334145,10,reference
157,-3.145899534225464,-1.886061191558838,0.2549221585144568,12,reference
158,-2.645052909851074,-2.2977235317230225,0.2361089919076341,12,reference
159,-1.467781901359558,-0.6339218616485596,0.2735566472437219,11,reference
161,2.3944528102874756,2.4506895542144775,0.26745591131085195,26,reference
162,0.08295110613107681,0.8304364681243896,0.07385843661344695,10,reference
163,0.761633038520813,0.41053083539009094,0.14832415837148283,17,reference
165,2.419153928756714,1.7039837837219238,0.2660665101687857,40,reference
167,-0.894583523273468,0.7799328565597534,0.1829072204464698,12,reference
168,-2.043348789215088,2.323784351348877,0.33095792934575863,10,reference
169,-2.7254645824432373,-3.1789064407348633,0.22109131415922756,22,reference
170,0.5021445751190186,4.110393524169922,0.23290284200141664,10,reference
171,0.45255139470100403,1.0914223194122314,0.23716548842453727,15,reference
172,-4.134157657623291,-0.13350188732147217,0.35374189002459344,15,reference
174,-0.7236341238021851,0.9947032928466797,0.134973804723494,10,reference
175,-1.081133246421814,-0.517501950263977,0.16024053570965596,11,reference
176,-2.6738064289093018,-0.7118657827377319,0.24486665249510087,13,reference
177,0.42498958110809326,2.671147108078003,0.24705446532201608,14,reference
178,-4.8283281326293945,-4.282198905944824,0.38117939458298666,12,reference
179,-1.1066880226135254,-0.5344029068946838,0.15676685052917233,11,reference
180,-0.7236341238021851,0.9947032928466797,0.134973804723494,10,reference
181,-1.8164422512054443,-0.1346903294324875,0.22170235959908072,14,reference
182,1.1578539609909058,3.2383382320404053,0.2809384864789617,11,reference
183,-2.9705846309661865,-0.6916338801383972,0.22672356587554646,13,reference
184,-3.140073537826538,-2.1988866329193115,0.2551088191770716,13,reference
185,-0.0023320233449339867,0.3810235261917114,0.190302273042608,10,reference
187,-2.430818796157837,-1.1003587245941162,0.31876930086951794,10,reference
188,-0.2399521768093109,1.0449680089950562,0.19713792758525797,12,reference
190,0.4955311119556427,0.8143054246902466,0.22566292070078298,12,reference
191,-0.6644248962402344,4.994075298309326,0.6066575887291157,10,reference
192,-2.6212430000305176,-2.6516871452331543,0.2970315907602994,15,reference
193,-4.276501655578613,-3.0663340091705322,0.587110650213931,10,reference
194,-5.633059501647949,-4.179874897003174,0.7335434580853618,11,reference
195,-1.0250341892242432,-1.4705263376235962,0.2812702992803875,22,reference
196,-1.924168348312378,-2.035234212875366,0.2139484828004255,16,reference
197,0.09673504531383514,0.8382967710494995,0.07749593153544541,11,reference
198,-2.7855842113494873,-2.2080249786376953,0.19751247063220387,16,reference
200,0.2805193364620209,0.8487849831581116,0.1690320185463957,11,reference
201,-0.7021905779838562,3.5303003787994385,0.35923076768833945,11,reference
202,-0.2170354425907135,1.6926417350769043,0.2929258219463453,14,reference
203,1.386281967163086,1.3376249074935913,0.14294294203094543,20,reference
204,-6.4427266120910645,-3.2356746196746826,1.1872738228615605,17,reference
205,2.0621895790100098,1.959922432899475,0.25439261721088957,29,reference
207,3.6642794609069824,2.6820995807647705,0.6063565103944257,54,reference
210,-0.4788879156112671,-0.2345748245716095,0.2110270401696407,13,reference
211,0.9813299775123596,-0.017675163224339485,0.18461954752522877,30,reference
214,-1.7696917057037354,0.014927566982805729,0.24790723677355161,11,reference
215,-2.0947647094726562,-2.5818121433258057,0.2510565182058352,23,reference
216,2.1145851612091064,4.341560363769531,0.29636296847517113,17,reference
217,1.4115122556686401,3.922332525253296,0.2565885558472459,16,reference
218,0.47479748725891113,1.3901358842849731,0.2221340838098122,10,reference
219,-3.7145869731903076,1.4097800254821777,0.35436518562416175,13,reference
221,1.0981078147888184,0.2795144021511078,0.19115723639650783,26,reference
222,1.1818336248397827,3.983902931213379,0.24688696297579085,12,reference
224,1.273159146308899,-0.32146063446998596,0.2474656676481169,24,reference
225,1.5353573560714722,-0.2642873227596283,0.12511402371669922,33,reference
226,-2.7459661960601807,-2.2118401527404785,0.2010682343860811,13,reference
227,0.8619844913482666,0.3222580850124359,0.12154407125421544,20,reference
228,-2.2514939308166504,1.0281603336334229,0.24041815076550804,12,reference
229,-1.480841875076294,-0.5512678623199463,0.23320386959137057,10,reference
230,-0.5796838998794556,0.45879292488098145,0.2781384592916185,14,reference
231,2.546821117401123,2.577158212661743,0.3336803470460581,33,reference
232,0.9789690375328064,0.06618152558803558,0.14673042547433404,23,reference
233,-1.118471384048462,-2.578665256500244,0.20288130419657077,24,reference
235,0.4903409481048584,4.21189546585083,0.26564065123952346,11,reference
236,-2.6520495414733887,3.1712212562561035,0.6891268853364163,14,reference
238,1.1766386032104492,3.3857431411743164,0.2786036571243698,13,reference
239,-3.7687227725982666,-0.5585968494415283,0.27135851287982937,10,reference
240,-2.7820327281951904,1.2745352983474731,0.2050988392798635,12,reference
241,0.4660657048225403,3.6651222705841064,0.2155743198089154,11,reference
242,2.6367578506469727,2.3857357501983643,0.3362994703763626,36,reference
243,0.5249108672142029,-0.17790700495243073,0.28673935302077386,22,reference
246,-1.2239339351654053,2.7132620811462402,0.3393501500136232,14,reference
247,0.43356412649154663,0.8826879262924194,0.2045475045444748,10,reference
248,-1.574110984802246,1.3956834077835083,0.45148892965336335,11,reference
249,-0.23680569231510162,0.7458551526069641,0.15344224927653027,10,reference
250,2.4484620094299316,2.5238122940063477,0.2818782568547069,29,reference
252,-2.895749807357788,2.119688034057617,0.23888792487573735,11,reference
254,1.4178433418273926,1.681127667427063,0.13707121025268065,18,reference
255,-2.1489243507385254,2.3611810207366943,0.2884839918377209,11,reference
256,0.06650256365537643,-0.1659349501132965,0.20011147628611553,17,reference
257,-2.585212230682373,-0.6185135841369629,0.2412787175080088,20,reference
259,0.8470171093940735,0.2392173409461975,0.11147675257848971,23,reference
260,-2.8585879802703857,-1.2725075483322144,0.17493577542627978,14,reference
261,1.5376794338226318,3.568815231323242,0.19757520323271832,17,reference
262,0.6674250960350037,0.9881733655929565,0.2591888434724313,13,reference
263,-3.390856981277466,3.0767152309417725,0.8322107004352806,11,reference
265,0.8462406396865845,3.8006880283355713,0.2787017048865623,12,reference
266,-3.3200392723083496,-0.5055332779884338,0.20522207101336654,16,reference
267,0.8693042993545532,-0.34400612115859985,0.2769898769678133,31,reference
271,-4.550808906555176,-1.0285985469818115,0.37306577052310563,10,reference
272,-0.48142194747924805,0.9440831542015076,0.24978401197489794,12,reference
275,-3.910510778427124,-0.7683430314064026,0.285823587932836,11,reference
276,-4.2644362449646,0.423554390668869,0.3991212802765188,17,reference
277,-3.226170778274536,1.190672516822815,0.21192213748600397,12,reference
278,-1.7565975189208984,4.219597339630127,0.5898541933021054,13,reference
279,-1.1941735744476318,-0.9477021098136902,0.20448846919695263,13,reference
281,1.1650300025939941,6.0933051109313965,0.7533965390236999,10,reference
282,-2.032883644104004,0.14017565548419952,0.26520373761133365,12,reference
284,-0.23759406805038452,-1.8362903594970703,0.22793515332062395,26,reference
285,0.9396987557411194,-1.852040410041809,0.5490231097008513,52,reference
286,-1.2955939769744873,-2.038801431655884,0.22988984736180734,21,reference
287,1.7077819108963013,1.0120741128921509,0.15277372709177595,23,reference
288,0.12213409692049026,6.363532066345215,0.7043812056527461,19,reference
289,-0.46915164589881897,7.51587438583374,1.1332476789423014,14,reference
290,2.756016254425049,3.83555269241333,0.23476924647343192,27,reference
291,-2.021765947341919,4.897322177886963,1.0783429843665004,20,reference
293,-4.346721172332764,-0.2999499440193176,0.3200280533280143,16,reference
294,-3.3871042728424072,1.070854902267456,0.20824479817668262,20,reference
295,-2.121469259262085,2.8202571868896484,0.4560268675531628,16,reference
296,0.08295110613107681,0.8304364681243896,0.07385843661344695,10,reference
297,-0.8341008424758911,-2.167177438735962,0.2852940505257938,30,reference
298,1.4609507322311401,1.2844058275222778,0.15358853181716794,23,reference
299,-4.530487060546875,-4.842287063598633,0.4801166881798513,18,reference
300,-1.8940911293029785,-1.629919409751892,0.2759961640273729,11,reference
301,-0.22098949551582336,0.9001513719558716,0.10675783457411679,11,reference
302,2.723966121673584,3.5083425045013428,0.14239222248867997,26,reference
303,1.3549842834472656,1.1969090700149536,0.13876545357269013,20,reference
304,1.8123853206634521,1.1215953826904297,0.18172729511980726,30,reference
305,1.2933157682418823,0.2490893006324768,0.22949690481199514,35,reference
306,1.5672898292541504,-0.340730220079422,0.13950449595130243,35,reference
307,2.3166794776916504,2.193739175796509,0.3246209057977909,29,reference
308,-1.3831876516342163,3.9175758361816406,0.4729463872310924,12,reference
309,-1.070976972579956,1.1358801126480103,0.2469369929347564,16,reference
310,2.5349197387695312,2.1703906059265137,0.3367932064138808,34,reference
311,2.727715015411377,0.8326004147529602,0.6460248905162628,65,reference
312,-0.8575995564460754,-1.5261482000350952,0.1908264815127811,21,reference
313,1.1152971982955933,2.513371706008911,0.24394427886452885,11,reference
314,-0.6155570149421692,4.427158355712891,0.39870749243186904,11,reference
315,0.4500717520713806,-0.6431645750999451,0.2142906338919818,21,reference
316,-0.3828626275062561,-0.7258428931236267,0.1543756736539795,18,reference
317,-3.4624385833740234,-2.0557796955108643,0.2934088935074638,18,reference
318,-0.7763912677764893,-2.4108452796936035,0.21213743778628624,30,reference
319,0.7040209770202637,0.20953623950481415,0.12960556320785782,25,reference
320,0.37704160809516907,0.8858243823051453,0.19591291338916877,11,reference
321,0.7216238379478455,1.2469632625579834,0.20249306853576626,13,reference
322,-2.2010035514831543,2.531907081604004,0.306326887332803,11,reference
323,-2.4404149055480957,-0.8470458388328552,0.2784806298617205,19,reference
324,3.776014566421509,2.3020009994506836,0.5510014805240557,69,reference
326,2.991955280303955,0.7904823422431946,0.7862619424611297,58,reference
327,2.4584388732910156,-0.16936178505420685,0.6888931904574787,65,reference
328,1.5851542949676514,-0.3528319299221039,0.14890371025989224,32,reference
331,-0.7693066596984863,-3.5995376110076904,0.805578162887962,49,reference
332,-2.0444140434265137,-4.071478843688965,0.3895765136836627,39,reference
333,-2.9215478897094727,-0.5346625447273254,0.24203203057230233,17,reference
334,1.799080729484558,2.862074375152588,0.30794217402915053,19,reference
336,-2.6878790855407715,1.36876380443573,0.21364331374078263,17,reference
338,-1.0251795053482056,0.18925417959690094,0.20517542618180573,14,reference
339,1.0952502489089966,1.315370798110962,0.1887504275706579,16,reference
341,0.3555314838886261,-0.9545201063156128,0.21678741333166654,29,reference
342,-2.811843156814575,-2.1060540676116943,0.20189590507097877,15,reference
343,1.5427696704864502,3.748683452606201,0.19123791098963042,11,reference
344,0.025379369035363197,3.5990591049194336,0.2885091448691339,13,reference
346,-3.7637531757354736,-1.2356375455856323,0.32285057062513844,19,reference
347,-3.3658719062805176,2.4253199100494385,0.5750629123151789,15,reference
348,3.8704304695129395,3.047701358795166,0.6536141424688813,67,reference
349,3.032081365585327,2.132272958755493,0.47199091826915857,63,reference
350,2.3983707427978516,-0.2658335566520691,0.6317859479211132,55,reference
351,3.4411168098449707,2.0834572315216064,0.5131917565546322,59,reference
352,1.4900822639465332,-0.5420569181442261,0.2691304110356688,31,reference
353,1.7025314569473267,-0.7715097665786743,0.37609143638490383,40,reference
354,1.6382490396499634,0.8805547952651978,0.19297343029140834,20,reference
355,-1.1200162172317505,1.201908826828003,0.29560379120143354,12,reference
357,-1.8204468488693237,-3.835441827774048,0.3784547342459755,40,reference
358,-0.9085994362831116,-2.7059836387634277,0.20364862569371622,35,reference
359,-1.6354520320892334,-2.393033266067505,0.3266318418557539,28,reference
361,2.3774874210357666,1.5813777446746826,0.2519804240746574,39,reference
362,3.837707996368408,2.173898458480835,0.5786207473650022,71,reference
365,-1.0995477437973022,-0.35725799202919006,0.15447358178799386,10,reference
367,0.7564184665679932,4.633384704589844,0.30934378620427083,10,reference
368,1.4050514698028564,1.3414324522018433,0.1495275676446735,21,reference
370,-0.2591564357280731,0.7499949932098389,0.15913415061445513,10,reference
371,-2.667499303817749,2.0641589164733887,0.23609569439730393,13,reference
372,-2.9498467445373535,2.1591997146606445,0.27336896225552115,12,reference
374,1.78202223777771,1.701735496520996,0.21631581461802268,27,reference
375,1.9920774698257446,1.1874752044677734,0.2865895321588189,36,reference
376,0.9072310924530029,-0.9346171617507935,0.37252881978633223,41,reference
377,0.054243698716163635,-1.628296971321106,0.33219179110821206,31,reference
378,0.793365478515625,-1.102987289428711,0.3713090290388113,31,reference
379,-0.11030863225460052,-1.0835157632827759,0.24081229207094512,22,reference
380,0.15558625757694244,0.43714994192123413,0.21589870978845252,16,reference
381,-0.6737745404243469,-0.3673369586467743,0.20167850037764903,10,reference
383,-1.1914092302322388,-2.902399778366089,0.2692517207231175,36,reference
384,-3.6631715297698975,-5.5573320388793945,0.9757567387438577,43,reference
385,-4.343087196350098,-5.11641263961792,0.6279534419645262,23,reference
386,-4.725541591644287,0.19320063292980194,0.3015334408597675,11,reference
387,0.5814985632896423,4.973482131958008,0.422112540755663,12,reference
388,-0.3178325593471527,-1.1674567461013794,0.2543640347125786,21,reference
389,2.6783764362335205,3.505937099456787,0.14487321591685964,26,reference
390,2.1073110103607178,5.742770195007324,0.7142854574157189,20,reference
391,1.0626556873321533,6.277335166931152,0.7306650185037359,16,reference
392,0.699940025806427,2.7981553077697754,0.22349406339407898,13,reference
393,0.910712480545044,1.5303881168365479,0.2368198031459566,14,reference
394,-0.7615635395050049,-0.9110578894615173,0.25472578498551257,14,reference
395,2.1128666400909424,1.8033860921859741,0.24941142032346814,26,reference
397,-3.1030116081237793,-3.3770365715026855,0.3516544234890787,19,reference
398,-2.91511869430542,-4.217116832733154,0.42338967255379695,29,reference
399,2.0509347915649414,1.6672694683074951,0.2332586001685197,33,reference
401,0.12841451168060303,6.092637062072754,0.6554108048882592,12,reference
402,1.1433435678482056,0.7991849184036255,0.16754389072872006,20,reference
403,-1.2999372482299805,0.5190133452415466,0.24713236789617746,17,reference
404,-1.2025774717330933,-1.8924437761306763,0.2870826568825616,25,reference
405,-2.315028429031372,-2.960561752319336,0.33317963873068657,25,reference
406,-0.1062326580286026,-2.4679417610168457,0.3903878665090408,54,reference
407,-4.2466607093811035,1.9252889156341553,0.6905859730050765,27,reference
408,1.869030475616455,-0.8673651218414307,0.4912566656153362,46,reference
409,3.8696296215057373,2.1176960468292236,0.6087596511252138,64,reference
410,3.3585708141326904,4.372525215148926,0.6650366767437043,35,reference
411,-0.49301770329475403,7.459157943725586,1.1212785843712756,17,reference
412,-1.2688095569610596,-2.1310980319976807,0.2348132202692249,20,reference
413,-1.036232590675354,4.283083438873291,0.3440960236653774,10,reference
414,-0.8164064884185791,-1.1798713207244873,0.18755649432337923,15,reference
415,-0.23680569231510162,0.7458551526069641,0.15344224927653027,10,reference
416,-2.9276082515716553,-0.8119081258773804,0.24135504910041958,13,reference
417,-2.792541265487671,-1.5408601760864258,0.23294049987797016,13,reference
418,-0.908610999584198,-3.895811080932617,0.902779693953508,51,reference
419,1.5684359073638916,-0.2492610365152359,0.12305098973548584,35,reference
421,1.485155701637268,1.112309217453003,0.19138899403137422,20,reference
422,-1.883733868598938,-1.8260997533798218,0.17842465462945745,12,reference
423,1.851150393486023,3.351781129837036,0.366134273464866,18,reference
424,-5.553618431091309,-4.153652667999268,0.6815013739570209,10,reference
426,-1.9569801092147827,-2.404320001602173,0.2061040527412506,17,reference
429,1.8243753910064697,-0.2213381826877594,0.27137037530377695,42,reference
430,1.6402418613433838,-0.7490886449813843,0.3561791125484101,43,reference
431,3.294198751449585,1.4781049489974976,0.7076651815994484,58,reference
434,0.539048969745636,3.0648326873779297,0.27570559753958734,12,reference
435,0.1342325657606125,-0.9534100294113159,0.22471589522814828,26,reference
436,0.023354090750217438,4.328425884246826,0.355841584061949,10,reference
437,0.7156363129615784,4.700514793395996,0.3033593198121136,14,reference
438,-3.90126895904541,1.2582499980926514,0.3233002158648977,11,reference
439,1.3392585515975952,3.052189826965332,0.26019673989816267,14,reference
440,1.0475994348526,1.7163511514663696,0.23329993496486928,14,reference
441,2.5047061443328857,0.8587826490402222,0.5618814589806231,66,reference
442,0.7119244933128357,0.030704669654369354,0.14308143830415326,22,reference
443,1.6425106525421143,4.7663469314575195,0.3002408314933053,13,reference
444,-1.8216643333435059,-0.9881607890129089,0.5133555750681057,14,reference
447,-0.036414798349142075,3.763143301010132,0.24375977720788772,10,reference
448,1.82866370677948,0.8933756351470947,0.1887940754198203,33,reference
449,1.6478406190872192,0.30678316950798035,0.24748179159916778,34,reference
451,1.4331830739974976,-0.2849994897842407,0.16641318563985108,31,reference
452,1.6709705591201782,4.752263069152832,0.30423080663033925,13,reference
453,2.1159603595733643,4.2202863693237305,0.2563953044580126,18,reference
454,-2.699362277984619,1.2286064624786377,0.20386511963655068,13,reference
455,-3.5125668048858643,-2.5866687297821045,0.32569357445530916,11,reference
456,1.671854853630066,0.4228029251098633,0.22115956036143433,34,reference
457,0.8152726292610168,5.995794773101807,0.6780571380508654,15,reference
458,-0.21229201555252075,-0.7589312195777893,0.15585968716207876,18,reference
459,0.5351862907409668,1.8207944631576538,0.278243039559795,12,reference
460,-0.038756079971790314,1.0023796558380127,0.17152386649871806,11,reference
461,0.3064388036727905,0.26339778304100037,0.19975222325194636,16,reference
463,1.0105849504470825,0.7847517132759094,0.12900595411524346,19,reference
465,-0.8488193154335022,2.2589967250823975,0.21247689430303066,13,reference
466,-1.9293522834777832,-1.917297124862671,0.17379305458139394,15,reference
467,-0.19607491791248322,-1.8704705238342285,0.2421542790097807,25,reference
469,-0.8964906930923462,-1.6659284830093384,0.2529006069700139,22,reference
470,4.537820816040039,5.110300540924072,1.5387477569152934,48,reference
472,-4.339187145233154,-1.2709318399429321,0.2984812537146026,11,reference
473,1.063539981842041,-0.20895227789878845,0.24504962218844445,22,reference
474,2.262826681137085,1.4916960000991821,0.2568321306800444,36,reference
475,1.7065049409866333,1.540189266204834,0.26370749592709164,25,reference
476,1.4062107801437378,2.6511685848236084,0.22653191624312286,16,reference
478,-2.2247841358184814,1.0115516185760498,0.2399670930858365,13,reference
481,-1.2324897050857544,-1.9702666997909546,0.24562230890759443,29,reference
483,0.5997788906097412,-1.2742658853530884,0.2928883612314722,28,reference
484,3.944361448287964,3.1525919437408447,0.6751220227485739,63,reference
485,1.8732976913452148,0.9216450452804565,0.1914373733725263,27,reference
486,2.5958611965179443,3.784640312194824,0.23580781754192742,19,reference
487,0.4818972051143646,4.008480548858643,0.20350995873323974,11,reference
488,0.43087756633758545,2.1427628993988037,0.1491776779689779,16,reference
489,1.1301066875457764,1.133096694946289,0.16589878690294382,17,reference
490,-1.0679874420166016,0.3194584250450134,0.1819029034799895,11,reference
491,0.028327861800789833,1.1076953411102295,0.20641906611736316,10,reference
492,-2.0312905311584473,3.22804594039917,0.6018798093184604,10,reference
494,-0.3623446524143219,-0.7872947454452515,0.1455969952656857,17,reference
495,-1.1271740198135376,-0.643211305141449,0.21007646573214467,10,reference
496,0.24298229813575745,6.548975467681885,0.7330737949430773,14,reference
498,1.6853970289230347,1.0365060567855835,0.15928011954848334,22,reference
499,4.295551776885986,4.760076522827148,1.2055106021218847,46,reference
500,0.4679093360900879,2.3845741748809814,0.172736200690202,11,reference
501,-0.22098949551582336,0.9001513719558716,0.10675783457411679,11,reference
502,0.6444447040557861,0.5736507177352905,0.21203539380690845,16,reference
503,1.535704255104065,0.3053668439388275,0.22255080450416467,22,reference
504,1.8876208066940308,1.6781467199325562,0.231748456243371,25,reference
507,0.9794670343399048,0.1984477937221527,0.12104452042884245,24,reference
508,0.6455698013305664,-0.5049556493759155,0.22700146177575245,30,reference
509,1.5186184644699097,1.8134666681289673,0.2139725732830581,19,reference
510,2.248208999633789,4.1675286293029785,0.2893328926483346,21,reference
511,-1.677167296409607,0.3620041310787201,0.2748732982348423,10,reference
512,-1.9134339094161987,-0.3828161656856537,0.2967527788008636,10,reference
515,2.5265612602233887,4.661227226257324,0.41101055835687983,21,reference
516,-4.69920539855957,1.51308012008667,0.5568666781209903,15,reference
517,-3.8059208393096924,-1.659043550491333,0.2938615401800262,10,reference
518,-0.036414798349142075,3.763143301010132,0.24375977720788772,10,reference
520,-0.4933747351169586,-2.117063283920288,0.2608884977769276,26,reference
521,2.5223453044891357,3.2611868381500244,0.20883076266036985,23,reference
522,-3.478381633758545,1.1699570417404175,0.244724623287539,22,reference
524,-3.791440486907959,1.1077431440353394,0.32116598007426767,12,reference
525,-1.914446473121643,0.4807698130607605,0.2734355911298887,12,reference
526,-0.7613927125930786,-1.3973064422607422,0.16000814393027463,22,reference
527,1.5509521961212158,5.055580139160156,0.4010423838045493,11,reference
528,-0.3049321472644806,5.195106506347656,0.6716041212484266,14,reference
530,2.6150803565979004,5.438963890075684,0.7852829217310751,25,reference
531,-0.9651898741722107,-2.3093180656433105,0.2292133074574257,27,reference
532,1.3217895030975342,0.3969338536262512,0.19632922945099732,23,reference
533,0.7922555208206177,7.218010425567627,1.1506665340362534,22,reference
534,-3.2978501319885254,-2.1692233085632324,0.2691011072360477,16,reference
535,-1.3259601593017578,-2.9557971954345703,0.1851669478684042,29,reference
536,-0.7314037680625916,2.2247369289398193,0.22546389875538103,21,reference
537,-0.2582852840423584,-0.6287005543708801,0.20093581266863378,18,reference
538,-4.108696460723877,-1.8889079093933105,0.42571800227890855,10,reference
539,-1.4946871995925903,-2.8090665340423584,0.20141532739802548,23,reference
540,-0.8261895179748535,-2.3137576580047607,0.22491331740146514,30,reference
541,-2.043302536010742,-3.537998914718628,0.29740725615207053,32,reference
542,3.5158514976501465,3.915982484817505,0.5489838841928042,39,reference
543,2.594515085220337,3.867248058319092,0.2696449184466435,27,reference
544,-3.2710516452789307,-1.939022421836853,0.26100469827075057,10,reference
545,-0.6730278730392456,0.6050010323524475,0.18899791231685514,10,reference
546,-3.5988433361053467,-0.21398092806339264,0.24637521330231504,15,reference
547,-1.4889132976531982,2.372058391571045,0.37541704107604734,16,reference
548,-0.8348198533058167,2.337343692779541,0.23769821177174283,15,reference
549,-1.3416032791137695,2.890265703201294,0.3818297878788835,14,reference
551,-0.7331262826919556,1.249849796295166,0.24483085809958463,12,reference
552,-1.055769443511963,0.659688413143158,0.2432442180960646,10,reference
553,-1.8807768821716309,0.4299865663051605,0.2821363014333123,14,reference
554,-2.109020233154297,-2.5120139122009277,0.24232151188762807,21,reference
556,-3.4335832595825195,-3.396550178527832,0.4253879285839164,16,reference
557,1.026784062385559,1.1956849098205566,0.17700963481058798,18,reference
559,0.3498075008392334,3.1679391860961914,0.3255165717666939,18,reference
561,-2.217602491378784,1.4270504713058472,0.36848358291311745,10,reference
562,-2.697356939315796,-3.444549560546875,0.2857486355076668,23,reference
563,-0.2210267335176468,5.110467433929443,0.6399241896383894,10,reference
564,0.832550585269928,4.785244941711426,0.3276266977969226,10,reference
565,0.8700553774833679,0.1744101643562317,0.10710936009106103,24,reference
566,1.4752393960952759,0.6324042081832886,0.2085577993144011,25,reference
567,1.5516571998596191,-0.15811346471309662,0.15794704857932718,34,reference
568,-1.3098902702331543,-2.5873444080352783,0.27101454427436783,25,reference
569,-0.4292278587818146,-2.482273578643799,0.3499441468503168,36,reference
570,-1.9196507930755615,-1.841135859489441,0.17326469582314752,14,reference
571,0.18894271552562714,0.8741282224655151,0.13080119991833877,11,reference
572,-1.0764838457107544,0.328891783952713,0.1792730417379414,15,reference
573,1.8428196907043457,0.945452868938446,0.16988278637725368,21,reference
574,0.8712217211723328,0.5889383554458618,0.20097891921043098,21,reference
575,0.7222700119018555,3.245346784591675,0.2814196144844605,18,reference
576,-3.2282183170318604,1.5000114440917969,0.3809953372552959,14,reference
577,-2.1339943408966064,0.9580744504928589,0.2296620014415335,10,reference
578,2.110987901687622,1.393178105354309,0.28906289342743424,32,reference
579,1.0017091035842896,0.7750004529953003,0.12852711713074924,23,reference
580,2.693942070007324,1.3880819082260132,0.4730472418010447,57,reference
581,-0.5651822686195374,-2.2679665088653564,0.26695525794761926,30,reference
582,1.5112099647521973,-0.09642476588487625,0.21041100876104413,24,reference
583,-0.4378199875354767,7.6527419090271,1.2144207834753666,14,reference
584,-2.90299391746521,-3.024446487426758,0.22186248593957686,17,reference
585,1.7517521381378174,0.5880231857299805,0.25449236649228174,33,reference
587,-0.24461007118225098,0.9244959354400635,0.1218933105649643,11,reference
588,-0.340831995010376,3.0904717445373535,0.4035892602363583,14,reference
590,0.5173636078834534,3.7679226398468018,0.18145620962496883,10,reference
592,0.5562952756881714,-1.4346848726272583,0.2991888039340177,32,reference
593,1.360625982284546,1.2991193532943726,0.13323190998991818,20,reference
594,-3.5921671390533447,-0.554786741733551,0.24349862465829825,16,reference
597,-1.5201441049575806,-3.043111562728882,0.16800758592948334,33,reference
598,2.109889030456543,2.6477274894714355,0.2832721878481024,25,reference
599,-2.430111885070801,2.442852020263672,0.3019798439621154,13,reference
602,0.15864691138267517,-1.382685661315918,0.32301361912069904,27,reference
603,-1.339877724647522,-1.078463077545166,0.24576696153454666,11,reference
604,0.5545589923858643,-0.8317515850067139,0.25866088030106105,30,reference
606,1.538669228553772,0.4195578098297119,0.2061468534542524,28,reference
607,-4.855242729187012,0.30356359481811523,0.3232476751482406,11,reference
608,-0.9182858467102051,0.5839922428131104,0.19410961570123586,12,reference
610,-1.6229398250579834,-3.0579566955566406,0.2023559864320876,26,reference
612,-0.9460511803627014,1.3617609739303589,0.24308745342437055,23,reference
613,1.18551766872406,-0.3204011619091034,0.28021137869094503,25,reference
616,-0.7146897315979004,-1.1119874715805054,0.1998034343344938,18,reference
617,1.2028403282165527,1.879300594329834,0.23170003509587112,13,reference
618,0.03344760835170746,0.745957612991333,0.14380130143515488,12,reference
619,-0.576885461807251,2.6205077171325684,0.3897457425808388,13,reference
620,-0.8495597839355469,4.27325439453125,0.3270492148513749,10,reference
621,-0.7315569519996643,1.371774435043335,0.26042608332207434,13,reference
622,0.030925273895263672,-2.6889522075653076,0.4965996509023291,50,reference
623,-5.281045913696289,1.3959873914718628,0.837241639696489,11,reference
624,-3.1535794734954834,-2.8188271522521973,0.29278788256269594,11,reference
626,-3.5649096965789795,-1.7592732906341553,0.2557834817680711,17,reference
627,-2.336562395095825,3.201143741607666,0.6064393845515785,10,reference
628,-4.329935550689697,-0.25770169496536255,0.3199608793064125,11,reference
630,-1.4308043718338013,0.08039465546607971,0.3212745887908654,14,reference
631,-1.0182005167007446,2.7264652252197266,0.35621352575777676,12,reference
632,-0.57082599401474,-0.4911836087703705,0.19546715916662888,13,reference
636,-0.2849857211112976,0.16093634068965912,0.24770308782048,11,reference
637,-5.579416751861572,-1.2198835611343384,0.8685887073367238,10,reference
638,-1.5958741903305054,-0.3196757435798645,0.22778053461934883,10,reference
639,-0.22098949551582336,0.9001513719558716,0.10675783457411679,11,reference
640,-1.4103686809539795,1.9731862545013428,0.38054694310496107,12,reference
641,-2.7356748580932617,-4.029257774353027,0.391508095147839,31,reference
644,-0.0695817694067955,1.5965206623077393,0.3276457632621512,12,reference
645,2.520003318786621,3.082563638687134,0.2523876921748405,29,reference
646,1.577780842781067,4.110143661499023,0.25738649510363965,16,reference
647,-0.7594054341316223,4.083004951477051,0.3833806303494251,11,reference
650,1.1950528621673584,4.07913875579834,0.22202423061970292,11,reference
651,1.7802996635437012,4.795288562774658,0.34281137416518415,10,reference
652,1.485553503036499,3.1222243309020996,0.25498907159887807,12,reference
653,-0.2410622388124466,0.0011098841205239296,0.2510097873408661,11,reference
654,-1.98793625831604,-0.07721461355686188,0.25211172559316686,10,reference
655,-1.3747806549072266,1.7489936351776123,0.39283531763109797,18,reference
656,2.2306642532348633,3.45428204536438,0.35493705954101584,22,reference
659,0.6608890295028687,0.6014431715011597,0.21935037923362055,17,reference
660,1.166925072669983,0.5616030097007751,0.16336286627282043,26,reference
662,-1.1152427196502686,3.33237361907959,0.3327841137858204,10,reference
663,1.0581433773040771,4.248753070831299,0.2299000457925106,11,reference
664,-2.552870512008667,0.943581759929657,0.265367748650966,18,reference
665,-2.291776180267334,1.3680903911590576,0.3092310489279116,11,reference
666,-0.009118400514125824,2.399155378341675,0.28243288047319204,10,reference
667,-1.6602227687835693,0.6335686445236206,0.3056891424594102,10,reference
668,-2.813154458999634,-0.35070696473121643,0.35696337264459665,10,reference
669,-0.2879442870616913,-1.4557206630706787,0.3109554370886184,24,reference
670,-0.24495001137256622,-1.0778728723526,0.21886743904965178,20,reference
671,-1.1741970777511597,-2.555701971054077,0.21568069250427946,27,reference
672,-2.4617505073547363,-2.6699061393737793,0.2715636776466464,16,reference
673,-2.4145007133483887,0.8249766826629639,0.24382579460833598,13,reference
675,-3.95849871635437,-2.675347089767456,0.3664042850022681,10,reference
677,-2.6471505165100098,1.9863258600234985,0.25351880872201826,14,reference
678,-0.9182858467102051,0.5839922428131104,0.19410961570123586,12,reference
679,0.43087756633758545,2.1427628993988037,0.1491776779689779,16,reference
680,-4.747209548950195,-0.49353039264678955,0.4534395047808642,12,reference
681,1.4554399251937866,3.1740548610687256,0.2408489667025716,12,reference
682,-1.4745910167694092,-2.8367297649383545,0.1825419304246943,25,reference
684,-1.0764838457107544,0.328891783952713,0.1792730417379414,15,reference
685,-4.836389541625977,4.863282680511475,2.403980318099179,35,reference
686,0.8082490563392639,1.3053524494171143,0.1822868880169906,14,reference
687,-2.9212448596954346,1.824859380722046,0.27848506333398665,11,reference
688,2.838970422744751,3.570870876312256,0.19767771599253717,34,reference
689,-3.2901692390441895,-0.9547627568244934,0.30008405211561295,11,reference
690,-2.579359769821167,0.6705260872840881,0.3969417164276351,11,reference
692,1.429120421409607,0.7898837924003601,0.19191883892040235,30,reference
693,0.8408501148223877,0.11707279086112976,0.12094664648144272,28,reference
695,-0.8184197545051575,4.417823791503906,0.34950900032582966,10,reference
696,0.28965941071510315,4.3806376457214355,0.3260304133325977,14,reference
697,-1.2595349550247192,-2.330195665359497,0.2534146468310193,22,reference
698,-1.2570021152496338,3.15327787399292,0.3439434631084156,11,reference
699,-4.590639114379883,-2.763718843460083,0.49185812624436454,11,reference
700,-3.1258349418640137,1.0958541631698608,0.2178143786163882,11,reference
701,-0.004412575624883175,0.4863210618495941,0.2298036838820089,23,reference
702,1.35066819190979,2.773092031478882,0.2169924739505948,16,reference
703,-3.3717477321624756,-0.46880921721458435,0.19665849491140247,12,reference
704,2.6775200366973877,3.3023672103881836,0.1729524796701379,32,reference
705,0.7123558521270752,-0.015517893247306347,0.16336531459375928,25,reference
706,-3.0979135036468506,0.4089965224266052,0.4386384081207834,28,reference
708,-1.436380386352539,3.9290008544921875,0.46637392458838894,11,reference
709,1.0608099699020386,0.22645175457000732,0.16102567817362734,27,reference
710,2.3773837089538574,1.7950847148895264,0.27653000677143913,45,reference
711,2.754281520843506,4.6511077880859375,0.4453376608076203,28,reference
712,0.5173636078834534,3.7679226398468018,0.18145620962496883,10,reference
713,-0.849990963935852,1.5691964626312256,0.2152090340288971,14,reference
714,-3.5371639728546143,-0.29330167174339294,0.2011848640219701,14,reference
715,2.6656103134155273,3.4511454105377197,0.14002177886276398,28,reference
716,1.884955644607544,4.711658477783203,0.3723023774759182,17,reference
718,-1.8395466804504395,-2.372645854949951,0.2361819395852905,26,reference
719,-2.0904624462127686,-1.4176000356674194,0.3371596703164158,19,reference
721,-1.6123051643371582,-0.029378212988376617,0.25677925338494906,12,reference
723,2.554445505142212,6.422667026519775,1.1346691921474206,24,reference
724,-0.23405367136001587,3.894580602645874,0.30363908461697187,14,reference
725,-3.122422933578491,0.959058940410614,0.24519057262401278,20,reference
727,-0.5664387941360474,2.2026429176330566,0.21937226983480407,16,reference
728,-3.115008592605591,-0.6746235489845276,0.23691492463570424,19,reference
730,-2.926527261734009,0.27797672152519226,0.4875788493548562,16,reference
731,0.628092348575592,0.14190995693206787,0.15027174080128947,21,reference
732,-4.689934253692627,0.06247878447175026,0.296985845052629,14,reference
735,-3.337052345275879,-1.3890442848205566,0.23605217181868285,13,reference
736,-3.2092905044555664,-2.4187755584716797,0.27660254824569935,14,reference
738,-3.4550957679748535,0.08406300097703934,0.3957203081419033,20,reference
739,1.5099016427993774,0.7721085548400879,0.20210333826617194,27,reference
741,2.6327483654022217,3.380582809448242,0.1539282299414769,26,reference
742,2.4456183910369873,4.405982494354248,0.35027461451584246,20,reference
743,1.9974457025527954,2.535370111465454,0.31212805770510305,27,reference
745,1.4564627408981323,2.8500237464904785,0.20873557343179622,12,reference
746,0.07897941023111343,2.546922445297241,0.28515579501378696,10,reference
747,-0.577847957611084,2.960456609725952,0.38201784438359154,12,reference
748,-1.9923012256622314,-2.3980255126953125,0.2190546579547931,18,reference
749,1.200882077217102,2.2491354942321777,0.19579946899136008,12,reference
750,1.2405879497528076,4.8738813400268555,0.43416149832406337,14,reference
751,2.8242809772491455,3.6434171199798584,0.19711192503926314,32,reference
752,1.310295820236206,1.5766124725341797,0.13440551551836982,18,reference
753,-1.0050790309906006,1.0429019927978516,0.20178777725257085,13,reference
754,-3.268150568008423,0.38507261872291565,0.43861957800119766,16,reference
756,-2.285517930984497,-3.85996413230896,0.3495486948745167,31,reference
757,-2.8682503700256348,-3.8155086040496826,0.3581439375675309,25,reference
758,-0.1803184449672699,2.2458834648132324,0.2889195690171865,14,reference
759,-1.0481001138687134,2.3237624168395996,0.22123026717722366,11,reference
760,-3.1404619216918945,0.7882668972015381,0.3475084723236077,12,reference
761,0.5202801823616028,4.5454630851745605,0.3183786174557245,10,reference
762,-0.504473865032196,2.2000651359558105,0.21493542373804533,15,reference
763,-0.3747493028640747,2.3490259647369385,0.23907537454136008,18,reference
764,-1.839775800704956,-2.694395065307617,0.27216104112011874,18,reference
766,-3.5473616123199463,-1.7553815841674805,0.25727397937416274,11,reference
767,-4.446059703826904,-4.478372097015381,0.330390681533659,16,reference
768,-3.6693193912506104,0.38437414169311523,0.4200310673068287,20,reference
770,1.243919849395752,0.5673304796218872,0.17557528448295878,24,reference
771,-0.9542917609214783,2.0885279178619385,0.2416319549770977,16,reference
772,-2.9835472106933594,-2.8968052864074707,0.23918408698277033,15,reference
774,-3.451125383377075,-0.3152849078178406,0.1978045284480776,19,reference
775,-2.46549129486084,-0.6732389330863953,0.24536049024117507,12,reference
776,-2.340151309967041,-3.660205125808716,0.3339205806965687,24,reference
777,-3.9858381748199463,0.310472697019577,0.35158128382207926,12,reference
780,-4.660065650939941,-0.06287528574466705,0.3040186033377971,13,reference
781,-2.4903361797332764,1.113479495048523,0.2689801273050092,11,reference
782,1.4661864042282104,0.7952415943145752,0.19631972606477482,24,reference
783,-2.4782328605651855,2.2683613300323486,0.2815982117483429,14,reference
785,3.4596171379089355,3.5863842964172363,0.4935892795184792,42,reference
786,-2.453015089035034,1.3818773031234741,0.2662762808896591,10,reference
787,0.9856409430503845,0.174894779920578,0.12433861138133294,24,reference
788,1.630050539970398,3.78605055809021,0.17751710846598787,20,reference
789,-1.2764707803726196,2.445061206817627,0.29947961084748664,12,reference
790,0.04213395342230797,0.8267337083816528,0.0908018201508361,14,reference
792,-3.212204694747925,-2.4659082889556885,0.2777369467624873,11,reference
793,-4.201931953430176,-1.2845326662063599,0.2769403349415402,12,reference
794,1.3633285760879517,1.7072241306304932,0.1204887951341153,18,reference
795,-1.1152427196502686,3.33237361907959,0.3327841137858204,10,reference
796,-2.143397569656372,-0.4362207353115082,0.3571008542275565,14,reference
797,0.490763396024704,2.1445789337158203,0.17218945251359113,11,reference
800,1.210312843322754,2.3452742099761963,0.19404947318393312,11,reference
802,-1.3880447149276733,3.272881031036377,0.4421427171929712,12,reference
803,0.7222700119018555,3.245346784591675,0.2814196144844605,18,reference
806,-3.7915401458740234,-2.1301708221435547,0.35270862094807576,13,reference
807,0.7620148658752441,3.482757806777954,0.2996673356150769,15,reference
808,1.5846105813980103,3.7610602378845215,0.17809669463412858,18,reference
809,-4.695655345916748,-2.343543767929077,0.3823014117392562,15,reference
810,-3.2081947326660156,1.2654856443405151,0.24450803424224637,12,reference
811,1.3087364435195923,1.0059977769851685,0.2031748840667355,24,reference
812,3.3963570594787598,3.790001630783081,0.4790826639531274,38,reference
813,0.18968647718429565,-0.26314565539360046,0.2126622736362908,18,reference
814,-6.211766719818115,0.41273751854896545,0.7960235072185133,10,reference
815,-5.710531711578369,-2.7265264987945557,0.8183268422657385,10,reference
817,-2.9326183795928955,1.1245465278625488,0.23801968326390124,11,reference
818,-4.484226226806641,1.289672613143921,0.39542458043290957,13,reference
820,-1.2889246940612793,-0.3526719808578491,0.18063816979968483,11,reference
821,1.3742438554763794,4.584261894226074,0.3759323114357258,10,reference
822,0.08295110613107681,0.8304364681243896,0.07385843661344695,10,reference
823,0.48725438117980957,1.5794893503189087,0.22512945098493925,11,reference
824,-3.34962797164917,-0.6446422934532166,0.24063597084378807,14,reference
825,-0.9211590886116028,0.9194530248641968,0.14209931307081103,13,reference
826,0.4110964834690094,1.2048864364624023,0.25615810794085847,16,reference
827,-4.565820217132568,-3.9537408351898193,0.39413641897997165,11,reference
828,-6.829492092132568,0.3462749421596527,1.0848682434023174,10,reference
829,-4.6146650314331055,-2.137690544128418,0.3445728465822532,14,reference
831,2.0297446250915527,4.0060272216796875,0.2335527357884782,17,reference
833,-5.4748077392578125,-0.20242683589458466,0.7347863998124515,12,reference
834,-0.9211590886116028,0.9194530248641968,0.14209931307081103,13,reference
835,0.7818847894668579,0.2158348113298416,0.112205008462579,19,reference
836,-0.6739282608032227,0.7774826288223267,0.17833058348220618,11,reference
838,-3.7528676986694336,-0.29459404945373535,0.2937118263757806,12,reference
839,1.8600890636444092,1.9873813390731812,0.25419040309163243,28,reference
840,-5.121587753295898,0.5385945439338684,0.5383047406622257,10,reference
841,-0.6927462816238403,3.2107982635498047,0.29593212790244694,10,reference
842,-5.401794910430908,-0.6565931439399719,0.7335996495507291,12,reference
844,-0.7387322187423706,3.312518835067749,0.28614908545083073,11,reference
845,1.0760984420776367,3.9207260608673096,0.2541466037086031,10,reference
846,0.38015154004096985,2.2215793132781982,0.14283652422424684,14,reference
847,1.9850165843963623,3.9569530487060547,0.23176370351096268,17,reference
849,2.1686084270477295,2.5908780097961426,0.2874044499789259,23,reference
850,2.07104754447937,3.784883499145508,0.3065927699926301,20,reference
851,-1.911206841468811,0.8153104186058044,0.23266541651929107,12,reference
852,-3.9936580657958984,1.0962247848510742,0.34831850710526024,12,reference
853,-1.2986081838607788,0.5377979278564453,0.2515844040961712,11,reference
854,-5.678128719329834,-3.6654839515686035,0.7588958191131483,12,reference
855,-2.85113525390625,1.0872541666030884,0.2548425773064207,31,reference
856,1.217008352279663,1.401099681854248,0.17934719346530714,18,reference
857,0.8462406396865845,3.8006880283355713,0.2787017048865623,12,reference
858,2.026402235031128,2.8382763862609863,0.2981446823333702,20,reference
860,2.981776475906372,3.226606607437134,0.3684367301842373,39,reference
862,0.044702645391225815,-0.1115674376487732,0.2181517537831103,15,reference
863,0.46762844920158386,-0.5351102948188782,0.220229602883586,29,reference
865,3.675158977508545,3.6045448780059814,0.5592939246647896,48,reference
867,-2.073147773742676,-3.8678290843963623,0.28562629108814985,32,reference
868,1.2323920726776123,1.135750412940979,0.16034483995497065,19,reference
869,-1.8843858242034912,-2.5026957988739014,0.19138454113607878,27,reference
870,1.0053737163543701,0.7014540433883667,0.13208452383032085,19,reference
871,-0.1264307200908661,3.856778860092163,0.2472359312327262,12,reference
872,-4.095800399780273,0.15577028691768646,0.34052962601197745,10,reference
873,1.9499486684799194,4.240710258483887,0.25631361799941993,16,reference
874,-2.7062571048736572,-4.063348293304443,0.4042861883543351,30,reference
876,0.7219231724739075,2.819232702255249,0.22439566445402162,12,reference
877,-0.6506999731063843,3.5886459350585938,0.38653198428266766,15,reference
880,-0.461473673582077,-2.1146445274353027,0.25803645954699944,31,reference
881,-4.429978847503662,-1.919724941253662,0.39497399699605373,11,reference
882,-4.1036295890808105,0.2527600824832916,0.341680237798621,12,reference
883,2.3696253299713135,5.011349678039551,0.5664117818103462,19,reference
884,0.4268184006214142,1.6346752643585205,0.24865404898249374,13,reference
885,1.6480178833007812,3.624091625213623,0.22752202735678917,16,reference
886,0.9546794891357422,2.684795379638672,0.2704606039597657,16,reference
888,2.77482008934021,4.171880722045898,0.384742464035672,28,reference
889,1.7190340757369995,3.950632095336914,0.19544092983597872,16,reference
890,1.3404067754745483,1.6890971660614014,0.1158631130050762,18,reference
891,1.0765140056610107,0.6599698662757874,0.1372268500621236,19,reference
892,-1.2889246940612793,-0.3526719808578491,0.18063816979968483,11,reference
893,-0.32679152488708496,1.9679982662200928,0.27128435998126466,16,reference
894,1.2856781482696533,-1.0615284442901611,0.5353745097547165,42,reference
895,2.08441162109375,3.808509349822998,0.29846675197344796,20,reference
896,-4.695075511932373,0.4735647439956665,0.3690005797339121,13,reference
897,-2.838270425796509,1.3977184295654297,0.25901432500215504,11,reference
898,-3.4988255500793457,-0.2807252109050751,0.2009575418845622,13,reference
899,-0.9255926012992859,-2.628859519958496,0.16366270641521088,32,reference
900,-0.3543812334537506,5.505176544189453,0.7580998718135692,11,reference
901,-0.32636311650276184,-0.28933611512184143,0.21309871551151288,13,reference
902,1.3314101696014404,0.3104744553565979,0.21096245185295515,19,reference
904,-1.671857237815857,3.8490984439849854,0.5167434601685121,12,reference
905,0.054284147918224335,3.287008285522461,0.35070923891131034,19,reference
906,0.500444769859314,2.34161114692688,0.1636263016000915,10,reference
908,-1.8239094018936157,-2.026578187942505,0.22246168174633763,19,reference
910,0.5080680251121521,-0.7001968622207642,0.21555944477655264,19,reference
911,0.5812740325927734,-0.46106958389282227,0.2309387888962695,24,reference
913,0.39935022592544556,4.106472969055176,0.23810823875558826,14,reference
914,-4.611814975738525,0.0010562798706814647,0.30783341261509867,11,reference
916,-2.685727834701538,0.03938315436244011,0.5251015943206976,15,reference
917,-0.5892414450645447,0.24828383326530457,0.31423196897345074,19,reference
918,0.6756657958030701,-0.6359969973564148,0.22287549727064848,24,reference
919,1.3014322519302368,0.6355457901954651,0.1842254324333025,22,reference
921,2.097644090652466,6.114773273468018,0.7850548080835106,22,reference
922,2.7201499938964844,3.4684176445007324,0.13697769282055675,29,reference
923,1.0150114297866821,2.0880377292633057,0.32182190172032527,10,reference
924,1.9027810096740723,1.8501819372177124,0.20893837875555243,26,reference
925,-2.374682903289795,-0.38025856018066406,0.35970175561431433,14,reference
926,-2.01723575592041,0.16342557966709137,0.26600593625995916,10,reference
928,-3.828399896621704,0.3809545338153839,0.3823281566257782,11,reference
931,-3.5926859378814697,1.6273244619369507,0.46992012279900286,10,reference
932,-6.64678430557251,0.4350670874118805,0.9512188208544794,10,reference
933,-7.14011812210083,2.367638349533081,2.0992043714618465,14,reference
934,-4.748877048492432,1.1044856309890747,0.4910499051975479,12,reference
936,0.21045830845832825,-0.4746124744415283,0.2602561109205718,24,reference
937,0.8693749308586121,-0.24335843324661255,0.24693181382239188,23,reference
939,-0.846507728099823,-1.3874844312667847,0.17567154969541432,21,reference
940,-0.8518433570861816,-4.9742231369018555,1.454598251339974,38,reference
942,-3.072956085205078,-4.413240909576416,0.5045739140121215,29,reference
943,-5.394161224365234,-2.8751206398010254,0.6667183769477883,14,reference
945,-1.9956636428833008,0.7721978425979614,0.23103178645629185,13,reference
946,0.45265597105026245,0.42223474383354187,0.22687752892574564,17,reference
948,-4.015474796295166,-0.923682689666748,0.3399954969746525,10,reference
949,-2.6520049571990967,1.4077397584915161,0.23588344125386398,17,reference
950,-0.37852808833122253,-0.15858377516269684,0.23491367793986445,11,reference
951,-1.9058223962783813,-0.17801155149936676,0.24073308259588716,12,reference
952,0.8900368213653564,-0.7268767952919006,0.335629040167558,28,reference
953,-5.379624366760254,-1.3723571300506592,0.7799057737714412,12,reference
954,-0.43497422337532043,-1.8546980619430542,0.20722686005600388,32,reference
955,0.04217764362692833,-0.2687327265739441,0.17930600408966235,19,reference
956,-1.6545907258987427,-1.9469695091247559,0.2998042142758899,18,reference
958,0.3802098333835602,-1.0818320512771606,0.22768611347569712,28,reference
959,-0.7265573740005493,-2.58077073097229,0.22102224668091502,36,reference
960,0.3015148639678955,2.4634766578674316,0.1827200582425798,14,reference
961,-2.742098569869995,-2.919576406478882,0.24332366585517,15,reference
962,-2.441246271133423,-0.5649077892303467,0.2599254158521951,21,reference
964,0.24384966492652893,2.236173152923584,0.19245792497532827,15,reference
965,0.35414984822273254,2.5901670455932617,0.2160571466200394,11,reference
966,-1.1095308065414429,-0.2810054421424866,0.1849788011256273,13,reference
967,-0.1322488933801651,0.19438056647777557,0.189806586361447,11,reference
968,2.606044292449951,3.0462863445281982,0.27632727793641,29,reference
969,-4.451065540313721,-0.913506805896759,0.3423501373020673,11,reference
970,1.6773948669433594,4.001728057861328,0.20016944721423113,15,reference
971,-1.7045390605926514,-3.0688529014587402,0.2490696325572917,27,reference
972,-0.7900373935699463,-2.612821102142334,0.19694161833308568,34,reference
973,0.7940798401832581,0.1139257401227951,0.11531535707962383,22,reference
974,1.1706290245056152,1.3152021169662476,0.17036173247615372,18,reference
975,-0.6503515243530273,-1.5030243396759033,0.18295720406488697,23,reference
976,-0.38997045159339905,1.8017386198043823,0.25346042226729887,16,reference
977,1.512444019317627,2.3574676513671875,0.2768664708491525,17,reference
982,-0.4396776854991913,2.1934540271759033,0.21392868567042395,14,reference
983,0.513421356678009,1.6102503538131714,0.2313665840579549,16,reference
984,-2.815011978149414,2.0375406742095947,0.21225256895002292,10,reference
985,-2.9248504638671875,-3.604215383529663,0.3396455234626973,21,reference
987,-0.671195387840271,-1.7334693670272827,0.2275188519363358,25,reference
988,-0.4951534867286682,-0.7092387676239014,0.18068924351055587,17,reference
990,0.3727462887763977,0.09565419703722,0.22881064087884745,18,reference
991,-2.1998658180236816,-1.7744688987731934,0.26082159673254224,11,reference
992,-2.9476935863494873,-5.2278289794921875,0.9223665241550031,51,reference
993,-3.709679365158081,-2.556851387023926,0.30405271759990365,14,reference
994,-0.2115754336118698,-1.521830439567566,0.31167010621863256,25,reference
995,-3.64890456199646,-1.2160718441009521,0.3156299760944259,11,reference
996,-2.8899335861206055,-0.587425947189331,0.22963687122232201,11,reference
998,-5.543111801147461,-3.228151321411133,0.7125817421804618,10,reference
999,1.4034326076507568,3.468519687652588,0.22231660175344564,11,reference
1001,0.8661884665489197,0.777502179145813,0.19992174237769111,18,reference
1002,0.15801000595092773,2.3217878341674805,0.21857294787999645,16,reference
1003,0.11909458786249161,-0.19504056870937347,0.19750389125655332,18,reference
1004,0.8631889820098877,0.36468926072120667,0.13112944171359897,19,reference
1005,-1.5562714338302612,0.26839762926101685,0.26859535947971386,13,reference
1006,-2.232557773590088,0.13406753540039062,0.3829094058309714,10,reference
1007,-3.6362102031707764,-2.4234442710876465,0.31208027180652964,13,reference
1008,-2.52420973777771,-3.247483015060425,0.2610792118339459,22,reference
1009,-3.1329243183135986,-5.361288547515869,0.9479179724710654,60,reference
1010,-4.389790058135986,1.0244791507720947,0.37655466963863,12,reference
1012,-1.382265329360962,0.7971656918525696,0.373800109137745,11,reference
1014,-1.7235358953475952,2.102686882019043,0.41395220390467435,10,reference
1015,1.1804876327514648,4.125278472900391,0.21749780464249294,13,reference
1017,-2.017834424972534,3.8486289978027344,0.6435915261684411,13,reference
1019,-4.281284332275391,-4.358373165130615,0.3266104080899794,16,reference
1020,-0.061021436005830765,-2.2462058067321777,0.3776138056763948,42,reference
1021,-1.4971288442611694,-3.291027784347534,0.3106743768026476,39,reference
1022,0.32529979944229126,-1.0204360485076904,0.21923404610340022,25,reference
1023,-2.915029287338257,-2.314539670944214,0.2534364452640041,20,reference
1025,0.32752352952957153,3.339296817779541,0.3089369150581321,14,reference
1026,-3.6144094467163086,-1.3858247995376587,0.28096878186357355,10,reference
1028,-4.812442302703857,-4.143580913543701,0.38682742330335707,11,reference
1029,-0.9685715436935425,2.9239115715026855,0.3670096779894557,13,reference
1030,-3.052035331726074,-2.545419216156006,0.2952757111150457,15,reference
1031,0.8846481442451477,5.111230850219727,0.4925928105023404,10,reference
1032,-0.9428431391716003,-2.6353697776794434,0.16641819539798416,30,reference
1034,0.8594014644622803,-0.06448671966791153,0.17862771987976725,21,reference
1035,1.8141956329345703,4.255742073059082,0.2832443458865256,14,reference
1036,-1.97217857837677,-1.7157052755355835,0.2231642131337458,15,reference
1038,-0.6291173100471497,-1.5200203657150269,0.19412830409157905,28,reference
1039,-4.465537071228027,0.7776260375976562,0.4502210832288104,10,reference
1040,-0.9932593703269958,1.6487478017807007,0.2745073899019298,13,reference
1043,-1.478393316268921,-2.979768991470337,0.1465569241419204,36,reference
1044,2.5752170085906982,4.229514122009277,0.3589685608295956,26,reference
1045,1.579186201095581,1.7748130559921265,0.21050860839450708,21,reference
1046,-2.5416858196258545,2.2752134799957275,0.2855678286623119,11,reference
1047,1.6405861377716064,2.744074821472168,0.25161650435071004,17,reference
1048,2.700923204421997,3.811851739883423,0.2162579334914529,29,reference
1049,2.1156466007232666,2.1416332721710205,0.32917256412211227,28,reference
1050,2.2856252193450928,2.990872621536255,0.3348434901654135,31,reference
1051,1.7168262004852295,1.168609619140625,0.19751234785242777,24,reference
1052,-4.1680006980896,-1.1828242540359497,0.2669966099311536,12,reference
1053,0.4423023760318756,0.20175035297870636,0.19305192385321535,18,reference
1054,1.5523931980133057,-2.3191041946411133,0.7736892736444249,55,reference
1055,1.8040891885757446,-2.2231595516204834,0.9006747576604943,58,reference
1056,0.6076284050941467,-2.57710862159729,0.5399122158923002,49,reference
1057,1.0061962604522705,-2.4862747192382812,0.6159160320399537,85,reference
1058,0.798309862613678,-1.8519573211669922,0.4660232978754587,51,reference
1059,-0.5369486808776855,-1.256166696548462,0.23820166528892756,20,reference
1060,-4.435968399047852,-4.313319206237793,0.28713791752606505,16,reference
1062,-2.582277297973633,-2.7593510150909424,0.26937175556215553,18,reference
1063,1.317805528640747,2.699087142944336,0.22479646426144534,17,reference
1064,1.0385750532150269,1.6070290803909302,0.2283188757707802,15,reference
1066,0.9131717085838318,4.297898292541504,0.2941267536842202,14,reference
1068,0.9241324663162231,-2.7833163738250732,0.7291419395561506,69,reference
1069,-5.598300457000732,2.1264700889587402,1.351396324621304,30,reference
1070,0.37102288007736206,-2.236359119415283,0.4179024826035346,38,reference
1071,2.056605815887451,-1.7683621644973755,0.9716412459241248,48,reference
1072,-0.671200156211853,-1.6792922019958496,0.2163583292002976,26,reference
1073,0.94520503282547,1.1419529914855957,0.19411139618041512,18,reference
1074,0.039267852902412415,0.9454590678215027,0.12890786410519023,11,reference
1075,-0.09861820936203003,1.8115602731704712,0.3338975229475266,12,reference
1076,-0.17190515995025635,3.5508387088775635,0.3097676497489448,15,reference
1077,1.0567017793655396,3.2497341632843018,0.31104307027818134,16,reference
1078,0.48358777165412903,4.707086563110352,0.3457786050539394,17,reference
1080,-3.354307174682617,1.027451992034912,0.20811904973338652,14,reference
1081,-0.10335896909236908,0.2955988347530365,0.18221432450034059,14,reference
1082,-1.8863651752471924,-4.442446708679199,0.7039208930538472,50,reference
1083,-3.662003993988037,2.1609344482421875,0.6592585275763594,25,reference
1084,-4.41576623916626,4.216893672943115,1.8013423715344978,32,reference
1085,-3.0199854373931885,-3.0164663791656494,0.25480561747576136,15,reference
1086,1.306905746459961,1.1273584365844727,0.1576734797982078,22,reference
1088,0.18961690366268158,6.103518962860107,0.6403638921215331,18,reference
1089,-0.5654256939888,-0.962636411190033,0.2531233797380247,17,reference
1090,-3.8462753295898438,-1.6493204832077026,0.3076499328799209,17,reference
1091,-2.927035331726074,-1.9120103120803833,0.23355260640921263,13,reference
1093,2.7714056968688965,1.9401100873947144,0.3672383956581829,47,reference
1095,0.14211824536323547,-1.8959732055664062,0.334394954264972,36,reference
1096,-3.6850688457489014,3.289275884628296,1.057871453957047,20,reference
1097,0.8625277280807495,0.43403753638267517,0.15862606153584133,23,reference
1098,-2.2892587184906006,-3.1780316829681396,0.34395650897942953,23,reference
1099,0.6052891612052917,-1.5474333763122559,0.3384604821027495,34,reference
1100,0.4039638936519623,-1.4073387384414673,0.27305034235438713,28,reference
1101,1.6658833026885986,-0.2633315324783325,0.15692334947603268,35,reference
1102,-2.6285128593444824,-3.461785316467285,0.29868971686718615,21,reference
1103,-3.4714865684509277,1.0918277502059937,0.2398063891060877,11,reference
1104,-0.5063459277153015,-1.9021941423416138,0.2229685980403833,28,reference
1105,-0.36986327171325684,-1.7468715906143188,0.227220553631165,29,reference
1106,-1.2720383405685425,2.241762638092041,0.28187548623779796,16,reference
1107,-4.9858880043029785,-1.4723820686340332,0.6262468801925016,12,reference
1109,2.9319400787353516,2.048783779144287,0.4219623729829431,45,reference
1110,1.1504710912704468,0.5495806336402893,0.17002516637556003,23,reference
1111,0.4809623956680298,2.8127176761627197,0.2621707012141042,13,reference
1112,1.4974915981292725,2.7754509449005127,0.21001790923657393,16,reference
1113,-0.13890600204467773,-0.8111546635627747,0.17220744478305752,19,reference
1115,2.267709493637085,3.332585334777832,0.32366507150036117,24,reference
1116,1.887696623802185,0.44835880398750305,0.3053085935803718,37,reference
1119,-0.836381196975708,-1.1876728534698486,0.19021457499211514,16,reference
1121,1.669998049736023,5.241548538208008,0.5211074377876781,15,reference
1122,-3.5888869762420654,-0.7707063555717468,0.2678821470694109,16,reference
1123,-3.051882743835449,-3.504284381866455,0.3394924684845534,20,reference
1125,-4.268455505371094,-5.078058242797852,0.608490146291571,23,reference
1127,-1.1283409595489502,2.333974838256836,0.23990311453127283,10,reference
1128,1.3317875862121582,2.2645108699798584,0.19624538320275237,14,reference
1129,-4.108880996704102,-4.055247783660889,0.4221236639098917,16,reference
1130,-4.631892204284668,-2.07412052154541,0.35806858910893047,10,reference
1131,1.0940918922424316,4.335718631744385,0.26594108555913265,10,reference
1132,-3.8296048641204834,-0.7787972688674927,0.2725928452680608,10,reference
1133,-2.5106842517852783,-1.353930950164795,0.2648957034977218,15,reference
1135,-0.11256452649831772,3.2721657752990723,0.376479281708581,12,reference
1137,1.316635012626648,3.5905601978302,0.26113391812074327,13,reference
1139,-2.2744312286376953,2.4421651363372803,0.2732922995138952,12,reference
1140,-0.9730383157730103,2.156240940093994,0.21988710561737337,14,reference
1141,-1.9176435470581055,2.0709595680236816,0.44261604494996654,15,reference
1142,-4.4951677322387695,-2.330516815185547,0.3681584937825736,17,reference
1143,-3.705777883529663,-3.1790831089019775,0.4567243122715634,11,reference
1144,-0.5540127754211426,1.8249821662902832,0.23419187357387536,12,reference
1145,1.0685206651687622,0.7846016883850098,0.13523531160081173,20,reference
1147,-0.5969904065132141,1.8564568758010864,0.22699536677271864,11,reference
1148,-3.197749376296997,-4.433199405670166,0.529795294366397,29,reference
1149,-1.7439996004104614,1.3871724605560303,0.45613560292607325,14,reference
1151,-5.114901065826416,-4.427914142608643,0.5560646673565273,11,reference
1152,-4.867790699005127,-0.31679144501686096,0.4473263094447561,11,reference
1153,0.881278932094574,1.4264147281646729,0.20579713888951523,14,reference
1154,1.1145108938217163,2.2639927864074707,0.22454954863907994,17,reference
1155,-4.2870588302612305,-4.002322196960449,0.3864210454964181,15,reference
1156,-2.1507906913757324,-3.4758896827697754,0.30992292290136064,29,reference
1157,-4.298863887786865,-4.489768981933594,0.36068921013518995,19,reference
1158,-2.2622735500335693,-1.6158462762832642,0.2805678018005539,10,reference
1160,-0.6537396311759949,1.7216230630874634,0.22813844201096314,11,reference
1162,-3.682112693786621,-0.7756781578063965,0.2618320132291553,11,reference
1163,-2.4128732681274414,0.8215547800064087,0.24465887275757325,10,reference
1165,1.3321486711502075,2.3274612426757812,0.18895135031759916,14,reference
1166,-0.8987696766853333,1.8469703197479248,0.2649518483531133,12,reference
1167,1.5712908506393433,3.264528274536133,0.2596198181096513,14,reference
1168,-0.055776070803403854,4.217757225036621,0.3147779470124503,12,reference
1170,-0.7279401421546936,1.484610915184021,0.2391977145526126,14,reference
1171,-3.006744146347046,-1.1667896509170532,0.21711838632765,12,reference
1172,-0.9211590886116028,0.9194530248641968,0.14209931307081103,13,reference
1173,0.88084477186203,2.820279359817505,0.2732581299266049,12,reference
1174,-3.1193389892578125,-0.9893322587013245,0.24564708041201522,13,reference
1175,0.4172549545764923,3.5604827404022217,0.2500476231437978,12,reference
1176,0.7285455465316772,0.38661763072013855,0.15242348640615822,16,reference
1177,-1.1927465200424194,-0.4800412356853485,0.1504153746720988,11,reference
1178,0.3015148639678955,2.4634766578674316,0.1827200582425798,14,reference
1179,-0.9724991321563721,0.1388620287179947,0.21817862635277863,11,reference
1180,0.8883805871009827,4.1543354988098145,0.2771112351584829,12,reference
1181,0.26984646916389465,2.107913017272949,0.21415612803593584,14,reference
1182,1.2749557495117188,1.7978435754776,0.16529704071196732,17,reference
1183,-0.3747493028640747,2.3490259647369385,0.23907537454136008,18,reference
1188,1.4273393154144287,4.358438968658447,0.3475216487195237,10,reference
1189,1.7484352588653564,1.9563757181167603,0.26237899397500664,23,reference
1190,-0.6739282608032227,0.7774826288223267,0.17833058348220618,11,reference
1191,-2.534092664718628,-1.6666951179504395,0.26163901378366283,10,reference
1193,-3.7091894149780273,-4.15186882019043,0.5571456025040546,23,reference
1194,-0.9851824641227722,-2.4933881759643555,0.18973031220597594,27,reference
1195,-4.272299289703369,1.1588256359100342,0.33920832947909374,30,reference
1196,0.14073970913887024,-2.545212745666504,0.42417837549831827,55,reference
1198,-0.24003909528255463,-1.9402323961257935,0.23081649074503982,28,reference
1199,-1.972513198852539,-3.8672280311584473,0.3035855048195757,40,reference
1200,-1.1335675716400146,-1.0444529056549072,0.1963548176445932,14,reference
1201,-4.435325622558594,-0.9888385534286499,0.3106808675253741,10,reference
1202,-1.3037099838256836,-2.9002933502197266,0.1932916997329858,37,reference
1203,-4.286539077758789,-0.5525049567222595,0.3650124336970605,17,reference
1204,0.7815770506858826,1.3698854446411133,0.2002644088997444,13,reference
1205,-3.9024465084075928,-2.4098966121673584,0.3261370665105917,12,reference
1206,0.4087449908256531,0.5087407231330872,0.23792575429947477,16,reference
1207,-0.7978335618972778,0.06521651893854141,0.2790746766305733,10,reference
1209,-1.180306077003479,-0.6600565910339355,0.2152928657882752,12,reference
1210,-2.0220448970794678,0.7320660948753357,0.2433973905147574,10,reference
1211,-0.7236341238021851,0.9947032928466797,0.134973804723494,10,reference
1212,-1.7958478927612305,-2.6847963333129883,0.2760768188082347,23,reference
1213,-3.0380187034606934,-2.8209545612335205,0.25874186313006287,10,reference
1215,-1.0948680639266968,-1.1056421995162964,0.21561685526227753,14,reference
1216,-2.3905842304229736,-2.3901941776275635,0.32307078836472086,14,reference
1217,0.3770659267902374,1.826796293258667,0.2703436000510622,12,reference
1219,-1.2112611532211304,-1.1151124238967896,0.20720645753689318,13,reference
1220,-1.3032835721969604,-0.9080899953842163,0.23591654590062655,11,reference
1222,-2.9749484062194824,2.409985065460205,0.41476885842680666,12,reference
1223,-2.422905683517456,-2.7711102962493896,0.27973592725060636,19,reference
1225,1.2239410877227783,1.7124245166778564,0.1511480835718565,15,reference
1226,-4.864649772644043,-2.631859540939331,0.4894684586902534,11,reference
1227,-2.8624186515808105,-1.2502636909484863,0.18058857126442066,10,reference
1229,-0.1481138914823532,-0.2987566292285919,0.23336214644579706,16,reference
1230,-0.038322411477565765,0.2791402339935303,0.17472958641899142,10,reference
1231,0.5860236883163452,3.4388318061828613,0.25852400576896895,11,reference
21,-6.840012073516846,0.5383495092391968,0.9094200486496347,11,target
