x,y,category
-23149.660786105414,-32804.16137636756,Retail
-23008.17814778482,-32839.29337432006,Nightlife Spot
-23102.08059262749,-32676.599098182964,Retail
-23039.120942017977,-32764.0945319313,Arts and Entertainment
-23237.852819233725,-32837.036212784195,Retail
-23144.615381818887,-32667.37160307325,Dining and Drinking
-23164.076370859137,-32654.548355617506,Retail
-23018.80959425861,-32887.38512364966,Dining and Drinking
-23033.746157928985,-32750.57656302364,Retail
-23011.597309846144,-32831.82205713874,Dining and Drinking
-23008.661858330004,-32678.340967550354,Retail
-23009.99205362971,-32669.205475721246,Arts and Entertainment
-23187.450589448188,-32868.82324341613,Retail
-23188.849492789956,-32846.8299944381,Dining and Drinking
-23190.614734457704,-32872.19800435979,Retail
-23051.624172407883,-32718.633636048955,Dining and Drinking
-23045.875864495014,-32748.249515979627,Dining and Drinking
-23228.362269858255,-32827.636944897815,Dining and Drinking
-23119.58935279384,-32689.871387187835,Dining and Drinking
-23029.66313726519,-32615.95664833062,Community and Government
-23202.663573214868,-32826.079406224264,Dining and Drinking
-23072.47233256513,-32708.9139139318,Dining and Drinking
-23007.0384471371,-32887.65725925342,Retail
-23212.34323497476,-32694.173586602905,Dining and Drinking
-23285.974234157125,-32814.92069066737,Dining and Drinking
-23202.355858108916,-32628.109905758825,Retail
-23110.72640914135,-32859.11575278692,Retail
-23028.353225289087,-32730.051082891972,Dining and Drinking
-23012.25851388436,-32841.4293124807,Dining and Drinking
-23081.684420245827,-32881.70470400063,Retail
-23204.443968779116,-32684.164583405098,Dining and Drinking
-23241.34186706193,-32871.82380095806,Travel and Transportation
-23033.26574348575,-32752.510936801173,Dining and Drinking
-23039.992779760247,-32725.91301679622,Dining and Drinking
-23100.4833196396,-32840.294184980754,Retail
-23043.444620275553,-32721.3265000763,Nightlife Spot
-23001.54720052234,-32886.93424269865,Dining and Drinking
-23006.796315297564,-32841.02058338676,Nightlife Spot
-23061.90690427812,-32721.69830520227,Arts and Entertainment
-23152.803991116565,-32613.25766305358,Dining and Drinking
-23177.59251257937,-32625.516534838862,Nightlife Spot
-23162.036402347352,-32616.85815659002,Dining and Drinking
-23121.003432508787,-32704.438220959582,Retail
-23147.091858542015,-32707.768013967736,Arts and Entertainment
-23066.778858094232,-32863.89440073192,Retail
-23135.12521395002,-32628.28524817633,Dining and Drinking
-23009.358058780428,-32773.29064435833,Retail
-23210.639629122354,-32825.99176332553,Retail
-23121.378935792814,-32695.417371562817,Retail
-23032.318561695967,-32808.45346993101,Dining and Drinking
-23255.77233474059,-32760.958970605552,Dining and Drinking
-23083.83989303188,-32786.93440659169,Dining and Drinking
-23201.28430247526,-32682.48136141064,Dining and Drinking
-23034.394100944908,-32719.644888730993,Dining and Drinking
-23047.447176743444,-32792.5866614705,Retail
-23002.66842763942,-32798.243349783545,Dining and Drinking
-23002.391144911813,-32827.01668238438,Dining and Drinking
-23003.028546057725,-32763.420814220037,Dining and Drinking
-23184.714421386627,-32613.589763032873,Dining and Drinking
-23129.991815145815,-32614.28363829921,Dining and Drinking
-23053.24577258803,-32680.891621879502,Nightlife Spot
-23103.037455270485,-32781.55258093699,Business and Professional Services
-23178.369202507736,-32737.151805309753,Dining and Drinking
-23110.761640794168,-32709.082979552644,Dining and Drinking
-23064.88246129423,-32777.076328954456,Retail
-23100.17732655878,-32722.615400591974,Travel and Transportation
-23174.422459836096,-32666.36166362979,Retail
-23114.51232070411,-32865.343014406055,Retail
-23189.5656138922,-32638.205006125478,Dining and Drinking
-23067.31821357399,-32711.786196349894,Nightlife Spot
-23008.038436385115,-32807.42369987558,Nightlife Spot
-23103.60635153396,-32810.9477613772,Nightlife Spot
-23248.009341605306,-32768.30156337196,Business and Professional Services
-23290.835167837828,-32795.42840800009,Dining and Drinking
-23004.661274626054,-32813.23716108146,Dining and Drinking
-23051.894136805986,-32854.109121257876,Dining and Drinking
-23011.692644353232,-32805.40113590802,Nightlife Spot
-23048.0955430862,-32778.433130345315,Dining and Drinking
-23051.067292207685,-32708.9827599428,Retail
-23019.289178044113,-32791.45145595673,Dining and Drinking
-23037.36771657475,-32706.63869979663,Nightlife Spot
-23091.36340614857,-32786.67321247668,Retail
-23267.918782276574,-32803.7513772262,Business and Professional Services
-23013.308055107216,-32733.70585493718,Retail
-23055.231595572855,-32799.33244545222,Retail
-23050.49375602612,-32657.139364301576,Retail
-23078.21415726013,-32863.711934178595,Dining and Drinking
-23105.938562615716,-32858.24306159707,Dining and Drinking
-23082.137226363928,-32697.73021372355,Nightlife Spot
-23013.90821658251,-32767.80165685164,Arts and Entertainment
-23108.25179627,-32857.42101786614,Dining and Drinking
-23042.25753637337,-32707.929604725286,Nightlife Spot
-23163.73657589193,-32747.938741988437,Retail
-23134.99720202753,-32737.75427765559,Retail
-23111.37505116692,-32870.985630269235,Dining and Drinking
-23008.103203120598,-32810.35526322501,Dining and Drinking
-23203.883211925575,-32775.859983560105,Dining and Drinking
-23162.76759215431,-32721.686605695784,Dining and Drinking
-23018.749904376815,-32770.67165717883,Dining and Drinking
-23077.953447357977,-32658.820886013018,Business and Professional Services
-23185.501187218888,-32633.57567699729,Dining and Drinking
-23097.537220545815,-32640.706590881276,Retail
-23015.228407793747,-32793.27429281969,Dining and Drinking
-23298.602411104654,-32668.097926745973,Business and Professional Services
-23160.103004183005,-32735.884325021216,Business and Professional Services
-23008.258700802802,-32843.36883015421,Dining and Drinking
-23292.346792079752,-32685.045112439817,Dining and Drinking
-23296.317220612575,-32686.582163810366,Dining and Drinking
-23067.097002998926,-32788.66938926399,Dining and Drinking
-23032.155301364714,-32708.834943434984,Dining and Drinking
-23007.040324448255,-32888.38218847804,Dining and Drinking
-23109.369544043497,-32792.41042247267,Dining and Drinking
-23037.08263251982,-32872.5630185028,Dining and Drinking
-23163.02181451043,-32646.498656930864,Community and Government
-23123.1765523048,-32734.206271315714,Dining and Drinking
-23108.025596785374,-32700.88027416088,Dining and Drinking
-23045.177000651296,-32665.9729672216,Dining and Drinking
-23136.967936164492,-32670.08798163752,Retail
-23004.298078235886,-32725.86215540385,Arts and Entertainment
-23110.94464677376,-32803.053965231054,Retail
-23071.238833949727,-32794.69968695567,Nightlife Spot
-23202.216692160426,-32709.843082651347,Dining and Drinking
-23038.88324164357,-32766.02827948551,Dining and Drinking
-23142.868105442398,-32632.866782753455,Dining and Drinking
-23071.241971596697,-32795.9078898712,Dining and Drinking
-23069.111948605274,-32664.92475631937,Dining and Drinking
-23003.034445350353,-32831.955176137555,Nightlife Spot
-23295.971504249123,-32786.13903354063,Dining and Drinking
-23050.45910110559,-32784.15889602475,Dining and Drinking
-23008.07606814319,-32739.145256278767,Retail
-23049.3288768765,-32733.14391754994,Arts and Entertainment
-23018.461149471732,-32637.121001303083,Community and Government
-23117.087542953766,-32705.849157642668,Dining and Drinking
-23121.70352804881,-32600.411078087887,Dining and Drinking
-23038.739537968315,-32804.208077061965,Dining and Drinking
-23272.06495937837,-32693.506997120174,Retail
-23034.098257199286,-32886.37891929779,Nightlife Spot
-23166.107027871163,-32626.396817230267,Dining and Drinking
-23001.680257505424,-32764.409086860196,Dining and Drinking
-23100.896429861325,-32823.990154056795,Retail
-23120.30776507702,-32842.99123119809,Retail
-23101.56122137005,-32859.657288456845,Retail
-23217.7707876334,-32768.46226067916,Arts and Entertainment
-23060.83820326858,-32830.38421723783,Retail
-23061.003389210135,-32818.04789401656,Retail
-23034.25244293824,-32688.413319299787,Dining and Drinking
-23082.916192664758,-32835.87610494471,Dining and Drinking
-23084.216696894353,-32745.129460479227,Dining and Drinking
-23024.770447374398,-32639.226185669922,Business and Professional Services
-23026.14780983903,-32815.59792406923,Dining and Drinking
-23043.843502776344,-32761.178389818924,Retail
-23038.966783152762,-32704.651353497247,Dining and Drinking
-23022.429179285966,-32691.88732872135,Dining and Drinking
-23033.618461755774,-32888.5549654344,Nightlife Spot
-23002.595024400973,-32718.27744190268,Dining and Drinking
-23234.94249047954,-32698.704054793132,Retail
-23031.70374116534,-32882.02607635889,Travel and Transportation
-23004.053097273245,-32811.30331474594,Dining and Drinking
-23079.771344635,-32838.612327901144,Retail
-23184.000803499086,-32748.782803664362,Nightlife Spot
-23118.632050751457,-32673.44962066541,Dining and Drinking
-23192.61907327866,-32617.261639774908,Dining and Drinking
-23031.66102483239,-32865.54876539631,Retail
-23016.317132241616,-32768.50318677489,Retail
-23000.352025371565,-32773.144406268344,Retail
