z1,z2,cluster_before,cluster_after
2.8638389110565186,4.665508270263672,1,1
-1.711687445640564,-3.365877389907837,6,2
1.4004868268966675,2.9554190635681152,2,1
-1.3111854791641235,-1.9442837238311768,6,6
-2.6691598892211914,-3.0996484756469727,5,5
-0.7978335618972778,0.06521651893854141,0,2
-2.6704134941101074,-3.15215802192688,5,5
0.500444769859314,2.34161114692688,2,2
-1.5753065347671509,0.22988039255142212,7,2
-1.3599494695663452,-1.172729253768921,4,6
-3.425348997116089,-3.681297779083252,5,5
-0.8156953454017639,-0.502046525478363,4,6
-1.119861364364624,-1.9198791980743408,3,6
-0.802034854888916,0.504613995552063,2,2
-2.9751715660095215,-1.8153281211853027,7,2
0.028327861800789833,1.1076953411102295,2,1
-0.6926044821739197,1.8990007638931274,2,2
0.6968701481819153,1.2041902542114258,7,1
-4.153347015380859,-0.4538944363594055,5,4
-3.080085039138794,-2.0342800617218018,5,5
0.2624431848526001,-1.3188153505325317,2,6
-6.840012073516846,0.5383495092391968,4,6
-6.62750244140625,0.33486518263816833,4,6
1.6859724521636963,6.181065082550049,0,0
1.7653387784957886,2.6009321212768555,5,5
-1.7176411151885986,0.5805619359016418,7,2
-0.498920202255249,-0.7941898703575134,2,6
-2.3707637786865234,-1.817521572113037,5,5
1.444379448890686,2.2348875999450684,5,5
-3.2448651790618896,-1.5218905210494995,7,2
-2.2799623012542725,-2.059267520904541,5,6
-1.4756087064743042,-0.31294071674346924,0,6
-3.2715036869049072,-1.1671814918518066,7,2
-3.3956081867218018,-4.0201640129089355,5,5
-2.72029709815979,-1.3824117183685303,7,2
-1.8048055171966553,0.7820104360580444,7,2
-1.9060519933700562,0.3807148337364197,7,3
0.06744587421417236,-0.07610101252794266,0,3
0.08415785431861877,-0.7565864324569702,7,2
-1.5063962936401367,-2.9750022888183594,6,3
-2.7927098274230957,-1.3357490301132202,7,2
1.088057279586792,0.9883869886398315,0,0
-0.30560967326164246,-0.8033506870269775,2,6
-1.1377251148223877,-2.28140926361084,3,2
-4.625354290008545,-1.8407604694366455,5,4
-1.6932470798492432,-0.29582875967025757,4,6
-1.0436923503875732,-0.05820475518703461,7,7
-4.618998050689697,-4.203401565551758,5,5
-2.0552144050598145,-2.031134843826294,5,0
0.22588232159614563,1.697226881980896,2,2
-1.0995477437973022,-0.35725799202919006,4,6
-0.7663861513137817,-1.3184493780136108,3,6
0.11419768631458282,-0.4384555220603943,2,2
-0.8372570872306824,-0.892616868019104,4,6
-2.9970481395721436,-1.4359502792358398,7,7
0.02112726867198944,-0.819804847240448,2,2
-0.6977583765983582,-1.0592893362045288,0,6
-2.733128309249878,1.8201507329940796,0,3
0.6754899024963379,2.8519797325134277,2,2
0.035417020320892334,1.3541219234466553,2,2
1.9377105236053467,0.5585178732872009,1,2
2.151108980178833,1.496817708015442,2,1
2.065737724304199,-0.37063974142074585,1,0
-4.10880184173584,1.3145751953125,7,7
-0.1426568627357483,5.153048992156982,0,7
0.3166813254356384,-2.0589163303375244,6,2
2.6003851890563965,1.744299292564392,6,1
0.9855205416679382,-1.7954961061477661,1,6
-3.499767780303955,-3.0976850986480713,5,5
-1.782386302947998,-2.054715633392334,4,0
-3.2487382888793945,-0.4960305988788605,5,3
0.2527017593383789,-1.0146315097808838,3,6
-0.2151520699262619,-0.8086485266685486,0,2
-0.6186801791191101,-0.649215579032898,0,0
1.477624773979187,2.6935789585113525,5,2
1.7256823778152466,3.971736192703247,2,1
-0.13733069598674774,0.12409947067499161,4,6
-0.4731455147266388,-1.4847065210342407,7,2
-3.159370183944702,-1.301716923713684,5,2
-1.9289054870605469,1.0520833730697632,7,2
-3.689626455307007,-1.9562718868255615,0,2
-3.34024715423584,-1.3236368894577026,2,2
-2.4708359241485596,-1.4220296144485474,0,0
-3.9566051959991455,-3.0482566356658936,5,5
-1.777453064918518,-0.033460259437561035,7,7
0.9180148243904114,1.0304151773452759,7,1
-3.414705991744995,-1.6316139698028564,7,2
-0.009268566034734249,1.4754220247268677,2,2
2.0163073539733887,3.1462459564208984,1,1
-1.2145925760269165,0.4142773151397705,2,2
-1.3758631944656372,-2.624063730239868,6,3
0.13868451118469238,0.30314329266548157,4,6
-2.769235134124756,-1.1724088191986084,5,7
-2.99895977973938,-0.9642754197120667,5,3
-1.4333683252334595,1.6065269708633423,2,3
-3.687610626220703,-2.7212297916412354,5,5
1.4531534910202026,3.4479634761810303,7,1
-2.7709193229675293,-1.2027175426483154,5,7
-0.800097644329071,-2.373739242553711,6,3
1.3626588582992554,0.2973576784133911,3,0
-0.7322385311126709,-0.40204083919525146,4,6
0.34011217951774597,0.2214086353778839,4,3
0.1451309621334076,4.005034446716309,2,2
-0.19236543774604797,-0.41148439049720764,0,6
0.5958829522132874,3.954319477081299,0,1
-2.704840898513794,-1.984910488128662,4,7
-0.727706253528595,4.303690433502197,0,0
1.591933012008667,1.203133463859558,3,7
0.6627600193023682,0.15797904133796692,3,1
-2.023677110671997,-3.1215765476226807,6,5
-0.23101811110973358,-0.9972022771835327,3,6
-1.8616926670074463,-3.046143054962158,6,3
-0.19725260138511658,-0.866535484790802,0,6
-0.03345310315489769,4.161314487457275,2,2
-2.980623483657837,1.858910322189331,7,7
-0.7236341238021851,0.9947032928466797,2,2
0.35987037420272827,-1.817919135093689,3,6
-1.3223053216934204,-0.8041867017745972,4,6
-0.4238283932209015,-1.3391358852386475,7,6
-2.5932276248931885,-2.188300848007202,7,7
-0.7378733158111572,-2.021557331085205,3,6
-0.6295136213302612,-1.283961534500122,4,6
-4.183732509613037,-1.2939285039901733,5,3
-1.5530558824539185,-0.4601795971393585,4,6
-1.1231517791748047,-0.43647781014442444,4,3
-0.5081276297569275,-0.385416716337204,2,6
0.41822350025177,2.411219596862793,2,2
-1.1701076030731201,4.397342205047607,0,0
-2.177333116531372,-1.2490088939666748,4,7
-4.961465358734131,-2.945857048034668,5,5
-2.866349220275879,1.3365477323532104,7,7
0.2941741347312927,0.6206172108650208,2,3
1.0686057806015015,2.6174938678741455,2,2
-0.6725104451179504,3.2788760662078857,7,2
0.5173636078834534,3.7679226398468018,2,2
-2.4756476879119873,-0.8705843687057495,7,3
-4.971411228179932,0.3578961193561554,4,3
-3.9117836952209473,-1.3282784223556519,5,3
1.3100892305374146,1.5902596712112427,0,2
-0.9280439615249634,1.586317539215088,2,2
-0.7078479528427124,0.08946987986564636,4,7
-0.7149282693862915,0.6413723230361938,2,2
-2.8485758304595947,-1.7156331539154053,7,2
-0.5420104265213013,-0.3117622137069702,4,6
0.4590179920196533,-0.5416500568389893,1,2
-4.111420154571533,-2.3395509719848633,5,5
1.6084356307983398,1.5618098974227905,6,2
-2.614454746246338,-1.6487033367156982,5,5
0.44938865303993225,1.353959321975708,2,1
-2.1597888469696045,-0.060799211263656616,7,7
-1.050553560256958,-1.892408847808838,3,6
1.3781005144119263,1.557397723197937,2,2
0.5308923721313477,-0.04458422586321831,7,2
-0.9093226194381714,-0.9082821011543274,4,6
-2.0785017013549805,-3.4254002571105957,6,5
2.6442930698394775,3.174954652786255,1,2
-5.966522216796875,0.4490946829319,4,6
-3.145899534225464,-1.886061191558838,2,2
-2.645052909851074,-2.2977235317230225,4,6
-1.467781901359558,-0.6339218616485596,4,6
-0.08599853515625,-0.04058069735765457,4,6
2.3944528102874756,2.4506895542144775,1,1
0.08295110613107681,0.8304364681243896,0,1
0.761633038520813,0.41053083539009094,7,2
1.3817801475524902,0.20834288001060486,3,0
2.419153928756714,1.7039837837219238,6,2
-0.19598737359046936,-1.072838306427002,7,2
-0.894583523273468,0.7799328565597534,2,2
-2.043348789215088,2.323784351348877,0,2
-2.7254645824432373,-3.1789064407348633,6,5
0.5021445751190186,4.110393524169922,0,1
0.45255139470100403,1.0914223194122314,2,3
-4.134157657623291,-0.13350188732147217,2,4
-0.009268566034734249,1.4754220247268677,2,2
-0.7236341238021851,0.9947032928466797,2,2
-1.081133246421814,-0.517501950263977,4,6
-2.6738064289093018,-0.7118657827377319,7,3
0.42498958110809326,2.671147108078003,0,2
-4.8283281326293945,-4.282198905944824,5,5
-1.1066880226135254,-0.5344029068946838,4,6
-0.7236341238021851,0.9947032928466797,2,2
-1.8164422512054443,-0.1346903294324875,7,7
1.1578539609909058,3.2383382320404053,2,2
-2.9705846309661865,-0.6916338801383972,5,3
-3.140073537826538,-2.1988866329193115,5,5
-0.0023320233449339867,0.3810235261917114,4,6
-0.6587151288986206,-0.13313592970371246,4,6
-2.430818796157837,-1.1003587245941162,5,3
-0.2399521768093109,1.0449680089950562,2,2
0.8206496238708496,0.7061100602149963,7,2
0.4955311119556427,0.8143054246902466,0,1
-0.6644248962402344,4.994075298309326,0,0
-2.6212430000305176,-2.6516871452331543,5,5
-4.276501655578613,-3.0663340091705322,5,5
-5.633059501647949,-4.179874897003174,5,5
-1.0250341892242432,-1.4705263376235962,4,6
-1.924168348312378,-2.035234212875366,5,6
0.09673504531383514,0.8382967710494995,2,1
-2.7855842113494873,-2.2080249786376953,2,2
-1.7480131387710571,4.940369129180908,0,0
0.2805193364620209,0.8487849831581116,2,1
-0.7021905779838562,3.5303003787994385,7,2
-0.2170354425907135,1.6926417350769043,0,3
1.386281967163086,1.3376249074935913,3,3
-6.4427266120910645,-3.2356746196746826,5,5
2.0621895790100098,1.959922432899475,6,2
2.700247049331665,3.18082857131958,2,1
3.6642794609069824,2.6820995807647705,1,1
1.6597368717193604,-1.7244312763214111,1,6
-0.23765715956687927,2.441765308380127,7,2
-0.4788879156112671,-0.2345748245716095,0,0
0.9813299775123596,-0.017675163224339485,2,2
1.4622783660888672,-0.14498038589954376,3,1
0.4950655698776245,-0.580856204032898,3,7
-1.7696917057037354,0.014927566982805729,7,7
-2.0947647094726562,-2.5818121433258057,3,0
2.1145851612091064,4.341560363769531,2,3
1.4115122556686401,3.922332525253296,0,1
0.47479748725891113,1.3901358842849731,4,1
-3.7145869731903076,1.4097800254821777,7,2
-4.191036701202393,2.1224982738494873,6,4
1.0981078147888184,0.2795144021511078,3,1
1.1818336248397827,3.983902931213379,2,1
1.5861893892288208,5.61327600479126,0,0
1.273159146308899,-0.32146063446998596,1,0
1.5353573560714722,-0.2642873227596283,3,0
-2.7459661960601807,-2.2118401527404785,0,2
0.8619844913482666,0.3222580850124359,3,3
-2.2514939308166504,1.0281603336334229,7,7
-1.480841875076294,-0.5512678623199463,4,3
-0.5796838998794556,0.45879292488098145,0,4
2.546821117401123,2.577158212661743,1,2
0.9789690375328064,0.06618152558803558,1,2
-1.118471384048462,-2.578665256500244,6,4
-3.266969919204712,-2.069375991821289,0,2
0.4903409481048584,4.21189546585083,2,1
-2.6520495414733887,3.1712212562561035,0,0
1.9646941423416138,4.488639831542969,2,1
1.1766386032104492,3.3857431411743164,0,3
-3.7687227725982666,-0.5585968494415283,7,3
-2.7820327281951904,1.2745352983474731,7,7
0.4660657048225403,3.6651222705841064,2,2
2.6367578506469727,2.3857357501983643,3,1
0.5249108672142029,-0.17790700495243073,2,3
1.0686057806015015,2.6174938678741455,2,2
0.07897941023111343,2.546922445297241,0,2
-1.2239339351654053,2.7132620811462402,2,2
0.43356412649154663,0.8826879262924194,4,1
-1.574110984802246,1.3956834077835083,7,2
-0.23680569231510162,0.7458551526069641,2,2
2.4484620094299316,2.5238122940063477,1,2
-5.123415470123291,-1.9180091619491577,4,0
-2.895749807357788,2.119688034057617,0,2
-3.6175894737243652,-1.1486804485321045,5,2
1.4178433418273926,1.681127667427063,0,1
-2.1489243507385254,2.3611810207366943,7,7
0.06650256365537643,-0.1659349501132965,2,2
-2.585212230682373,-0.6185135841369629,7,7
-2.926173210144043,-1.102283000946045,0,0
0.8470171093940735,0.2392173409461975,3,2
-2.8585879802703857,-1.2725075483322144,7,2
1.5376794338226318,3.568815231323242,2,1
0.6674250960350037,0.9881733655929565,2,1
-3.390856981277466,3.0767152309417725,0,0
-1.8709791898727417,2.0533127784729004,7,2
0.8462406396865845,3.8006880283355713,2,1
-3.3200392723083496,-0.5055332779884338,5,3
0.8693042993545532,-0.34400612115859985,3,0
-0.43674230575561523,-0.11551574617624283,4,6
-0.870077908039093,0.6336079835891724,2,2
-2.2850005626678467,0.7163622379302979,7,7
-4.550808906555176,-1.0285985469818115,5,4
-0.48142194747924805,0.9440831542015076,2,2
0.7454267144203186,2.86692476272583,2,1
-0.6259927153587341,1.732828140258789,2,2
-3.910510778427124,-0.7683430314064026,5,3
-4.2644362449646,0.423554390668869,2,3
-3.226170778274536,1.190672516822815,7,3
-1.7565975189208984,4.219597339630127,0,0
-1.1941735744476318,-0.9477021098136902,4,6
-0.7889032959938049,4.685987949371338,0,0
1.1650300025939941,6.0933051109313965,4,3
-2.032883644104004,0.14017565548419952,7,3
-1.9867945909500122,0.08578035235404968,7,7
-0.23759406805038452,-1.8362903594970703,2,2
0.9396987557411194,-1.852040410041809,3,2
-1.2955939769744873,-2.038801431655884,0,6
1.7077819108963013,1.0120741128921509,3,1
0.12213409692049026,6.363532066345215,0,4
-0.46915164589881897,7.51587438583374,0,0
2.756016254425049,3.83555269241333,1,1
-2.021765947341919,4.897322177886963,3,0
-4.652028560638428,1.1316112279891968,2,1
-4.346721172332764,-0.2999499440193176,5,5
-3.3871042728424072,1.070854902267456,3,3
-2.121469259262085,2.8202571868896484,7,7
0.08295110613107681,0.8304364681243896,0,1
-0.8341008424758911,-2.167177438735962,6,3
1.4609507322311401,1.2844058275222778,6,3
-4.530487060546875,-4.842287063598633,5,5
-1.8940911293029785,-1.629919409751892,4,6
-0.22098949551582336,0.9001513719558716,2,2
2.723966121673584,3.5083425045013428,1,1
1.3549842834472656,1.1969090700149536,7,3
1.8123853206634521,1.1215953826904297,3,1
1.2933157682418823,0.2490893006324768,3,2
1.5672898292541504,-0.340730220079422,1,0
2.3166794776916504,2.193739175796509,3,1
-1.3831876516342163,3.9175758361816406,0,0
-1.070976972579956,1.1358801126480103,0,2
2.5349197387695312,2.1703906059265137,7,1
2.727715015411377,0.8326004147529602,1,2
-0.8575995564460754,-1.5261482000350952,3,6
1.1152971982955933,2.513371706008911,2,2
-0.6155570149421692,4.427158355712891,0,1
0.4500717520713806,-0.6431645750999451,0,0
-0.3828626275062561,-0.7258428931236267,4,6
-3.4624385833740234,-2.0557796955108643,2,2
-0.7763912677764893,-2.4108452796936035,6,3
0.7040209770202637,0.20953623950481415,2,3
0.37704160809516907,0.8858243823051453,4,6
0.7216238379478455,1.2469632625579834,7,1
-2.2010035514831543,2.531907081604004,7,7
-2.4404149055480957,-0.8470458388328552,7,7
3.776014566421509,2.3020009994506836,1,1
2.821009397506714,3.427097797393799,1,1
2.991955280303955,0.7904823422431946,3,1
2.4584388732910156,-0.16936178505420685,1,0
1.5851542949676514,-0.3528319299221039,1,0
2.7047245502471924,1.6460098028182983,6,2
2.6078174114227295,0.36256343126296997,3,1
-0.7693066596984863,-3.5995376110076904,3,3
-2.0444140434265137,-4.071478843688965,6,3
-2.9215478897094727,-0.5346625447273254,3,7
1.799080729484558,2.862074375152588,7,1
-0.9037022590637207,2.0157840251922607,1,2
-2.6878790855407715,1.36876380443573,7,3
0.9090493321418762,-0.5261355638504028,1,6
-1.0251795053482056,0.18925417959690094,0,2
1.0952502489089966,1.315370798110962,0,2
1.7050071954727173,0.45712876319885254,1,1
0.3555314838886261,-0.9545201063156128,3,2
-2.811843156814575,-2.1060540676116943,2,2
1.5427696704864502,3.748683452606201,2,1
0.025379369035363197,3.5990591049194336,7,2
0.870227575302124,0.7499838471412659,7,3
-3.7637531757354736,-1.2356375455856323,6,3
-3.3658719062805176,2.4253199100494385,7,4
3.8704304695129395,3.047701358795166,1,1
3.032081365585327,2.132272958755493,6,2
2.3983707427978516,-0.2658335566520691,3,0
3.4411168098449707,2.0834572315216064,1,1
1.4900822639465332,-0.5420569181442261,3,0
1.7025314569473267,-0.7715097665786743,3,0
1.6382490396499634,0.8805547952651978,1,0
-1.1200162172317505,1.201908826828003,0,3
-0.22098949551582336,0.9001513719558716,2,2
-1.8204468488693237,-3.835441827774048,6,5
-0.9085994362831116,-2.7059836387634277,6,2
-1.6354520320892334,-2.393033266067505,6,5
-1.6693981885910034,-2.6856849193573,6,3
2.3774874210357666,1.5813777446746826,6,2
3.837707996368408,2.173898458480835,1,1
1.6619021892547607,1.5682010650634766,6,3
0.6537158489227295,0.3276077210903168,2,3
-1.0995477437973022,-0.35725799202919006,4,6
0.8462406396865845,3.8006880283355713,2,1
0.7564184665679932,4.633384704589844,0,1
1.4050514698028564,1.3414324522018433,7,7
0.5676751732826233,-1.6266406774520874,1,6
-0.2591564357280731,0.7499949932098389,4,3
-2.667499303817749,2.0641589164733887,7,7
-2.9498467445373535,2.1591997146606445,7,3
-0.17701388895511627,-0.9608938694000244,0,6
1.78202223777771,1.701735496520996,6,7
1.9920774698257446,1.1874752044677734,3,3
0.9072310924530029,-0.9346171617507935,6,2
0.054243698716163635,-1.628296971321106,3,6
0.793365478515625,-1.102987289428711,3,6
-0.11030863225460052,-1.0835157632827759,3,6
0.15558625757694244,0.43714994192123413,7,7
-0.6737745404243469,-0.3673369586467743,4,6
-1.0995477437973022,-0.35725799202919006,4,6
-1.1914092302322388,-2.902399778366089,6,2
-3.6631715297698975,-5.5573320388793945,6,5
-4.343087196350098,-5.11641263961792,5,5
-4.725541591644287,0.19320063292980194,0,3
0.5814985632896423,4.973482131958008,0,1
-0.3178325593471527,-1.1674567461013794,0,3
2.6783764362335205,3.505937099456787,2,1
2.1073110103607178,5.742770195007324,0,0
1.0626556873321533,6.277335166931152,0,0
0.699940025806427,2.7981553077697754,2,1
0.910712480545044,1.5303881168365479,2,2
-0.7615635395050049,-0.9110578894615173,4,6
2.1128666400909424,1.8033860921859741,1,1
2.087141275405884,-0.02120468020439148,3,1
-3.1030116081237793,-3.3770365715026855,5,5
-2.91511869430542,-4.217116832733154,6,5
2.0509347915649414,1.6672694683074951,3,1
1.7989110946655273,1.4087753295898438,0,1
0.12841451168060303,6.092637062072754,4,3
1.1433435678482056,0.7991849184036255,1,2
-1.2999372482299805,0.5190133452415466,0,3
-1.2025774717330933,-1.8924437761306763,4,3
-2.315028429031372,-2.960561752319336,5,5
-0.1062326580286026,-2.4679417610168457,6,6
-4.2466607093811035,1.9252889156341553,6,4
1.869030475616455,-0.8673651218414307,3,6
3.8696296215057373,2.1176960468292236,3,1
3.3585708141326904,4.372525215148926,1,1
-0.49301770329475403,7.459157943725586,0,0
-1.2688095569610596,-2.1310980319976807,2,6
-1.036232590675354,4.283083438873291,0,0
-0.8164064884185791,-1.1798713207244873,4,3
-0.23680569231510162,0.7458551526069641,2,2
-2.9276082515716553,-0.8119081258773804,5,7
-2.792541265487671,-1.5408601760864258,5,5
-0.908610999584198,-3.895811080932617,3,7
1.5684359073638916,-0.2492610365152359,1,0
1.8198775053024292,1.987357497215271,7,1
1.485155701637268,1.112309217453003,0,3
-1.883733868598938,-1.8260997533798218,4,0
1.851150393486023,3.351781129837036,2,3
-5.553618431091309,-4.153652667999268,5,5
-0.13130255043506622,-1.658007264137268,7,2
-1.9569801092147827,-2.404320001602173,0,2
1.6197800636291504,0.260262131690979,1,0
3.0465550422668457,1.038295030593872,1,1
1.8243753910064697,-0.2213381826877594,1,1
1.6402418613433838,-0.7490886449813843,1,2
3.294198751449585,1.4781049489974976,1,1
3.8277506828308105,3.712097406387329,1,1
2.565110683441162,4.263296127319336,3,1
0.539048969745636,3.0648326873779297,0,1
0.1342325657606125,-0.9534100294113159,1,2
0.023354090750217438,4.328425884246826,7,1
0.7156363129615784,4.700514793395996,0,0
-3.90126895904541,1.2582499980926514,7,2
1.3392585515975952,3.052189826965332,7,7
1.0475994348526,1.7163511514663696,7,1
2.5047061443328857,0.8587826490402222,3,2
0.7119244933128357,0.030704669654369354,1,3
1.6425106525421143,4.7663469314575195,7,1
-1.8216643333435059,-0.9881607890129089,4,3
-2.4771728515625,-1.8731489181518555,5,2
-1.1233974695205688,-1.200047492980957,4,3
-0.036414798349142075,3.763143301010132,0,2
1.82866370677948,0.8933756351470947,1,1
1.6478406190872192,0.30678316950798035,3,2
-0.3713271915912628,-2.288593292236328,6,6
1.4331830739974976,-0.2849994897842407,1,0
1.6709705591201782,4.752263069152832,0,1
2.1159603595733643,4.2202863693237305,0,1
-2.699362277984619,1.2286064624786377,0,3
-3.5125668048858643,-2.5866687297821045,5,5
1.671854853630066,0.4228029251098633,3,1
0.8152726292610168,5.995794773101807,0,0
-0.21229201555252075,-0.7589312195777893,2,6
0.5351862907409668,1.8207944631576538,2,1
-0.038756079971790314,1.0023796558380127,0,2
0.3064388036727905,0.26339778304100037,0,0
-0.7331262826919556,1.249849796295166,2,2
1.0105849504470825,0.7847517132759094,2,1
-2.6256465911865234,1.6290284395217896,7,7
-0.8488193154335022,2.2589967250823975,0,2
-1.9293522834777832,-1.917297124862671,4,6
-0.19607491791248322,-1.8704705238342285,6,3
-1.057830810546875,-3.277803659439087,6,3
-0.8964906930923462,-1.6659284830093384,7,6
4.537820816040039,5.110300540924072,1,1
-4.451065540313721,-0.913506805896759,0,3
-4.339187145233154,-1.2709318399429321,2,3
1.063539981842041,-0.20895227789878845,1,1
2.262826681137085,1.4916960000991821,6,3
1.7065049409866333,1.540189266204834,6,1
1.4062107801437378,2.6511685848236084,2,2
1.091396450996399,-0.010342927649617195,1,2
-2.2247841358184814,1.0115516185760498,0,2
-0.33433955907821655,2.325155258178711,2,2
-1.9919003248214722,0.624855101108551,7,2
-1.2324897050857544,-1.9702666997909546,6,3
-3.2028326988220215,2.033916473388672,7,7
0.5997788906097412,-1.2742658853530884,3,6
3.944361448287964,3.1525919437408447,1,1
1.8732976913452148,0.9216450452804565,1,1
2.5958611965179443,3.784640312194824,0,1
0.4818972051143646,4.008480548858643,0,1
0.43087756633758545,2.1427628993988037,0,1
1.1301066875457764,1.133096694946289,7,7
-1.0679874420166016,0.3194584250450134,4,6
0.028327861800789833,1.1076953411102295,2,1
-2.0312905311584473,3.22804594039917,0,7
-1.0314525365829468,1.8286609649658203,0,2
-0.3623446524143219,-0.7872947454452515,2,6
-1.1271740198135376,-0.643211305141449,4,6
0.24298229813575745,6.548975467681885,0,0
-1.4472979307174683,3.9651107788085938,7,7
1.6853970289230347,1.0365060567855835,3,1
4.295551776885986,4.760076522827148,1,1
0.4679093360900879,2.3845741748809814,2,2
-0.22098949551582336,0.9001513719558716,2,2
0.6444447040557861,0.5736507177352905,7,1
1.535704255104065,0.3053668439388275,1,0
1.8876208066940308,1.6781467199325562,6,2
-1.3314694166183472,-1.0414260625839233,4,6
-0.915935218334198,-1.2298287153244019,4,6
0.9794670343399048,0.1984477937221527,7,2
0.6455698013305664,-0.5049556493759155,2,2
1.5186184644699097,1.8134666681289673,7,1
2.248208999633789,4.1675286293029785,1,1
-1.677167296409607,0.3620041310787201,0,7
-1.9134339094161987,-0.3828161656856537,7,7
-1.27866792678833,-0.9549953937530518,4,6
0.6105942130088806,0.8723613619804382,0,1
2.5265612602233887,4.661227226257324,0,1
-4.69920539855957,1.51308012008667,4,4
-3.8059208393096924,-1.659043550491333,5,5
-0.036414798349142075,3.763143301010132,0,2
-1.6027016639709473,0.1364346146583557,7,7
-0.4933747351169586,-2.117063283920288,6,2
2.5223453044891357,3.2611868381500244,1,1
-3.478381633758545,1.1699570417404175,6,5
2.687467336654663,3.4489142894744873,2,1
-3.791440486907959,1.1077431440353394,0,3
-1.914446473121643,0.4807698130607605,7,7
-0.7613927125930786,-1.3973064422607422,3,6
1.5509521961212158,5.055580139160156,0,1
-0.3049321472644806,5.195106506347656,0,0
1.7823054790496826,0.2362448275089264,1,6
2.6150803565979004,5.438963890075684,1,3
-0.9651898741722107,-2.3093180656433105,6,6
1.3217895030975342,0.3969338536262512,3,7
0.7922555208206177,7.218010425567627,3,0
-3.2978501319885254,-2.1692233085632324,5,5
-1.3259601593017578,-2.9557971954345703,6,2
-0.7314037680625916,2.2247369289398193,2,2
-0.2582852840423584,-0.6287005543708801,2,6
-4.108696460723877,-1.8889079093933105,5,2
-1.4946871995925903,-2.8090665340423584,6,3
-0.8261895179748535,-2.3137576580047607,6,6
-2.043302536010742,-3.537998914718628,6,5
3.5158514976501465,3.915982484817505,1,1
2.594515085220337,3.867248058319092,2,1
-3.2710516452789307,-1.939022421836853,7,7
-0.6730278730392456,0.6050010323524475,0,2
-3.5988433361053467,-0.21398092806339264,7,7
-1.4889132976531982,2.372058391571045,0,2
-0.8348198533058167,2.337343692779541,2,3
-1.3416032791137695,2.890265703201294,7,2
1.2635060548782349,0.876204788684845,3,7
-0.7331262826919556,1.249849796295166,2,2
-1.055769443511963,0.659688413143158,0,2
-1.8807768821716309,0.4299865663051605,7,7
-2.109020233154297,-2.5120139122009277,5,5
-2.8591883182525635,-4.398416519165039,6,5
-3.4335832595825195,-3.396550178527832,5,5
1.026784062385559,1.1956849098205566,7,3
0.26984646916389465,2.107913017272949,2,2
0.3498075008392334,3.1679391860961914,0,2
-1.9657152891159058,2.393314838409424,7,3
-2.217602491378784,1.4270504713058472,7,7
-2.697356939315796,-3.444549560546875,6,5
-0.2210267335176468,5.110467433929443,0,0
0.832550585269928,4.785244941711426,0,1
0.8700553774833679,0.1744101643562317,7,2
1.4752393960952759,0.6324042081832886,1,1
1.5516571998596191,-0.15811346471309662,1,2
-1.3098902702331543,-2.5873444080352783,6,2
-0.4292278587818146,-2.482273578643799,6,2
-1.9196507930755615,-1.841135859489441,5,6
0.18894271552562714,0.8741282224655151,4,6
-1.0764838457107544,0.328891783952713,0,2
1.8428196907043457,0.945452868938446,1,1
0.8712217211723328,0.5889383554458618,7,4
0.7222700119018555,3.245346784591675,2,2
-3.2282183170318604,1.5000114440917969,7,7
-2.1339943408966064,0.9580744504928589,7,2
2.110987901687622,1.393178105354309,1,2
1.0017091035842896,0.7750004529953003,3,3
2.693942070007324,1.3880819082260132,3,1
-0.5651822686195374,-2.2679665088653564,6,6
1.5112099647521973,-0.09642476588487625,1,0
-0.4378199875354767,7.6527419090271,0,0
-2.90299391746521,-3.024446487426758,5,5
1.7517521381378174,0.5880231857299805,6,2
0.11025650799274445,5.485302925109863,0,0
-0.24461007118225098,0.9244959354400635,2,2
-0.340831995010376,3.0904717445373535,7,3
0.4809623956680298,2.8127176761627197,0,2
0.5173636078834534,3.7679226398468018,2,2
-1.6602227687835693,0.6335686445236206,7,2
0.5562952756881714,-1.4346848726272583,1,6
1.360625982284546,1.2991193532943726,2,3
-3.5921671390533447,-0.554786741733551,5,3
-0.8397420644760132,0.37268802523612976,0,2
-0.3809569180011749,-1.1147655248641968,0,6
-1.5201441049575806,-3.043111562728882,6,5
2.109889030456543,2.6477274894714355,6,1
-2.430111885070801,2.442852020263672,0,0
-0.9948136806488037,1.4094369411468506,2,2
-2.349153518676758,-2.659860610961914,5,5
0.15864691138267517,-1.382685661315918,2,2
-1.339877724647522,-1.078463077545166,4,6
0.5545589923858643,-0.8317515850067139,7,2
1.958497166633606,-0.5659711360931396,1,0
1.538669228553772,0.4195578098297119,3,1
-4.855242729187012,0.30356359481811523,4,7
-0.9182858467102051,0.5839922428131104,2,2
-1.432210087776184,0.4985906183719635,7,2
-1.6229398250579834,-3.0579566955566406,3,3
2.593780994415283,2.980794906616211,2,1
-0.9460511803627014,1.3617609739303589,1,2
1.18551766872406,-0.3204011619091034,3,0
2.544205904006958,4.299045085906982,1,1
-3.4161248207092285,1.2343876361846924,3,3
-0.7146897315979004,-1.1119874715805054,3,7
1.2028403282165527,1.879300594329834,5,5
0.03344760835170746,0.745957612991333,0,1
-0.576885461807251,2.6205077171325684,2,2
-0.8495597839355469,4.27325439453125,7,7
-0.7315569519996643,1.371774435043335,2,2
0.030925273895263672,-2.6889522075653076,3,3
-5.281045913696289,1.3959873914718628,4,3
-3.1535794734954834,-2.8188271522521973,4,3
-1.2964532375335693,-0.7536100149154663,4,6
-3.5649096965789795,-1.7592732906341553,5,2
-2.336562395095825,3.201143741607666,7,7
-4.329935550689697,-0.25770169496536255,7,2
-1.1204320192337036,-2.4261515140533447,3,2
-1.4308043718338013,0.08039465546607971,2,3
-1.0182005167007446,2.7264652252197266,2,2
-0.57082599401474,-0.4911836087703705,0,0
-1.9503918886184692,-1.7740641832351685,4,6
-3.4018242359161377,-2.469604015350342,2,2
0.47887948155403137,1.1562138795852661,2,1
-0.2849857211112976,0.16093634068965912,4,6
-5.579416751861572,-1.2198835611343384,5,5
-1.5958741903305054,-0.3196757435798645,4,6
-0.22098949551582336,0.9001513719558716,2,2
-1.4103686809539795,1.9731862545013428,2,3
-2.7356748580932617,-4.029257774353027,6,5
-2.4512927532196045,-3.4021995067596436,6,3
2.687467336654663,3.4489142894744873,2,1
-0.0695817694067955,1.5965206623077393,2,2
2.520003318786621,3.082563638687134,1,2
1.577780842781067,4.110143661499023,7,1
-0.7594054341316223,4.083004951477051,7,7
-3.5684704780578613,-0.8980479836463928,7,2
-1.1381105184555054,0.2019895762205124,2,6
1.1950528621673584,4.07913875579834,2,1
1.7802996635437012,4.795288562774658,2,3
1.485553503036499,3.1222243309020996,2,3
-0.2410622388124466,0.0011098841205239296,4,6
-1.98793625831604,-0.07721461355686188,7,7
-1.3747806549072266,1.7489936351776123,0,2
2.2306642532348633,3.45428204536438,2,1
-2.9506804943084717,-3.7318501472473145,6,5
0.0066381110809743404,2.124281406402588,2,2
0.6608890295028687,0.6014431715011597,7,7
1.166925072669983,0.5616030097007751,7,3
-3.977116823196411,-3.617957592010498,5,5
-1.1152427196502686,3.33237361907959,7,2
1.0581433773040771,4.248753070831299,2,1
-2.552870512008667,0.943581759929657,7,3
-2.291776180267334,1.3680903911590576,7,7
-0.009118400514125824,2.399155378341675,2,2
-1.6602227687835693,0.6335686445236206,7,2
-2.813154458999634,-0.35070696473121643,2,2
-0.2879442870616913,-1.4557206630706787,2,2
-0.24495001137256622,-1.0778728723526,7,2
-1.1741970777511597,-2.555701971054077,6,6
-2.4617505073547363,-2.6699061393737793,5,0
-2.4145007133483887,0.8249766826629639,7,3
-3.4253482818603516,-3.776698589324951,5,5
-3.95849871635437,-2.675347089767456,5,5
-0.9918196797370911,3.802827835083008,0,0
-2.6471505165100098,1.9863258600234985,7,2
-0.9182858467102051,0.5839922428131104,2,2
0.43087756633758545,2.1427628993988037,0,1
-4.747209548950195,-0.49353039264678955,5,5
1.4554399251937866,3.1740548610687256,7,1
-1.4745910167694092,-2.8367297649383545,6,2
0.8067170977592468,4.906635761260986,0,1
-1.0764838457107544,0.328891783952713,0,2
-4.836389541625977,4.863282680511475,3,4
0.8082490563392639,1.3053524494171143,7,7
-2.9212448596954346,1.824859380722046,7,7
2.838970422744751,3.570870876312256,1,2
-3.2901692390441895,-0.9547627568244934,5,3
-2.579359769821167,0.6705260872840881,7,7
-3.544484853744507,2.4507944583892822,4,4
1.429120421409607,0.7898837924003601,3,0
0.8408501148223877,0.11707279086112976,1,3
0.5466312170028687,-0.1473986804485321,1,2
-0.8184197545051575,4.417823791503906,0,1
0.28965941071510315,4.3806376457214355,0,0
-1.2595349550247192,-2.330195665359497,7,2
-1.2570021152496338,3.15327787399292,0,0
-4.590639114379883,-2.763718843460083,5,3
-3.1258349418640137,1.0958541631698608,7,3
-0.004412575624883175,0.4863210618495941,7,2
1.35066819190979,2.773092031478882,0,0
-3.3717477321624756,-0.46880921721458435,7,7
2.6775200366973877,3.3023672103881836,1,1
0.7123558521270752,-0.015517893247306347,3,2
-3.0979135036468506,0.4089965224266052,3,7
-2.1927895545959473,4.339552879333496,0,0
-1.436380386352539,3.9290008544921875,7,7
1.0608099699020386,0.22645175457000732,1,2
2.3773837089538574,1.7950847148895264,6,3
2.754281520843506,4.6511077880859375,1,0
0.5173636078834534,3.7679226398468018,2,2
-0.849990963935852,1.5691964626312256,2,3
-3.5371639728546143,-0.29330167174339294,7,3
2.6656103134155273,3.4511454105377197,1,1
1.884955644607544,4.711658477783203,0,1
0.5316591858863831,1.2411751747131348,2,2
-1.8395466804504395,-2.372645854949951,6,5
-2.0904624462127686,-1.4176000356674194,5,5
-2.105090856552124,-0.26199987530708313,7,7
-1.6123051643371582,-0.029378212988376617,7,7
0.5395257472991943,0.23089520633220673,0,2
2.554445505142212,6.422667026519775,1,3
-0.23405367136001587,3.894580602645874,0,0
-3.122422933578491,0.959058940410614,3,3
2.63556170463562,3.4609334468841553,2,1
-0.5664387941360474,2.2026429176330566,2,3
-3.115008592605591,-0.6746235489845276,7,2
-1.0994336605072021,3.121291399002075,0,2
-2.926527261734009,0.27797672152519226,7,3
0.628092348575592,0.14190995693206787,7,2
-4.689934253692627,0.06247878447175026,2,3
-2.693190813064575,1.605738639831543,7,3
-2.756138324737549,-2.8475711345672607,6,2
-3.337052345275879,-1.3890442848205566,7,2
-3.2092905044555664,-2.4187755584716797,5,5
-4.087412357330322,-2.2440712451934814,5,5
-3.4550957679748535,0.08406300097703934,6,3
1.5099016427993774,0.7721085548400879,7,1
0.7455538511276245,3.187950849533081,2,2
2.6327483654022217,3.380582809448242,1,1
2.4456183910369873,4.405982494354248,0,1
1.9974457025527954,2.535370111465454,6,2
-3.218446731567383,0.5455563068389893,7,4
1.4564627408981323,2.8500237464904785,5,2
0.07897941023111343,2.546922445297241,0,2
-0.577847957611084,2.960456609725952,2,2
-1.9923012256622314,-2.3980255126953125,5,5
1.200882077217102,2.2491354942321777,5,5
1.2405879497528076,4.8738813400268555,0,1
2.8242809772491455,3.6434171199798584,1,1
1.310295820236206,1.5766124725341797,2,3
-1.0050790309906006,1.0429019927978516,2,2
-3.268150568008423,0.38507261872291565,7,7
-0.9459641575813293,1.052628517150879,2,2
-2.285517930984497,-3.85996413230896,6,5
-2.8682503700256348,-3.8155086040496826,6,5
-0.1803184449672699,2.2458834648132324,2,2
-1.0481001138687134,2.3237624168395996,2,3
-3.1404619216918945,0.7882668972015381,2,4
0.5202801823616028,4.5454630851745605,7,7
-0.504473865032196,2.2000651359558105,2,3
-0.3747493028640747,2.3490259647369385,2,2
-1.839775800704956,-2.694395065307617,2,2
1.1371309757232666,3.246980667114258,2,2
-3.5473616123199463,-1.7553815841674805,5,5
-4.446059703826904,-4.478372097015381,5,5
-3.6693193912506104,0.38437414169311523,6,3
-4.1676411628723145,-3.48569917678833,5,5
1.243919849395752,0.5673304796218872,7,2
-0.9542917609214783,2.0885279178619385,2,2
-2.9835472106933594,-2.8968052864074707,5,5
1.0398805141448975,0.3846726715564728,7,7
-3.451125383377075,-0.3152849078178406,6,3
-2.46549129486084,-0.6732389330863953,7,3
-2.340151309967041,-3.660205125808716,6,3
-3.9858381748199463,0.310472697019577,7,4
-1.8511176109313965,1.7281739711761475,7,2
1.368546485900879,2.125465154647827,5,1
-4.660065650939941,-0.06287528574466705,5,3
-2.4903361797332764,1.113479495048523,7,3
1.4661864042282104,0.7952415943145752,2,1
-2.4782328605651855,2.2683613300323486,7,7
0.9520796537399292,1.4860866069793701,4,1
3.4596171379089355,3.5863842964172363,1,1
-2.453015089035034,1.3818773031234741,7,7
0.9856409430503845,0.174894779920578,1,3
1.630050539970398,3.78605055809021,1,2
-1.2764707803726196,2.445061206817627,2,2
0.04213395342230797,0.8267337083816528,2,2
-4.314543724060059,0.7461718916893005,7,3
-3.212204694747925,-2.4659082889556885,2,2
-4.201931953430176,-1.2845326662063599,5,3
1.3633285760879517,1.7072241306304932,5,3
-1.1152427196502686,3.33237361907959,7,2
-2.143397569656372,-0.4362207353115082,7,7
0.490763396024704,2.1445789337158203,2,3
0.9071141481399536,2.8326799869537354,7,2
-4.009652137756348,1.089309811592102,2,3
1.210312843322754,2.3452742099761963,5,5
-3.2081947326660156,1.2654856443405151,7,3
-1.3880447149276733,3.272881031036377,0,1
0.7222700119018555,3.245346784591675,2,2
-0.886518120765686,2.5775203704833984,2,2
-3.963456392288208,-0.1711111068725586,0,4
-3.7915401458740234,-2.1301708221435547,5,2
0.7620148658752441,3.482757806777954,2,2
1.5846105813980103,3.7610602378845215,2,1
-4.695655345916748,-2.343543767929077,5,5
-3.2081947326660156,1.2654856443405151,7,3
1.3087364435195923,1.0059977769851685,6,2
3.3963570594787598,3.790001630783081,1,1
0.18968647718429565,-0.26314565539360046,2,2
-6.211766719818115,0.41273751854896545,4,6
-5.710531711578369,-2.7265264987945557,5,5
1.6042945384979248,1.4816465377807617,7,3
-2.9326183795928955,1.1245465278625488,7,3
-4.484226226806641,1.289672613143921,4,7
0.1853233426809311,-0.6342698335647583,7,7
-1.2889246940612793,-0.3526719808578491,4,3
1.3742438554763794,4.584261894226074,2,1
0.08295110613107681,0.8304364681243896,0,1
0.48725438117980957,1.5794893503189087,2,1
-3.34962797164917,-0.6446422934532166,7,2
-0.9211590886116028,0.9194530248641968,2,2
0.4110964834690094,1.2048864364624023,2,2
-4.565820217132568,-3.9537408351898193,5,5
-6.829492092132568,0.3462749421596527,4,6
-4.6146650314331055,-2.137690544128418,5,5
2.0197033882141113,2.3961541652679443,3,1
2.0297446250915527,4.0060272216796875,2,1
-2.19123911857605,-1.5409761667251587,4,3
-5.4748077392578125,-0.20242683589458466,0,0
-0.9211590886116028,0.9194530248641968,2,2
0.7818847894668579,0.2158348113298416,7,2
-0.6739282608032227,0.7774826288223267,0,2
-1.0192824602127075,-0.7637665867805481,0,6
-3.7528676986694336,-0.29459404945373535,7,4
1.8600890636444092,1.9873813390731812,6,5
-5.121587753295898,0.5385945439338684,4,6
-0.6927462816238403,3.2107982635498047,2,2
-5.401794910430908,-0.6565931439399719,5,3
-1.7159903049468994,4.158679962158203,0,0
-0.7387322187423706,3.312518835067749,7,2
1.0760984420776367,3.9207260608673096,2,1
0.38015154004096985,2.2215793132781982,2,1
1.9850165843963623,3.9569530487060547,2,1
1.7190340757369995,3.950632095336914,2,1
2.1686084270477295,2.5908780097961426,7,1
2.07104754447937,3.784883499145508,1,1
-1.911206841468811,0.8153104186058044,0,2
-3.9936580657958984,1.0962247848510742,7,2
-1.2986081838607788,0.5377979278564453,4,6
-5.678128719329834,-3.6654839515686035,5,5
-2.85113525390625,1.0872541666030884,7,7
1.217008352279663,1.401099681854248,7,7
0.8462406396865845,3.8006880283355713,2,1
2.026402235031128,2.8382763862609863,0,3
3.1659018993377686,3.5732080936431885,1,1
2.981776475906372,3.226606607437134,1,1
1.7201069593429565,3.023592233657837,7,1
0.044702645391225815,-0.1115674376487732,7,2
0.46762844920158386,-0.5351102948188782,2,2
1.9753886461257935,3.5135180950164795,7,3
3.675158977508545,3.6045448780059814,1,1
2.108936309814453,2.2392499446868896,1,3
-2.073147773742676,-3.8678290843963623,6,3
1.2323920726776123,1.135750412940979,7,1
-1.8843858242034912,-2.5026957988739014,6,5
1.0053737163543701,0.7014540433883667,7,1
-0.1264307200908661,3.856778860092163,0,0
-4.095800399780273,0.15577028691768646,5,4
1.9499486684799194,4.240710258483887,0,1
-2.7062571048736572,-4.063348293304443,6,5
-2.9188833236694336,-3.109851837158203,5,5
0.7219231724739075,2.819232702255249,2,1
-0.6506999731063843,3.5886459350585938,7,7
1.5399941205978394,3.671085834503174,2,1
-4.157890796661377,-0.4516024589538574,2,2
-0.461473673582077,-2.1146445274353027,6,2
-4.429978847503662,-1.919724941253662,5,5
-4.1036295890808105,0.2527600824832916,5,4
2.3696253299713135,5.011349678039551,0,4
0.4268184006214142,1.6346752643585205,2,4
1.6480178833007812,3.624091625213623,0,1
0.9546794891357422,2.684795379638672,2,2
1.0973924398422241,0.5202651023864746,2,1
2.77482008934021,4.171880722045898,1,1
1.7190340757369995,3.950632095336914,2,1
1.3404067754745483,1.6890971660614014,0,3
1.0765140056610107,0.6599698662757874,7,3
-1.2889246940612793,-0.3526719808578491,4,3
-0.32679152488708496,1.9679982662200928,2,2
1.2856781482696533,-1.0615284442901611,1,2
2.08441162109375,3.808509349822998,2,1
-4.695075511932373,0.4735647439956665,2,2
-2.838270425796509,1.3977184295654297,7,7
-3.4988255500793457,-0.2807252109050751,7,3
-0.9255926012992859,-2.628859519958496,6,3
-0.3543812334537506,5.505176544189453,0,0
-0.32636311650276184,-0.28933611512184143,4,3
1.3314101696014404,0.3104744553565979,0,0
0.09569122642278671,4.734685897827148,0,0
-1.671857237815857,3.8490984439849854,7,7
0.054284147918224335,3.287008285522461,0,2
0.500444769859314,2.34161114692688,2,2
2.8002662658691406,3.578238010406494,1,1
-1.8239094018936157,-2.026578187942505,6,4
-3.3309638500213623,1.7760666608810425,0,3
0.5080680251121521,-0.7001968622207642,1,0
0.5812740325927734,-0.46106958389282227,6,2
0.47268015146255493,-0.16912317276000977,1,2
0.39935022592544556,4.106472969055176,7,7
-4.611814975738525,0.0010562798706814647,2,2
-2.5784683227539062,-2.1630778312683105,5,5
-2.685727834701538,0.03938315436244011,7,7
-0.5892414450645447,0.24828383326530457,0,2
0.6756657958030701,-0.6359969973564148,1,2
1.3014322519302368,0.6355457901954651,3,1
0.2864172160625458,1.0690628290176392,0,1
2.097644090652466,6.114773273468018,1,0
2.7201499938964844,3.4684176445007324,1,1
1.0150114297866821,2.0880377292633057,2,1
1.9027810096740723,1.8501819372177124,6,3
-2.374682903289795,-0.38025856018066406,7,4
-2.01723575592041,0.16342557966709137,4,3
-4.387597560882568,0.6728993058204651,4,3
-3.828399896621704,0.3809545338153839,2,4
-4.152143955230713,0.0690990537405014,2,4
-2.123986005783081,2.2302913665771484,7,2
-3.5926859378814697,1.6273244619369507,7,3
-6.64678430557251,0.4350670874118805,4,6
-7.14011812210083,2.367638349533081,4,3
-4.748877048492432,1.1044856309890747,4,6
-2.860813617706299,-0.8546637892723083,7,7
0.21045830845832825,-0.4746124744415283,3,3
0.8693749308586121,-0.24335843324661255,1,2
-0.3597748279571533,-0.9901676177978516,7,6
-0.846507728099823,-1.3874844312667847,4,6
-0.8518433570861816,-4.9742231369018555,3,0
0.10081873834133148,-1.6854029893875122,3,0
-3.072956085205078,-4.413240909576416,6,5
-5.394161224365234,-2.8751206398010254,5,0
-2.8305294513702393,-0.6468834280967712,7,7
-1.9956636428833008,0.7721978425979614,7,7
0.45265597105026245,0.42223474383354187,0,3
-0.4878876805305481,-0.8793625831604004,4,6
-4.015474796295166,-0.923682689666748,5,3
-2.6520049571990967,1.4077397584915161,7,7
-0.37852808833122253,-0.15858377516269684,4,6
-1.9058223962783813,-0.17801155149936676,7,7
0.8900368213653564,-0.7268767952919006,3,6
-5.379624366760254,-1.3723571300506592,5,5
-0.43497422337532043,-1.8546980619430542,7,3
0.04217764362692833,-0.2687327265739441,3,7
-1.6545907258987427,-1.9469695091247559,5,6
-1.7421221733093262,-2.6945347785949707,0,3
0.3802098333835602,-1.0818320512771606,1,2
-0.7265573740005493,-2.58077073097229,6,3
0.3015148639678955,2.4634766578674316,2,2
-2.742098569869995,-2.919576406478882,5,5
-2.441246271133423,-0.5649077892303467,6,4
-0.1030707061290741,-2.051362991333008,6,2
0.24384966492652893,2.236173152923584,2,3
0.35414984822273254,2.5901670455932617,7,2
-1.1095308065414429,-0.2810054421424866,2,6
-0.1322488933801651,0.19438056647777557,4,6
2.606044292449951,3.0462863445281982,2,2
-4.451065540313721,-0.913506805896759,0,3
1.6773948669433594,4.001728057861328,2,1
-1.7045390605926514,-3.0688529014587402,6,2
-0.7900373935699463,-2.612821102142334,6,3
0.7940798401832581,0.1139257401227951,3,3
1.1706290245056152,1.3152021169662476,7,2
-0.6503515243530273,-1.5030243396759033,2,6
-0.38997045159339905,1.8017386198043823,0,2
1.512444019317627,2.3574676513671875,5,5
-3.4167990684509277,-0.49074873328208923,0,3
-2.273380994796753,-2.1968915462493896,5,5
-3.709092855453491,-3.18353009223938,5,5
-3.8528854846954346,-0.7585657238960266,6,3
-0.4396776854991913,2.1934540271759033,2,3
0.513421356678009,1.6102503538131714,2,1
-2.815011978149414,2.0375406742095947,7,2
-2.9248504638671875,-3.604215383529663,5,5
-2.387474298477173,1.4771181344985962,3,2
-0.671195387840271,-1.7334693670272827,3,3
-0.4951534867286682,-0.7092387676239014,0,6
-0.27565017342567444,-1.9942885637283325,3,7
0.3727462887763977,0.09565419703722,2,2
-2.1998658180236816,-1.7744688987731934,4,6
-2.9476935863494873,-5.2278289794921875,6,5
-3.709679365158081,-2.556851387023926,5,5
-0.2115754336118698,-1.521830439567566,6,3
-3.64890456199646,-1.2160718441009521,5,2
-2.8899335861206055,-0.587425947189331,5,7
-1.6375861167907715,4.553408622741699,0,0
-5.543111801147461,-3.228151321411133,5,4
1.4034326076507568,3.468519687652588,2,1
-3.3411476612091064,-3.0793375968933105,5,5
0.8661884665489197,0.777502179145813,0,1
0.15801000595092773,2.3217878341674805,2,2
0.11909458786249161,-0.19504056870937347,7,6
0.8631889820098877,0.36468926072120667,7,2
-1.5562714338302612,0.26839762926101685,0,2
-2.232557773590088,0.13406753540039062,7,7
-3.6362102031707764,-2.4234442710876465,5,2
-2.52420973777771,-3.247483015060425,6,5
-3.1329243183135986,-5.361288547515869,6,5
-4.389790058135986,1.0244791507720947,4,4
-1.0964292287826538,2.0410969257354736,2,2
-1.382265329360962,0.7971656918525696,7,2
-4.595871925354004,-4.568775653839111,5,5
-1.7235358953475952,2.102686882019043,2,3
1.1804876327514648,4.125278472900391,0,0
-0.6369882822036743,0.48837026953697205,2,2
-2.017834424972534,3.8486289978027344,0,0
0.714996874332428,1.3421714305877686,7,2
-4.281284332275391,-4.358373165130615,5,5
-0.061021436005830765,-2.2462058067321777,6,6
-1.4971288442611694,-3.291027784347534,6,5
0.32529979944229126,-1.0204360485076904,2,2
-2.915029287338257,-2.314539670944214,6,2
-3.522819757461548,0.4912705421447754,5,3
0.32752352952957153,3.339296817779541,2,2
-3.6144094467163086,-1.3858247995376587,7,2
0.4660657048225403,3.6651222705841064,2,2
-4.812442302703857,-4.143580913543701,5,5
-0.9685715436935425,2.9239115715026855,7,2
-3.052035331726074,-2.545419216156006,5,5
0.8846481442451477,5.111230850219727,7,7
-0.9428431391716003,-2.6353697776794434,6,2
1.5309038162231445,4.764491558074951,7,3
0.8594014644622803,-0.06448671966791153,2,2
1.8141956329345703,4.255742073059082,2,1
-1.97217857837677,-1.7157052755355835,5,0
0.08708775788545609,-2.1125898361206055,6,6
-0.6291173100471497,-1.5200203657150269,3,7
-4.465537071228027,0.7776260375976562,0,3
-0.9932593703269958,1.6487478017807007,2,3
-0.6610041260719299,-2.136953830718994,6,2
-0.9211590886116028,0.9194530248641968,2,2
-1.478393316268921,-2.979768991470337,6,7
2.5752170085906982,4.229514122009277,1,1
1.579186201095581,1.7748130559921265,6,1
-2.5416858196258545,2.2752134799957275,7,7
1.6405861377716064,2.744074821472168,2,2
2.700923204421997,3.811851739883423,1,1
2.1156466007232666,2.1416332721710205,3,1
2.2856252193450928,2.990872621536255,1,1
1.7168262004852295,1.168609619140625,1,1
-4.1680006980896,-1.1828242540359497,2,3
0.4423023760318756,0.20175035297870636,0,3
1.5523931980133057,-2.3191041946411133,3,6
1.8040891885757446,-2.2231595516204834,3,6
0.6076284050941467,-2.57710862159729,3,6
1.0061962604522705,-2.4862747192382812,3,6
0.798309862613678,-1.8519573211669922,3,6
-0.5369486808776855,-1.256166696548462,3,6
-4.435968399047852,-4.313319206237793,5,5
-2.85829758644104,-2.8079257011413574,5,2
-2.582277297973633,-2.7593510150909424,5,3
1.317805528640747,2.699087142944336,0,3
1.0385750532150269,1.6070290803909302,2,1
0.24572235345840454,2.498500347137451,2,2
0.9131717085838318,4.297898292541504,7,1
0.9560136795043945,-1.0451757907867432,3,0
0.9241324663162231,-2.7833163738250732,3,0
-5.598300457000732,2.1264700889587402,3,6
0.37102288007736206,-2.236359119415283,3,3
2.056605815887451,-1.7683621644973755,3,0
-0.671200156211853,-1.6792922019958496,7,6
0.94520503282547,1.1419529914855957,4,3
0.039267852902412415,0.9454590678215027,0,1
-0.09861820936203003,1.8115602731704712,2,2
-0.17190515995025635,3.5508387088775635,0,2
1.0567017793655396,3.2497341632843018,2,1
0.48358777165412903,4.707086563110352,7,1
-1.0700008869171143,0.6693967580795288,2,2
-3.354307174682617,1.027451992034912,7,3
-0.10335896909236908,0.2955988347530365,4,6
-1.8863651752471924,-4.442446708679199,6,5
-3.662003993988037,2.1609344482421875,3,7
-4.41576623916626,4.216893672943115,3,3
-3.0199854373931885,-3.0164663791656494,5,5
1.306905746459961,1.1273584365844727,2,3
2.2605583667755127,1.7056106328964233,6,1
0.18961690366268158,6.103518962860107,0,0
-0.5654256939888,-0.962636411190033,0,6
-3.8462753295898438,-1.6493204832077026,5,5
-2.927035331726074,-1.9120103120803833,5,5
-2.3416144847869873,-1.7344582080841064,5,5
2.7714056968688965,1.9401100873947144,6,2
-1.2203911542892456,-3.3728621006011963,6,5
0.14211824536323547,-1.8959732055664062,3,2
-3.6850688457489014,3.289275884628296,3,4
0.8625277280807495,0.43403753638267517,3,3
-2.2892587184906006,-3.1780316829681396,6,5
0.6052891612052917,-1.5474333763122559,1,6
0.4039638936519623,-1.4073387384414673,1,6
1.6658833026885986,-0.2633315324783325,1,1
-2.6285128593444824,-3.461785316467285,6,5
-3.4714865684509277,1.0918277502059937,2,3
-0.5063459277153015,-1.9021941423416138,7,3
-0.36986327171325684,-1.7468715906143188,3,6
-1.2720383405685425,2.241762638092041,7,2
-4.9858880043029785,-1.4723820686340332,5,3
0.9295727014541626,0.20667250454425812,6,3
2.9319400787353516,2.048783779144287,1,1
1.1504710912704468,0.5495806336402893,3,7
0.4809623956680298,2.8127176761627197,0,2
1.4974915981292725,2.7754509449005127,2,1
-0.13890600204467773,-0.8111546635627747,2,2
1.8387691974639893,0.9856881499290466,2,1
2.267709493637085,3.332585334777832,2,1
1.887696623802185,0.44835880398750305,1,2
-3.7802603244781494,-2.531135320663452,5,5
-4.052224159240723,-3.169374465942383,5,5
-0.836381196975708,-1.1876728534698486,4,6
1.5213096141815186,1.013708233833313,3,7
1.669998049736023,5.241548538208008,0,0
-3.5888869762420654,-0.7707063555717468,2,3
-3.051882743835449,-3.504284381866455,6,4
-3.2902233600616455,-3.4567623138427734,5,5
-4.268455505371094,-5.078058242797852,5,4
-3.5691308975219727,-2.3922414779663086,5,5
-1.1283409595489502,2.333974838256836,2,2
1.3317875862121582,2.2645108699798584,5,2
-4.108880996704102,-4.055247783660889,5,5
-4.631892204284668,-2.07412052154541,5,5
1.0940918922424316,4.335718631744385,2,1
-3.8296048641204834,-0.7787972688674927,5,3
-2.5106842517852783,-1.353930950164795,5,5
-4.068218231201172,-0.5479248762130737,2,3
-0.11256452649831772,3.2721657752990723,2,2
-0.6725104451179504,3.2788760662078857,7,2
1.316635012626648,3.5905601978302,7,1
-4.752811908721924,-3.6885058879852295,5,5
-2.2744312286376953,2.4421651363372803,7,7
-0.9730383157730103,2.156240940093994,7,2
-1.9176435470581055,2.0709595680236816,0,2
-4.4951677322387695,-2.330516815185547,5,5
-3.705777883529663,-3.1790831089019775,5,5
-0.5540127754211426,1.8249821662902832,2,2
1.0685206651687622,0.7846016883850098,7,3
0.45392677187919617,0.5390865206718445,2,2
-0.5969904065132141,1.8564568758010864,2,2
-3.197749376296997,-4.433199405670166,6,5
-1.7439996004104614,1.3871724605560303,7,2
2.33526611328125,3.815443277359009,2,1
-5.114901065826416,-4.427914142608643,5,5
-4.867790699005127,-0.31679144501686096,5,3
0.881278932094574,1.4264147281646729,2,1
1.1145108938217163,2.2639927864074707,5,2
-4.2870588302612305,-4.002322196960449,5,5
-2.1507906913757324,-3.4758896827697754,6,5
-4.298863887786865,-4.489768981933594,5,5
-2.2622735500335693,-1.6158462762832642,4,3
-1.9932734966278076,1.0884065628051758,7,3
-0.6537396311759949,1.7216230630874634,0,2
-0.7472965121269226,-0.9878600835800171,0,0
-3.682112693786621,-0.7756781578063965,2,2
-2.4128732681274414,0.8215547800064087,2,2
-0.18906326591968536,-1.5217252969741821,3,3
1.3321486711502075,2.3274612426757812,5,2
-0.8987696766853333,1.8469703197479248,2,2
1.5712908506393433,3.264528274536133,7,1
-0.055776070803403854,4.217757225036621,0,1
-4.232306003570557,-3.012819766998291,5,5
-0.7279401421546936,1.484610915184021,2,2
-3.006744146347046,-1.1667896509170532,5,5
-0.9211590886116028,0.9194530248641968,2,2
0.88084477186203,2.820279359817505,2,2
-3.1193389892578125,-0.9893322587013245,5,7
0.4172549545764923,3.5604827404022217,2,2
0.7285455465316772,0.38661763072013855,7,2
-1.1927465200424194,-0.4800412356853485,4,6
0.3015148639678955,2.4634766578674316,2,2
-0.9724991321563721,0.1388620287179947,2,2
0.8883805871009827,4.1543354988098145,0,1
0.26984646916389465,2.107913017272949,2,2
1.2749557495117188,1.7978435754776,7,3
-0.3747493028640747,2.3490259647369385,2,2
1.2383278608322144,2.2103347778320312,5,5
-2.8766376972198486,-2.732194423675537,5,5
-3.6329758167266846,-2.9470717906951904,4,3
-0.8519396185874939,2.942246913909912,0,2
1.4273393154144287,4.358438968658447,2,1
1.7484352588653564,1.9563757181167603,6,3
-0.6739282608032227,0.7774826288223267,0,2
-2.534092664718628,-1.6666951179504395,5,5
-3.1810760498046875,-2.54560923576355,5,5
-3.7091894149780273,-4.15186882019043,5,5
-0.9851824641227722,-2.4933881759643555,6,2
-4.272299289703369,1.1588256359100342,6,4
0.14073970913887024,-2.545212745666504,6,3
1.507595419883728,3.4267923831939697,2,1
-0.24003909528255463,-1.9402323961257935,6,6
-1.972513198852539,-3.8672280311584473,6,3
-1.1335675716400146,-1.0444529056549072,0,0
-4.435325622558594,-0.9888385534286499,2,3
-1.3037099838256836,-2.9002933502197266,6,5
-4.286539077758789,-0.5525049567222595,5,3
0.7815770506858826,1.3698854446411133,7,1
-3.9024465084075928,-2.4098966121673584,5,5
0.4087449908256531,0.5087407231330872,0,3
-0.7978335618972778,0.06521651893854141,0,2
-2.9293031692504883,2.0005195140838623,7,7
-1.180306077003479,-0.6600565910339355,4,6
-2.0220448970794678,0.7320660948753357,7,7
-0.7236341238021851,0.9947032928466797,2,2
-1.7958478927612305,-2.6847963333129883,6,6
-3.0380187034606934,-2.8209545612335205,2,2
-4.603071689605713,-3.764338970184326,5,5
-1.0948680639266968,-1.1056421995162964,4,6
-2.3905842304229736,-2.3901941776275635,4,3
0.3770659267902374,1.826796293258667,2,1
0.8218937516212463,4.347838878631592,7,1
-1.2112611532211304,-1.1151124238967896,4,6
-1.3032835721969604,-0.9080899953842163,4,6
-4.727726936340332,-3.8709988594055176,5,5
-2.9749484062194824,2.409985065460205,0,0
-2.422905683517456,-2.7711102962493896,5,5
-5.145107746124268,-0.9284958243370056,5,5
1.2239410877227783,1.7124245166778564,5,3
-4.864649772644043,-2.631859540939331,5,5
-2.8624186515808105,-1.2502636909484863,5,5
-1.868088960647583,-2.1986680030822754,2,6
-0.1481138914823532,-0.2987566292285919,0,2
-0.038322411477565765,0.2791402339935303,4,6
0.5860236883163452,3.4388318061828613,0,1
-2.814927101135254,-1.7201677560806274,2,2
