gx,gy,n_poi
-132,-145,1
-132,-141,1
-131,-145,5
-131,-144,5
-131,-143,2
-131,-142,2
-131,-141,1
-131,-137,1
-131,-136,1
-131,-135,1
-131,-131,1
-131,-129,2
-131,-127,1
-130,-153,2
-130,-148,13
-130,-147,3
-130,-146,5
-130,-145,2
-130,-144,2
-130,-132,1
-130,-130,1
-130,-129,3
-130,-128,2
-130,-127,1
-130,-124,3
-130,-123,1
-130,-121,1
-130,-120,1
-129,-156,1
-129,-153,3
-129,-152,3
-129,-151,1
-129,-150,1
-129,-149,1
-129,-148,7
-129,-147,10
-129,-146,55
-129,-145,6
-129,-144,2
-129,-143,2
-129,-142,2
-129,-141,3
-129,-140,3
-129,-139,2
-129,-138,1
-129,-134,2
-129,-133,12
-129,-131,1
-129,-130,1
-129,-128,4
-129,-127,1
-129,-126,4
-129,-125,1
-129,-121,3
-129,-120,3
-128,-160,4
-128,-153,2
-128,-152,1
-128,-149,2
-128,-148,1
-128,-147,1
-128,-146,64
-128,-145,6
-128,-144,5
-128,-142,1
-128,-140,2
-128,-139,3
-128,-138,2
-128,-137,1
-128,-135,1
-128,-134,27
-128,-133,75
-128,-132,10
-128,-131,8
-128,-126,1
-128,-125,2
-128,-124,9
-128,-123,5
-128,-119,2
-128,-118,1
-127,-163,1
-127,-150,2
-127,-149,1
-127,-148,2
-127,-147,3
-127,-146,5
-127,-145,6
-127,-144,4
-127,-139,1
-127,-136,1
-127,-134,2
-127,-133,13
-127,-132,4
-127,-130,1
-127,-124,1
-127,-123,2
-127,-115,1
-126,-166,1
-126,-164,1
-126,-163,1
-126,-157,1
-126,-153,1
-126,-152,1
-126,-150,2
-126,-148,1
-126,-147,3
-126,-146,5
-126,-145,1
-126,-144,1
-126,-143,1
-126,-135,1
-126,-134,4
-126,-131,2
-126,-130,1
-126,-127,2
-126,-126,1
-126,-123,2
-126,-122,2
-126,-120,3
-126,-119,1
-126,-118,5
-126,-117,6
-126,-113,3
-125,-162,1
-125,-160,4
-125,-159,2
-125,-158,2
-125,-156,4
-125,-153,1
-125,-152,2
-125,-148,1
-125,-146,3
-125,-145,3
-125,-140,3
-125,-139,2
-125,-137,1
-125,-133,1
-125,-132,1
-125,-131,2
-125,-130,2
-125,-129,1
-125,-127,1
-125,-126,1
-125,-125,1
-125,-123,2
-125,-122,1
-125,-120,3
-125,-118,2
-125,-117,8
-124,-172,1
-124,-165,1
-124,-157,1
-124,-153,1
-124,-147,3
-124,-145,2
-124,-144,1
-124,-143,1
-124,-140,1
-124,-134,1
-124,-133,1
-124,-132,1
-124,-131,5
-124,-126,2
-124,-123,1
-124,-121,1
-124,-120,3
-124,-118,1
-124,-117,2
-124,-116,1
-124,-113,1
-123,-174,1
-123,-170,1
-123,-148,2
-123,-147,5
-123,-146,2
-123,-138,1
-123,-133,1
-123,-130,2
-123,-128,1
-123,-127,1
-123,-118,1
-123,-113,1
-123,-112,1
-123,-105,1
-122,-171,1
-122,-161,4
-122,-160,1
-122,-158,2
-122,-152,1
-122,-151,2
-122,-147,2
-122,-145,3
-122,-144,2
-122,-143,1
-122,-140,1
-122,-139,4
-122,-137,2
-122,-136,4
-122,-133,1
-122,-130,2
-122,-129,1
-122,-128,6
-122,-127,1
-122,-126,4
-122,-125,1
-122,-124,1
-122,-123,4
-122,-122,1
-122,-121,1
-122,-120,2
-122,-119,1
-122,-118,1
-122,-115,1
-122,-114,1
-122,-111,1
-122,-108,1
-121,-178,1
-121,-177,2
-121,-175,1
-121,-162,8
-121,-161,2
-121,-153,1
-121,-147,1
-121,-146,2
-121,-142,1
-121,-141,1
-121,-140,2
-121,-138,1
-121,-137,2
-121,-136,1
-121,-134,1
-121,-133,1
-121,-131,3
-121,-124,1
-121,-123,1
-121,-122,1
-121,-121,1
-121,-120,1
-121,-117,2
-121,-116,1
-121,-115,5
-121,-112,3
-121,-110,1
-121,-100,1
-120,-176,3
-120,-170,1
-120,-161,2
-120,-158,1
-120,-149,1
-120,-148,5
-120,-147,3
-120,-146,1
-120,-138,1
-120,-131,3
-120,-125,1
-120,-120,5
-120,-115,5
-120,-114,1
-120,-113,2
-120,-100,1
-119,-180,1
-119,-178,2
-119,-177,14
-119,-176,36
-119,-175,6
-119,-170,2
-119,-148,1
-119,-147,2
-119,-144,1
-119,-136,1
-119,-135,1
-119,-134,12
-119,-133,46
-119,-132,11
-119,-131,2
-119,-129,1
-119,-124,2
-119,-123,1
-119,-121,1
-119,-120,2
-119,-118,1
-119,-116,3
-119,-114,1
-119,-113,3
-119,-111,1
-119,-109,1
-119,-108,1
-119,-101,1
-119,-98,1
-118,-180,3
-118,-178,3
-118,-177,17
-118,-176,48
-118,-175,1
-118,-172,1
-118,-160,2
-118,-154,1
-118,-151,1
-118,-150,1
-118,-148,1
-118,-147,1
-118,-138,3
-118,-136,2
-118,-134,2
-118,-133,7
-118,-132,7
-118,-131,3
-118,-127,3
-118,-126,1
-118,-124,4
-118,-123,1
-118,-121,1
-118,-116,3
-118,-114,1
-118,-113,1
-118,-111,2
-118,-94,1
-117,-183,1
-117,-182,1
-117,-179,1
-117,-174,2
-117,-161,1
-117,-160,1
-117,-159,1
-117,-152,1
-117,-150,7
-117,-149,5
-117,-148,1
-117,-145,1
-117,-142,1
-117,-139,1
-117,-138,2
-117,-134,3
-117,-131,1
-117,-128,1
-117,-126,1
-117,-123,1
-117,-122,10
-117,-121,5
-117,-120,2
-117,-119,2
-117,-118,1
-117,-116,3
-117,-111,1
-117,-107,11
-117,-105,2
-116,-175,1
-116,-167,1
-116,-166,1
-116,-162,3
-116,-159,1
-116,-150,1
-116,-149,1
-116,-148,3
-116,-147,1
-116,-139,2
-116,-137,1
-116,-134,1
-116,-131,1
-116,-127,2
-116,-123,2
-116,-122,16
-116,-121,3
-116,-117,4
-116,-116,2
-116,-115,4
-116,-114,3
-116,-113,3
-116,-112,2
-116,-108,2
-116,-96,1
-116,-92,3
-116,-91,5
-115,-186,1
-115,-180,1
-115,-177,1
-115,-174,8
-115,-167,5
-115,-166,1
-115,-164,1
-115,-163,4
-115,-162,2
-115,-161,1
-115,-159,1
-115,-157,2
-115,-152,1
-115,-148,2
-115,-144,4
-115,-143,1
-115,-140,1
-115,-139,1
-115,-138,1
-115,-136,1
-115,-135,1
-115,-134,1
-115,-132,1
-115,-131,2
-115,-129,2
-115,-128,1
-115,-127,2
-115,-120,1
-115,-118,1
-115,-117,3
-115,-109,2
-115,-107,8
-115,-105,1
-115,-104,4
-115,-103,2
-115,-102,2
-115,-99,4
-115,-91,1
-115,-90,1
-115,-89,1
-114,-184,1
-114,-180,1
-114,-179,2
-114,-178,1
-114,-167,4
-114,-166,1
-114,-165,1
-114,-162,1
-114,-160,4
-114,-159,7
-114,-152,1
-114,-148,2
-114,-145,2
-114,-144,2
-114,-142,1
-114,-136,1
-114,-134,6
-114,-132,1
-114,-131,1
-114,-127,1
-114,-123,1
-114,-122,1
-114,-117,1
-114,-114,1
-114,-108,2
-114,-106,1
-114,-103,1
-114,-102,5
-114,-101,17
-114,-100,3
-114,-91,1
-114,-90,1
-113,-171,1
-113,-167,1
-113,-161,3
-113,-159,2
-113,-155,1
-113,-151,16
-113,-150,4
-113,-149,3
-113,-146,1
-113,-145,1
-113,-144,1
-113,-141,1
-113,-135,2
-113,-134,4
-113,-133,7
-113,-132,2
-113,-131,3
-113,-130,3
-113,-129,8
-113,-128,4
-113,-126,1
-113,-124,1
-113,-120,2
-113,-118,4
-113,-109,3
-113,-108,1
-113,-101,4
-113,-99,2
-113,-97,1
-112,-191,1
-112,-188,4
-112,-184,1
-112,-183,1
-112,-181,2
-112,-180,1
-112,-162,1
-112,-161,1
-112,-158,1
-112,-154,1
-112,-153,2
-112,-151,4
-112,-150,3
-112,-149,4
-112,-143,1
-112,-136,1
-112,-135,1
-112,-134,7
-112,-133,25
-112,-132,3
-112,-131,2
-112,-129,3
-112,-128,1
-112,-126,1
-112,-120,1
-112,-118,4
-112,-114,5
-112,-107,1
-112,-100,1
-111,-191,1
-111,-190,2
-111,-188,1
-111,-187,1
-111,-179,2
-111,-171,7
-111,-164,1
-111,-157,1
-111,-156,2
-111,-155,1
-111,-154,1
-111,-153,4
-111,-150,2
-111,-149,4
-111,-146,1
-111,-145,1
-111,-143,1
-111,-141,1
-111,-139,1
-111,-133,1
-111,-132,1
-111,-131,2
-111,-127,1
-111,-123,1
-111,-118,1
-111,-114,1
-111,-107,2
-111,-89,1
-110,-190,1
-110,-189,1
-110,-186,1
-110,-180,1
-110,-178,1
-110,-171,1
-110,-167,2
-110,-163,17
-110,-156,1
-110,-155,1
-110,-154,7
-110,-153,7
-110,-152,4
-110,-150,2
-110,-149,1
-110,-148,1
-110,-147,2
-110,-145,1
-110,-140,3
-110,-139,1
-110,-138,2
-110,-136,1
-110,-131,1
-110,-128,3
-110,-125,1
-110,-124,1
-110,-122,1
-110,-120,2
-110,-119,1
-110,-118,1
-110,-107,3
-110,-98,1
-110,-90,1
-109,-189,1
-109,-188,3
-109,-187,1
-109,-183,1
-109,-178,2
-109,-176,1
-109,-163,23
-109,-162,1
-109,-159,1
-109,-158,1
-109,-155,1
-109,-154,1
-109,-153,1
-109,-151,2
-109,-149,2
-109,-140,1
-109,-132,2
-109,-131,2
-109,-129,2
-109,-128,1
-109,-127,1
-109,-126,2
-109,-120,1
-109,-119,1
-109,-117,1
-109,-116,1
-109,-113,1
-109,-107,14
-109,-106,4
-109,-95,1
-109,-84,1
-108,-190,1
-108,-188,1
-108,-184,2
-108,-183,2
-108,-181,1
-108,-178,4
-108,-170,1
-108,-167,1
-108,-165,1
-108,-164,1
-108,-163,3
-108,-161,1
-108,-160,1
-108,-158,9
-108,-156,1
-108,-155,4
-108,-153,1
-108,-152,3
-108,-148,3
-108,-147,1
-108,-142,2
-108,-131,4
-108,-128,2
-108,-125,2
-108,-122,1
-108,-121,1
-108,-120,1
-108,-119,2
-108,-118,1
-108,-107,5
-108,-106,5
-108,-105,3
-108,-92,1
-107,-188,1
-107,-183,1
-107,-182,2
-107,-181,2
-107,-178,1
-107,-177,3
-107,-175,1
-107,-173,1
-107,-172,3
-107,-171,9
-107,-165,1
-107,-159,2
-107,-158,3
-107,-156,2
-107,-154,5
-107,-153,3
-107,-152,7
-107,-151,2
-107,-146,1
-107,-144,1
-107,-143,1
-107,-142,7
-107,-140,1
-107,-138,4
-107,-137,1
-107,-136,3
-107,-134,3
-107,-131,1
-107,-122,3
-107,-121,24
-107,-120,4
-107,-115,1
-107,-109,1
-107,-105,1
-107,-104,2
-107,-99,1
-107,-84,1
-106,-185,1
-106,-184,1
-106,-183,2
-106,-181,1
-106,-177,1
-106,-173,2
-106,-171,17
-106,-170,1
-106,-166,1
-106,-161,1
-106,-158,1
-106,-156,25
-106,-155,29
-106,-154,25
-106,-153,11
-106,-152,15
-106,-151,3
-106,-149,2
-106,-148,1
-106,-145,1
-106,-142,4
-106,-141,1
-106,-136,1
-106,-133,5
-106,-132,9
-106,-131,1
-106,-130,2
-106,-126,1
-106,-124,1
-106,-123,1
-106,-122,2
-106,-121,3
-106,-115,1
-106,-114,2
-106,-113,1
-106,-112,1
-106,-95,2
-106,-88,1
-106,-84,1
-106,-80,1
-105,-192,4
-105,-191,2
-105,-182,1
-105,-181,2
-105,-173,1
-105,-172,1
-105,-171,3
-105,-167,2
-105,-166,2
-105,-162,1
-105,-160,1
-105,-157,2
-105,-156,4
-105,-155,77
-105,-154,54
-105,-153,25
-105,-152,26
-105,-151,1
-105,-147,1
-105,-146,4
-105,-142,3
-105,-141,3
-105,-140,1
-105,-139,1
-105,-138,1
-105,-137,2
-105,-136,3
-105,-135,1
-105,-133,32
-105,-132,30
-105,-131,3
-105,-128,3
-105,-125,1
-105,-121,1
-105,-120,2
-105,-119,2
-105,-115,1
-105,-112,2
-105,-111,20
-105,-110,23
-105,-106,1
-105,-95,1
-105,-84,1
-105,-81,1
-104,-198,1
-104,-197,1
-104,-192,3
-104,-181,2
-104,-178,1
-104,-177,1
-104,-172,7
-104,-171,2
-104,-170,1
-104,-168,1
-104,-165,2
-104,-157,2
-104,-155,11
-104,-154,4
-104,-153,2
-104,-152,1
-104,-150,1
-104,-149,1
-104,-148,4
-104,-144,1
-104,-143,3
-104,-142,4
-104,-141,2
-104,-140,2
-104,-137,1
-104,-135,2
-104,-133,3
-104,-132,5
-104,-126,1
-104,-125,2
-104,-121,1
-104,-119,4
-104,-111,2
-104,-110,10
-104,-108,1
-104,-87,1
-104,-86,1
-104,-84,1
-104,-82,1
-103,-196,8
-103,-195,3
-103,-192,5
-103,-186,1
-103,-183,1
-103,-175,1
-103,-174,1
-103,-172,4
-103,-168,4
-103,-167,1
-103,-165,2
-103,-164,8
-103,-161,1
-103,-160,5
-103,-159,1
-103,-157,1
-103,-156,6
-103,-155,6
-103,-154,2
-103,-153,1
-103,-152,1
-103,-150,1
-103,-148,10
-103,-146,1
-103,-143,1
-103,-142,2
-103,-141,2
-103,-140,1
-103,-139,4
-103,-137,1
-103,-131,1
-103,-126,6
-103,-120,1
-103,-119,8
-103,-111,1
-103,-109,4
-103,-106,3
-103,-93,1
-103,-88,1
-103,-85,1
-103,-81,14
-103,-80,2
-102,-197,2
-102,-196,2
-102,-194,3
-102,-193,2
-102,-192,34
-102,-191,8
-102,-182,5
-102,-181,1
-102,-180,1
-102,-179,1
-102,-178,2
-102,-177,1
-102,-174,5
-102,-173,12
-102,-167,1
-102,-164,2
-102,-161,1
-102,-160,1
-102,-158,1
-102,-157,1
-102,-155,3
-102,-154,3
-102,-151,2
-102,-150,1
-102,-148,3
-102,-147,1
-102,-146,1
-102,-142,2
-102,-141,1
-102,-138,1
-102,-136,1
-102,-135,2
-102,-131,1
-102,-130,1
-102,-128,1
-102,-127,2
-102,-123,1
-102,-122,1
-102,-121,6
-102,-120,2
-102,-117,1
-102,-114,1
-102,-113,1
-102,-110,1
-102,-95,1
-102,-92,1
-102,-83,1
-102,-82,1
-102,-79,1
-102,-78,1
-102,-77,1
-101,-201,2
-101,-198,2
-101,-197,1
-101,-192,2
-101,-191,2
-101,-189,1
-101,-188,8
-101,-187,7
-101,-182,1
-101,-180,1
-101,-179,1
-101,-174,8
-101,-173,9
-101,-170,1
-101,-161,1
-101,-160,1
-101,-159,1
-101,-158,1
-101,-156,1
-101,-155,4
-101,-153,1
-101,-151,1
-101,-148,1
-101,-147,3
-101,-143,3
-101,-142,2
-101,-141,1
-101,-134,1
-101,-131,1
-101,-129,1
-101,-126,2
-101,-123,1
-101,-120,1
-101,-116,1
-101,-104,1
-101,-100,1
-101,-88,2
-101,-87,2
-101,-83,1
-101,-76,1
-100,-200,1
-100,-196,1
-100,-195,5
-100,-189,2
-100,-188,38
-100,-187,26
-100,-186,4
-100,-183,5
-100,-180,3
-100,-174,2
-100,-171,3
-100,-170,5
-100,-168,1
-100,-158,2
-100,-156,16
-100,-155,16
-100,-154,2
-100,-151,1
-100,-148,1
-100,-146,1
-100,-145,2
-100,-142,1
-100,-141,6
-100,-140,1
-100,-139,3
-100,-137,3
-100,-136,6
-100,-135,1
-100,-134,4
-100,-133,4
-100,-132,5
-100,-130,7
-100,-129,1
-100,-126,1
-100,-125,1
-100,-124,1
-100,-123,1
-100,-122,1
-100,-115,2
-100,-111,1
-100,-107,2
-100,-102,1
-100,-98,1
-100,-89,2
-100,-88,8
-99,-199,1
-99,-195,1
-99,-189,1
-99,-183,2
-99,-182,1
-99,-179,3
-99,-174,3
-99,-173,2
-99,-171,1
-99,-170,2
-99,-169,6
-99,-166,1
-99,-162,1
-99,-160,1
-99,-157,4
-99,-156,1
-99,-154,4
-99,-148,3
-99,-145,1
-99,-141,1
-99,-139,2
-99,-138,1
-99,-137,3
-99,-136,6
-99,-135,9
-99,-134,23
-99,-133,65
-99,-132,67
-99,-131,13
-99,-130,16
-99,-129,3
-99,-128,5
-99,-127,3
-99,-125,4
-99,-124,1
-99,-122,1
-99,-118,2
-99,-111,1
-99,-110,2
-99,-103,3
-99,-98,1
-99,-94,1
-99,-90,1
-99,-89,5
-99,-81,3
-99,-76,3
-99,-75,3
-98,-201,1
-98,-196,1
-98,-193,2
-98,-192,1
-98,-187,1
-98,-185,1
-98,-183,2
-98,-179,1
-98,-171,27
-98,-170,16
-98,-169,5
-98,-168,3
-98,-166,2
-98,-157,4
-98,-156,1
-98,-154,2
-98,-153,1
-98,-152,1
-98,-151,2
-98,-148,1
-98,-147,1
-98,-146,1
-98,-145,1
-98,-141,6
-98,-138,2
-98,-136,1
-98,-135,1
-98,-134,4
-98,-133,7
-98,-132,7
-98,-131,5
-98,-129,1
-98,-128,3
-98,-127,2
-98,-123,2
-98,-122,3
-98,-121,18
-98,-119,3
-98,-113,1
-98,-110,1
-98,-102,3
-98,-101,2
-98,-90,1
-98,-89,1
-98,-86,2
-98,-84,1
-98,-81,2
-98,-80,2
-98,-79,2
-98,-76,3
-98,-75,1
-97,-202,4
-97,-195,4
-97,-194,1
-97,-192,2
-97,-191,2
-97,-190,1
-97,-188,1
-97,-178,1
-97,-172,2
-97,-171,14
-97,-170,14
-97,-169,1
-97,-168,3
-97,-167,2
-97,-164,1
-97,-163,1
-97,-161,1
-97,-159,2
-97,-158,3
-97,-155,3
-97,-154,9
-97,-153,9
-97,-152,2
-97,-151,1
-97,-149,2
-97,-145,2
-97,-144,2
-97,-143,5
-97,-142,1
-97,-141,3
-97,-140,1
-97,-139,3
-97,-137,2
-97,-136,1
-97,-135,1
-97,-134,3
-97,-133,1
-97,-132,2
-97,-131,5
-97,-130,1
-97,-128,3
-97,-126,4
-97,-125,1
-97,-123,4
-97,-120,4
-97,-119,1
-97,-113,1
-97,-112,25
-97,-111,4
-97,-105,1
-97,-98,1
-97,-96,1
-97,-92,2
-97,-90,4
-97,-88,1
-97,-85,1
-97,-84,2
-97,-83,2
-97,-82,1
-97,-80,1
-96,-204,1
-96,-203,3
-96,-202,5
-96,-196,1
-96,-195,3
-96,-194,16
-96,-190,1
-96,-189,1
-96,-188,1
-96,-184,1
-96,-183,3
-96,-181,1
-96,-178,3
-96,-174,1
-96,-173,1
-96,-172,4
-96,-170,1
-96,-169,52
-96,-168,5
-96,-167,1
-96,-166,2
-96,-163,1
-96,-162,1
-96,-159,1
-96,-158,1
-96,-154,3
-96,-153,1
-96,-152,6
-96,-146,1
-96,-145,1
-96,-144,1
-96,-142,1
-96,-141,3
-96,-140,1
-96,-139,1
-96,-138,2
-96,-137,7
-96,-136,2
-96,-135,4
-96,-131,3
-96,-129,3
-96,-126,1
-96,-124,1
-96,-123,3
-96,-121,1
-96,-112,7
-96,-111,1
-96,-94,1
-96,-91,2
-96,-90,2
-96,-89,2
-96,-88,3
-96,-84,1
-96,-83,2
-96,-80,1
-96,-77,1
-96,-76,5
-96,-75,1
-95,-203,20
-95,-202,11
-95,-201,3
-95,-200,1
-95,-196,2
-95,-195,2
-95,-194,2
-95,-192,2
-95,-188,9
-95,-187,23
-95,-184,1
-95,-183,2
-95,-181,1
-95,-180,2
-95,-179,1
-95,-174,1
-95,-173,5
-95,-172,6
-95,-171,1
-95,-170,4
-95,-169,1
-95,-167,1
-95,-166,6
-95,-164,1
-95,-162,2
-95,-161,1
-95,-159,1
-95,-158,1
-95,-156,1
-95,-154,1
-95,-153,4
-95,-152,9
-95,-149,1
-95,-147,1
-95,-144,1
-95,-142,2
-95,-140,1
-95,-139,2
-95,-138,2
-95,-136,2
-95,-135,3
-95,-134,2
-95,-133,1
-95,-131,5
-95,-129,6
-95,-128,4
-95,-127,1
-95,-123,1
-95,-122,1
-95,-121,2
-95,-120,2
-95,-118,1
-95,-114,1
-95,-111,1
-95,-110,1
-95,-109,1
-95,-108,1
-95,-107,1
-95,-103,2
-95,-98,2
-95,-97,1
-95,-91,2
-95,-88,1
-95,-86,1
-95,-85,1
-95,-84,2
-95,-83,2
-95,-82,1
-95,-80,6
-95,-79,1
-95,-77,3
-95,-72,1
-94,-204,1
-94,-203,1
-94,-202,19
-94,-201,3
-94,-200,14
-94,-199,1
-94,-198,2
-94,-195,13
-94,-193,3
-94,-191,1
-94,-189,2
-94,-188,5
-94,-187,1
-94,-185,1
-94,-184,3
-94,-183,2
-94,-181,1
-94,-178,1
-94,-173,2
-94,-172,2
-94,-170,1
-94,-169,2
-94,-167,2
-94,-166,1
-94,-165,5
-94,-164,2
-94,-161,1
-94,-159,1
-94,-157,1
-94,-153,3
-94,-152,40
-94,-151,1
-94,-148,1
-94,-144,1
-94,-143,2
-94,-142,4
-94,-140,1
-94,-134,1
-94,-133,10
-94,-132,19
-94,-131,12
-94,-130,3
-94,-129,2
-94,-123,3
-94,-121,1
-94,-120,1
-94,-117,1
-94,-112,1
-94,-111,1
-94,-109,1
-94,-107,1
-94,-106,1
-94,-90,1
-94,-81,1
-94,-80,14
-94,-79,51
-94,-78,3
-94,-77,2
-94,-75,1
-94,-73,2
-94,-71,1
-93,-206,1
-93,-205,1
-93,-204,2
-93,-201,10
-93,-200,3
-93,-199,36
-93,-198,45
-93,-197,2
-93,-196,2
-93,-194,1
-93,-193,1
-93,-190,3
-93,-189,1
-93,-188,2
-93,-184,1
-93,-183,3
-93,-182,1
-93,-178,1
-93,-174,1
-93,-172,3
-93,-171,8
-93,-170,3
-93,-168,1
-93,-164,19
-93,-163,13
-93,-162,2
-93,-161,1
-93,-160,2
-93,-158,1
-93,-155,2
-93,-153,1
-93,-148,1
-93,-144,1
-93,-142,1
-93,-141,2
-93,-136,2
-93,-135,2
-93,-134,6
-93,-133,29
-93,-132,140
-93,-131,88
-93,-130,3
-93,-127,1
-93,-126,1
-93,-123,2
-93,-121,6
-93,-120,1
-93,-119,3
-93,-118,1
-93,-117,1
-93,-111,1
-93,-109,1
-93,-89,2
-93,-88,2
-93,-87,1
-93,-86,4
-93,-85,2
-93,-84,5
-93,-83,2
-93,-80,1
-93,-79,1
-93,-78,5
-93,-77,2
-93,-75,2
-92,-207,1
-92,-205,1
-92,-200,2
-92,-199,6
-92,-198,6
-92,-197,2
-92,-195,2
-92,-194,3
-92,-191,3
-92,-190,2
-92,-188,2
-92,-185,9
-92,-184,2
-92,-183,1
-92,-182,1
-92,-180,1
-92,-177,1
-92,-176,1
-92,-171,1
-92,-164,1
-92,-163,4
-92,-162,1
-92,-161,2
-92,-160,1
-92,-156,1
-92,-153,2
-92,-150,1
-92,-148,1
-92,-142,1
-92,-141,2
-92,-139,4
-92,-135,1
-92,-134,3
-92,-133,31
-92,-132,175
-92,-131,89
-92,-130,4
-92,-123,4
-92,-119,3
-92,-117,3
-92,-116,1
-92,-114,1
-92,-113,2
-92,-111,2
-92,-110,1
-92,-109,1
-92,-108,2
-92,-93,4
-92,-92,1
-92,-85,4
-92,-84,1
-92,-82,2
-92,-78,1
-92,-75,1
-92,-74,1
-92,-73,1
-92,-71,1
-91,-207,1
-91,-204,1
-91,-198,1
-91,-196,2
-91,-194,2
-91,-190,1
-91,-188,2
-91,-187,3
-91,-185,6
-91,-178,1
-91,-172,1
-91,-168,1
-91,-163,1
-91,-155,1
-91,-151,8
-91,-150,15
-91,-149,4
-91,-148,4
-91,-145,1
-91,-143,1
-91,-141,3
-91,-135,4
-91,-134,1
-91,-133,13
-91,-132,22
-91,-131,8
-91,-128,1
-91,-126,1
-91,-123,1
-91,-119,1
-91,-117,1
-91,-114,2
-91,-112,3
-91,-111,2
-91,-110,3
-91,-99,1
-91,-93,2
-91,-92,1
-91,-91,1
-91,-85,1
-91,-84,2
-91,-83,3
-91,-82,1
-91,-69,2
-90,-207,2
-90,-195,1
-90,-194,1
-90,-191,1
-90,-188,1
-90,-187,1
-90,-186,1
-90,-185,2
-90,-177,3
-90,-173,1
-90,-171,2
-90,-163,1
-90,-162,4
-90,-161,3
-90,-159,1
-90,-158,1
-90,-152,11
-90,-151,49
-90,-150,13
-90,-141,1
-90,-134,2
-90,-132,4
-90,-131,1
-90,-124,2
-90,-119,2
-90,-118,1
-90,-116,1
-90,-115,1
-90,-114,1
-90,-113,4
-90,-112,22
-90,-111,31
-90,-110,3
-90,-109,1
-90,-107,1
-90,-105,1
-90,-103,2
-90,-102,1
-90,-101,2
-90,-100,3
-90,-99,3
-90,-94,1
-90,-92,1
-90,-84,3
-90,-83,17
-90,-82,10
-90,-81,2
-90,-80,1
-90,-79,1
-90,-70,1
-89,-207,4
-89,-206,9
-89,-205,1
-89,-195,3
-89,-194,2
-89,-191,1
-89,-185,4
-89,-184,2
-89,-183,1
-89,-180,3
-89,-179,1
-89,-177,1
-89,-173,1
-89,-170,1
-89,-163,5
-89,-162,10
-89,-161,8
-89,-159,1
-89,-155,2
-89,-153,1
-89,-152,5
-89,-151,2
-89,-149,1
-89,-147,1
-89,-146,1
-89,-144,3
-89,-143,1
-89,-142,1
-89,-141,1
-89,-137,7
-89,-136,2
-89,-133,1
-89,-132,3
-89,-130,1
-89,-129,1
-89,-126,2
-89,-124,4
-89,-122,2
-89,-120,4
-89,-119,1
-89,-118,1
-89,-117,1
-89,-116,1
-89,-113,3
-89,-112,3
-89,-111,4
-89,-108,5
-89,-107,2
-89,-105,2
-89,-104,3
-89,-103,1
-89,-101,1
-89,-97,1
-89,-94,1
-89,-86,1
-89,-83,6
-89,-82,15
-89,-81,1
-89,-79,1
-89,-72,3
-88,-209,1
-88,-205,1
-88,-201,2
-88,-200,1
-88,-196,2
-88,-195,5
-88,-194,1
-88,-188,1
-88,-187,2
-88,-186,2
-88,-184,4
-88,-183,3
-88,-182,1
-88,-181,1
-88,-180,1
-88,-179,1
-88,-178,1
-88,-173,7
-88,-172,1
-88,-165,1
-88,-163,2
-88,-161,2
-88,-157,3
-88,-154,3
-88,-153,1
-88,-150,1
-88,-149,1
-88,-148,1
-88,-147,1
-88,-146,1
-88,-145,1
-88,-144,2
-88,-143,2
-88,-142,1
-88,-138,1
-88,-135,1
-88,-134,3
-88,-133,1
-88,-129,1
-88,-128,1
-88,-125,1
-88,-124,3
-88,-123,1
-88,-122,18
-88,-121,2
-88,-119,2
-88,-114,1
-88,-113,1
-88,-111,4
-88,-102,1
-88,-101,1
-88,-94,1
-88,-90,1
-88,-88,1
-88,-84,1
-88,-83,2
-88,-75,1
-88,-72,1
-87,-207,1
-87,-196,1
-87,-195,6
-87,-194,3
-87,-193,1
-87,-191,3
-87,-190,1
-87,-186,1
-87,-185,2
-87,-181,1
-87,-173,1
-87,-172,1
-87,-169,1
-87,-163,1
-87,-162,2
-87,-160,1
-87,-159,1
-87,-156,1
-87,-148,1
-87,-147,1
-87,-146,4
-87,-144,1
-87,-143,9
-87,-142,3
-87,-140,1
-87,-137,1
-87,-135,1
-87,-133,2
-87,-131,2
-87,-126,1
-87,-125,1
-87,-120,3
-87,-115,2
-87,-114,1
-87,-111,3
-87,-110,18
-87,-109,1
-87,-108,2
-87,-97,1
-87,-95,2
-87,-94,1
-87,-93,1
-87,-91,3
-87,-90,4
-87,-89,1
-87,-86,1
-87,-84,4
-87,-83,2
-87,-82,1
-86,-204,1
-86,-199,1
-86,-196,2
-86,-190,4
-86,-189,2
-86,-188,1
-86,-186,3
-86,-182,1
-86,-177,1
-86,-169,2
-86,-161,1
-86,-160,14
-86,-159,1
-86,-157,3
-86,-156,2
-86,-155,1
-86,-154,4
-86,-153,3
-86,-149,1
-86,-148,1
-86,-147,4
-86,-146,3
-86,-145,1
-86,-144,6
-86,-143,7
-86,-142,1
-86,-141,1
-86,-140,1
-86,-139,2
-86,-134,7
-86,-133,1
-86,-132,9
-86,-131,10
-86,-130,2
-86,-127,1
-86,-126,5
-86,-122,1
-86,-120,3
-86,-117,2
-86,-115,4
-86,-110,1
-86,-108,3
-86,-106,1
-86,-103,1
-86,-100,1
-86,-95,1
-86,-92,1
-86,-91,3
-86,-90,1
-86,-89,1
-86,-85,1
-86,-73,1
-85,-197,3
-85,-196,1
-85,-186,3
-85,-183,1
-85,-182,1
-85,-181,1
-85,-178,1
-85,-177,1
-85,-176,6
-85,-174,1
-85,-173,2
-85,-168,1
-85,-165,1
-85,-164,5
-85,-163,2
-85,-162,1
-85,-161,4
-85,-160,39
-85,-159,7
-85,-154,2
-85,-148,52
-85,-147,54
-85,-146,9
-85,-145,1
-85,-144,1
-85,-143,3
-85,-142,2
-85,-140,2
-85,-139,16
-85,-138,3
-85,-137,1
-85,-133,11
-85,-132,56
-85,-131,7
-85,-129,1
-85,-128,1
-85,-127,1
-85,-123,1
-85,-121,2
-85,-120,3
-85,-118,2
-85,-117,2
-85,-116,1
-85,-115,1
-85,-114,1
-85,-113,2
-85,-109,1
-85,-105,1
-85,-96,1
-85,-91,7
-85,-90,3
-85,-85,1
-85,-82,1
-85,-73,1
-84,-211,2
-84,-203,3
-84,-201,2
-84,-200,3
-84,-199,1
-84,-198,3
-84,-193,1
-84,-190,1
-84,-189,1
-84,-185,1
-84,-184,1
-84,-182,2
-84,-181,1
-84,-179,2
-84,-178,1
-84,-177,2
-84,-171,1
-84,-167,2
-84,-165,1
-84,-164,3
-84,-163,3
-84,-162,1
-84,-161,1
-84,-159,2
-84,-152,4
-84,-150,6
-84,-149,7
-84,-148,33
-84,-147,6
-84,-145,1
-84,-144,1
-84,-137,1
-84,-136,2
-84,-135,1
-84,-134,2
-84,-133,2
-84,-132,9
-84,-130,2
-84,-129,1
-84,-128,7
-84,-125,1
-84,-123,1
-84,-122,6
-84,-120,1
-84,-116,1
-84,-115,2
-84,-114,5
-84,-109,2
-84,-99,1
-84,-96,1
-84,-90,2
-84,-74,1
-83,-211,1
-83,-200,2
-83,-199,1
-83,-198,2
-83,-193,1
-83,-187,1
-83,-186,1
-83,-185,2
-83,-182,3
-83,-181,5
-83,-180,1
-83,-179,1
-83,-178,3
-83,-177,1
-83,-176,1
-83,-175,2
-83,-174,1
-83,-170,1
-83,-169,1
-83,-168,2
-83,-167,2
-83,-166,1
-83,-165,1
-83,-163,8
-83,-162,2
-83,-159,4
-83,-158,1
-83,-152,1
-83,-150,1
-83,-149,1
-83,-148,1
-83,-145,4
-83,-144,1
-83,-141,1
-83,-139,1
-83,-137,3
-83,-136,2
-83,-135,2
-83,-134,2
-83,-129,2
-83,-128,4
-83,-127,1
-83,-123,1
-83,-121,2
-83,-117,1
-83,-116,2
-83,-115,5
-83,-114,22
-83,-113,1
-83,-104,1
-83,-99,2
-83,-98,1
-83,-96,1
-83,-81,1
-83,-79,1
-83,-67,1
-82,-198,1
-82,-196,1
-82,-193,1
-82,-190,1
-82,-188,7
-82,-185,1
-82,-179,3
-82,-178,23
-82,-177,4
-82,-176,2
-82,-175,1
-82,-173,1
-82,-170,1
-82,-169,2
-82,-168,4
-82,-162,3
-82,-160,7
-82,-159,42
-82,-158,13
-82,-157,4
-82,-156,3
-82,-155,2
-82,-153,3
-82,-152,2
-82,-151,1
-82,-150,3
-82,-148,5
-82,-147,7
-82,-146,7
-82,-145,2
-82,-140,3
-82,-137,1
-82,-136,2
-82,-133,1
-82,-132,1
-82,-129,8
-82,-127,1
-82,-126,1
-82,-125,1
-82,-122,1
-82,-121,3
-82,-118,1
-82,-114,16
-82,-113,1
-82,-111,1
-82,-110,2
-82,-109,1
-82,-106,1
-82,-100,1
-82,-99,2
-82,-97,1
-82,-96,2
-82,-95,5
-82,-94,1
-82,-93,1
-82,-86,1
-82,-85,1
-82,-76,1
-82,-65,1
-81,-211,1
-81,-210,7
-81,-209,1
-81,-206,1
-81,-205,2
-81,-199,1
-81,-196,1
-81,-194,3
-81,-193,1
-81,-189,1
-81,-188,4
-81,-187,2
-81,-185,1
-81,-179,4
-81,-178,93
-81,-177,7
-81,-175,2
-81,-173,3
-81,-171,1
-81,-170,1
-81,-169,1
-81,-168,1
-81,-166,1
-81,-165,1
-81,-164,2
-81,-163,5
-81,-162,4
-81,-153,1
-81,-152,6
-81,-151,4
-81,-149,1
-81,-147,2
-81,-146,4
-81,-145,1
-81,-143,2
-81,-140,1
-81,-138,2
-81,-137,2
-81,-132,1
-81,-131,1
-81,-129,4
-81,-128,2
-81,-127,1
-81,-125,1
-81,-124,2
-81,-115,1
-81,-114,2
-81,-113,1
-81,-99,1
-81,-98,1
-81,-97,2
-81,-96,3
-81,-95,10
-81,-94,5
-81,-78,1
-81,-72,2
-81,-64,1
-80,-210,3
-80,-208,4
-80,-207,1
-80,-199,1
-80,-195,1
-80,-193,2
-80,-192,1
-80,-190,2
-80,-183,1
-80,-180,2
-80,-179,14
-80,-178,43
-80,-177,3
-80,-176,7
-80,-175,2
-80,-174,2
-80,-171,2
-80,-169,1
-80,-167,2
-80,-165,3
-80,-164,2
-80,-162,3
-80,-160,1
-80,-159,1
-80,-154,1
-80,-153,3
-80,-152,2
-80,-151,2
-80,-150,3
-80,-148,6
-80,-147,6
-80,-146,9
-80,-145,2
-80,-144,3
-80,-143,4
-80,-142,2
-80,-141,1
-80,-140,1
-80,-138,1
-80,-136,1
-80,-135,1
-80,-132,1
-80,-131,2
-80,-130,11
-80,-129,10
-80,-128,1
-80,-127,1
-80,-126,1
-80,-124,1
-80,-123,8
-80,-122,3
-80,-121,1
-80,-120,3
-80,-119,1
-80,-118,1
-80,-117,1
-80,-116,1
-80,-115,1
-80,-114,1
-80,-112,1
-80,-110,1
-80,-99,2
-80,-96,1
-80,-95,20
-80,-94,10
-80,-93,1
-80,-92,1
-80,-73,1
-79,-212,2
-79,-202,1
-79,-200,1
-79,-199,1
-79,-192,1
-79,-190,2
-79,-185,2
-79,-184,1
-79,-182,3
-79,-181,2
-79,-180,2
-79,-178,2
-79,-177,7
-79,-176,6
-79,-175,1
-79,-174,1
-79,-171,1
-79,-170,2
-79,-169,4
-79,-168,2
-79,-167,1
-79,-162,4
-79,-157,2
-79,-156,1
-79,-155,1
-79,-154,2
-79,-153,3
-79,-152,2
-79,-150,1
-79,-148,1
-79,-147,38
-79,-146,16
-79,-145,2
-79,-144,1
-79,-142,1
-79,-141,9
-79,-140,5
-79,-139,3
-79,-138,2
-79,-137,1
-79,-136,2
-79,-135,2
-79,-134,3
-79,-133,3
-79,-132,10
-79,-131,20
-79,-130,11
-79,-125,1
-79,-123,1
-79,-121,1
-79,-117,1
-79,-116,3
-79,-115,11
-79,-113,1
-79,-112,3
-79,-103,1
-79,-98,1
-79,-65,1
-79,-63,2
-78,-213,1
-78,-212,2
-78,-211,2
-78,-204,3
-78,-202,1
-78,-200,2
-78,-198,2
-78,-190,2
-78,-189,1
-78,-187,1
-78,-186,3
-78,-185,2
-78,-184,3
-78,-183,1
-78,-182,1
-78,-180,4
-78,-179,1
-78,-178,1
-78,-177,6
-78,-176,1
-78,-175,5
-78,-173,1
-78,-171,1
-78,-170,2
-78,-168,2
-78,-162,4
-78,-160,3
-78,-158,2
-78,-157,1
-78,-151,1
-78,-149,1
-78,-148,1
-78,-147,1
-78,-146,3
-78,-145,1
-78,-144,1
-78,-140,2
-78,-139,3
-78,-138,2
-78,-135,1
-78,-133,2
-78,-132,18
-78,-131,128
-78,-130,10
-78,-129,1
-78,-123,2
-78,-122,1
-78,-121,3
-78,-117,3
-78,-115,2
-78,-114,1
-78,-112,2
-78,-110,1
-78,-107,2
-78,-106,1
-78,-104,1
-78,-103,4
-78,-102,2
-78,-100,1
-78,-99,2
-78,-89,1
-78,-84,1
-78,-71,1
-77,-214,1
-77,-211,2
-77,-201,1
-77,-200,1
-77,-198,1
-77,-190,4
-77,-187,1
-77,-186,1
-77,-182,3
-77,-178,1
-77,-176,2
-77,-175,5
-77,-174,5
-77,-171,2
-77,-170,2
-77,-169,1
-77,-165,2
-77,-164,1
-77,-163,2
-77,-162,3
-77,-161,1
-77,-158,1
-77,-157,9
-77,-156,1
-77,-153,1
-77,-151,2
-77,-149,1
-77,-147,8
-77,-146,3
-77,-142,1
-77,-140,2
-77,-139,3
-77,-138,1
-77,-133,4
-77,-132,29
-77,-131,42
-77,-130,2
-77,-129,1
-77,-124,1
-77,-123,3
-77,-121,2
-77,-118,1
-77,-117,1
-77,-116,1
-77,-113,3
-77,-112,5
-77,-109,2
-77,-108,6
-77,-107,1
-77,-104,1
-77,-103,2
-77,-99,1
-77,-97,1
-77,-94,1
-77,-73,1
-77,-71,1
-77,-63,1
-76,-214,1
-76,-212,3
-76,-211,2
-76,-206,1
-76,-203,1
-76,-202,1
-76,-196,1
-76,-192,1
-76,-191,1
-76,-184,2
-76,-183,3
-76,-174,3
-76,-173,5
-76,-172,27
-76,-171,13
-76,-169,2
-76,-166,1
-76,-165,2
-76,-163,1
-76,-161,3
-76,-158,1
-76,-157,13
-76,-156,1
-76,-148,5
-76,-147,25
-76,-146,1
-76,-143,3
-76,-140,3
-76,-139,1
-76,-138,3
-76,-134,1
-76,-133,1
-76,-132,6
-76,-131,2
-76,-126,1
-76,-124,3
-76,-123,15
-76,-122,3
-76,-118,1
-76,-116,1
-76,-114,3
-76,-113,3
-76,-111,2
-76,-110,5
-76,-109,1
-76,-108,1
-76,-107,1
-76,-106,1
-76,-104,1
-76,-100,1
-76,-99,1
-76,-96,2
-76,-89,1
-76,-70,1
-76,-69,1
-76,-66,2
-76,-64,1
-75,-214,1
-75,-213,5
-75,-212,1
-75,-211,2
-75,-209,1
-75,-208,1
-75,-204,1
-75,-203,1
-75,-201,2
-75,-198,1
-75,-197,3
-75,-196,2
-75,-194,1
-75,-191,1
-75,-190,1
-75,-188,2
-75,-185,1
-75,-184,5
-75,-183,13
-75,-173,46
-75,-172,82
-75,-171,8
-75,-170,10
-75,-169,1
-75,-167,4
-75,-166,4
-75,-165,3
-75,-159,2
-75,-158,1
-75,-156,1
-75,-155,1
-75,-152,1
-75,-148,1
-75,-147,3
-75,-142,20
-75,-141,18
-75,-140,2
-75,-138,2
-75,-137,1
-75,-134,1
-75,-133,2
-75,-132,7
-75,-131,1
-75,-129,1
-75,-126,1
-75,-125,1
-75,-122,1
-75,-121,1
-75,-118,10
-75,-117,2
-75,-114,1
-75,-112,1
-75,-110,2
-75,-109,1
-75,-108,4
-75,-107,22
-75,-105,1
-75,-102,1
-75,-96,1
-75,-94,1
-75,-93,1
-75,-92,1
-75,-90,1
-75,-81,1
-75,-70,2
-75,-69,2
-75,-68,2
-75,-67,1
-74,-214,1
-74,-213,22
-74,-208,1
-74,-207,4
-74,-206,12
-74,-205,1
-74,-203,1
-74,-202,1
-74,-197,1
-74,-193,1
-74,-191,3
-74,-190,2
-74,-188,3
-74,-185,7
-74,-184,38
-74,-183,8
-74,-182,2
-74,-179,2
-74,-174,1
-74,-173,3
-74,-172,1
-74,-170,2
-74,-169,2
-74,-168,5
-74,-167,4
-74,-166,4
-74,-165,5
-74,-161,1
-74,-160,8
-74,-159,1
-74,-156,1
-74,-154,1
-74,-153,2
-74,-150,1
-74,-148,2
-74,-147,4
-74,-145,1
-74,-142,4
-74,-141,2
-74,-140,1
-74,-139,1
-74,-137,1
-74,-133,2
-74,-131,1
-74,-129,1
-74,-128,1
-74,-127,1
-74,-119,2
-74,-118,25
-74,-114,2
-74,-113,1
-74,-110,7
-74,-109,1
-74,-108,3
-74,-107,26
-74,-106,1
-74,-105,4
-74,-104,3
-74,-102,1
-74,-100,3
-74,-99,31
-74,-98,2
-74,-96,1
-74,-94,1
-74,-80,1
-74,-73,1
-74,-72,1
-74,-71,1
-74,-70,4
-74,-69,1
-74,-65,2
-74,-62,1
-73,-215,3
-73,-214,4
-73,-211,1
-73,-210,1
-73,-209,4
-73,-207,6
-73,-206,51
-73,-201,1
-73,-200,3
-73,-195,3
-73,-194,1
-73,-193,1
-73,-191,4
-73,-188,4
-73,-187,2
-73,-185,2
-73,-184,2
-73,-179,1
-73,-177,1
-73,-174,2
-73,-173,1
-73,-170,4
-73,-169,2
-73,-167,5
-73,-166,35
-73,-165,1
-73,-164,1
-73,-161,1
-73,-160,7
-73,-157,1
-73,-156,2
-73,-155,3
-73,-154,3
-73,-153,1
-73,-151,1
-73,-150,3
-73,-148,18
-73,-147,14
-73,-142,1
-73,-141,1
-73,-138,2
-73,-137,3
-73,-135,1
-73,-134,1
-73,-133,5
-73,-132,2
-73,-131,5
-73,-129,1
-73,-128,1
-73,-127,3
-73,-118,4
-73,-116,2
-73,-113,1
-73,-111,1
-73,-110,1
-73,-108,1
-73,-107,1
-73,-106,1
-73,-104,1
-73,-102,1
-73,-100,12
-73,-99,29
-73,-94,1
-73,-79,1
-73,-78,2
-73,-72,1
-73,-71,3
-73,-69,1
-72,-212,1
-72,-208,7
-72,-206,15
-72,-205,3
-72,-202,1
-72,-197,1
-72,-196,1
-72,-195,2
-72,-194,1
-72,-193,1
-72,-191,1
-72,-187,3
-72,-186,1
-72,-185,1
-72,-184,1
-72,-173,1
-72,-172,1
-72,-170,1
-72,-169,1
-72,-168,3
-72,-167,2
-72,-166,10
-72,-165,5
-72,-163,1
-72,-160,3
-72,-157,6
-72,-156,36
-72,-155,44
-72,-154,2
-72,-152,1
-72,-150,8
-72,-149,5
-72,-148,1
-72,-147,1
-72,-143,14
-72,-142,2
-72,-137,1
-72,-135,2
-72,-134,20
-72,-133,18
-72,-132,43
-72,-131,48
-72,-130,7
-72,-129,4
-72,-128,1
-72,-127,3
-72,-120,1
-72,-118,3
-72,-117,5
-72,-112,1
-72,-109,2
-72,-108,1
-72,-107,2
-72,-105,1
-72,-104,1
-72,-102,2
-72,-101,3
-72,-100,1
-72,-99,1
-72,-98,1
-72,-96,1
-72,-93,1
-72,-92,2
-72,-77,4
-72,-76,2
-72,-74,1
-72,-73,1
-72,-62,1
-71,-207,1
-71,-204,3
-71,-203,1
-71,-201,1
-71,-198,1
-71,-196,3
-71,-195,1
-71,-194,1
-71,-193,5
-71,-191,2
-71,-190,2
-71,-189,1
-71,-187,2
-71,-186,12
-71,-185,1
-71,-174,1
-71,-173,3
-71,-172,5
-71,-171,2
-71,-169,1
-71,-167,1
-71,-165,2
-71,-164,5
-71,-163,1
-71,-160,9
-71,-157,1
-71,-155,17
-71,-153,1
-71,-149,19
-71,-148,4
-71,-145,1
-71,-143,1
-71,-141,2
-71,-140,4
-71,-137,1
-71,-136,1
-71,-135,1
-71,-134,7
-71,-133,1
-71,-132,6
-71,-131,10
-71,-130,2
-71,-128,1
-71,-124,4
-71,-123,5
-71,-122,2
-71,-121,1
-71,-120,2
-71,-119,4
-71,-118,13
-71,-117,23
-71,-116,3
-71,-111,4
-71,-110,1
-71,-109,4
-71,-103,1
-71,-100,1
-71,-97,1
-71,-92,4
-71,-79,1
-71,-73,1
-71,-71,1
-71,-66,3
-71,-65,1
-70,-212,1
-70,-211,1
-70,-209,2
-70,-208,4
-70,-203,6
-70,-202,1
-70,-199,1
-70,-198,1
-70,-196,1
-70,-194,3
-70,-193,1
-70,-187,16
-70,-186,34
-70,-185,3
-70,-184,4
-70,-177,1
-70,-175,2
-70,-173,1
-70,-172,2
-70,-170,1
-70,-169,5
-70,-167,1
-70,-166,1
-70,-165,1
-70,-164,8
-70,-163,1
-70,-162,2
-70,-161,1
-70,-160,3
-70,-154,1
-70,-153,1
-70,-152,1
-70,-151,5
-70,-150,1
-70,-149,38
-70,-148,19
-70,-147,1
-70,-146,1
-70,-144,6
-70,-143,3
-70,-142,2
-70,-140,2
-70,-139,1
-70,-138,1
-70,-137,3
-70,-136,1
-70,-135,3
-70,-134,1
-70,-133,1
-70,-132,1
-70,-131,1
-70,-130,2
-70,-128,1
-70,-122,2
-70,-120,1
-70,-119,3
-70,-118,1
-70,-117,3
-70,-116,1
-70,-111,3
-70,-102,3
-70,-99,1
-70,-96,1
-70,-92,2
-70,-79,1
-70,-75,2
-70,-74,1
-70,-72,1
-70,-70,2
-70,-69,1
-70,-64,2
-70,-61,1
-69,-213,1
-69,-212,14
-69,-211,22
-69,-209,3
-69,-206,1
-69,-205,1
-69,-204,1
-69,-203,1
-69,-202,3
-69,-201,5
-69,-199,25
-69,-198,26
-69,-197,2
-69,-196,1
-69,-194,1
-69,-193,5
-69,-191,1
-69,-187,12
-69,-186,6
-69,-185,2
-69,-184,3
-69,-172,1
-69,-171,3
-69,-170,2
-69,-166,5
-69,-165,5
-69,-164,23
-69,-163,2
-69,-162,5
-69,-161,4
-69,-160,3
-69,-159,5
-69,-158,1
-69,-157,4
-69,-156,1
-69,-153,1
-69,-145,1
-69,-144,22
-69,-143,1
-69,-142,3
-69,-141,1
-69,-140,1
-69,-136,1
-69,-135,4
-69,-134,2
-69,-133,3
-69,-132,1
-69,-131,1
-69,-130,1
-69,-129,2
-69,-128,2
-69,-125,1
-69,-124,3
-69,-123,1
-69,-122,1
-69,-121,2
-69,-119,1
-69,-118,1
-69,-117,1
-69,-114,4
-69,-112,1
-69,-110,1
-69,-103,9
-69,-102,8
-69,-100,1
-69,-99,1
-69,-98,3
-69,-97,1
-69,-96,4
-69,-92,1
-69,-91,1
-69,-87,1
-69,-83,1
-69,-71,1
-69,-68,1
-69,-62,2
-69,-61,2
-68,-213,1
-68,-212,19
-68,-211,10
-68,-210,1
-68,-209,2
-68,-208,1
-68,-204,1
-68,-202,1
-68,-200,2
-68,-199,52
-68,-198,39
-68,-197,1
-68,-196,1
-68,-195,1
-68,-194,2
-68,-193,3
-68,-192,2
-68,-191,3
-68,-190,1
-68,-189,1
-68,-188,1
-68,-187,1
-68,-186,2
-68,-185,4
-68,-184,1
-68,-183,3
-68,-182,1
-68,-181,1
-68,-179,1
-68,-176,6
-68,-175,1
-68,-174,8
-68,-173,1
-68,-168,1
-68,-166,1
-68,-164,10
-68,-162,1
-68,-160,3
-68,-159,14
-68,-158,3
-68,-157,2
-68,-156,3
-68,-155,3
-68,-154,14
-68,-151,1
-68,-148,3
-68,-147,8
-68,-146,3
-68,-143,2
-68,-141,4
-68,-140,1
-68,-136,1
-68,-135,19
-68,-134,18
-68,-133,19
-68,-132,15
-68,-131,26
-68,-130,5
-68,-126,1
-68,-125,2
-68,-123,2
-68,-120,1
-68,-119,4
-68,-118,2
-68,-117,2
-68,-115,4
-68,-114,9
-68,-113,1
-68,-112,1
-68,-109,3
-68,-103,5
-68,-102,6
-68,-101,2
-68,-98,2
-68,-93,1
-68,-92,1
-68,-81,1
-68,-80,1
-68,-71,1
-68,-70,9
-68,-69,35
-68,-68,1
-68,-65,1
-68,-64,2
-68,-63,6
-68,-62,9
-68,-61,4
-67,-216,1
-67,-214,1
-67,-212,1
-67,-211,4
-67,-210,1
-67,-208,2
-67,-204,3
-67,-199,6
-67,-198,6
-67,-197,7
-67,-195,1
-67,-194,1
-67,-193,23
-67,-192,2
-67,-190,1
-67,-188,6
-67,-186,1
-67,-185,4
-67,-184,1
-67,-183,1
-67,-179,8
-67,-178,4
-67,-176,2
-67,-175,1
-67,-173,1
-67,-171,1
-67,-170,1
-67,-169,2
-67,-165,2
-67,-164,1
-67,-163,2
-67,-162,1
-67,-160,3
-67,-159,8
-67,-148,18
-67,-147,44
-67,-146,1
-67,-136,2
-67,-135,13
-67,-134,6
-67,-133,3
-67,-132,63
-67,-131,145
-67,-130,30
-67,-129,8
-67,-128,1
-67,-127,1
-67,-125,1
-67,-121,3
-67,-120,1
-67,-117,5
-67,-116,2
-67,-115,7
-67,-114,1
-67,-112,1
-67,-109,2
-67,-105,1
-67,-98,1
-67,-91,1
-67,-88,1
-67,-85,1
-67,-84,2
-67,-80,1
-67,-76,1
-67,-73,1
-67,-70,3
-67,-69,5
-67,-68,3
-67,-65,1
-67,-64,5
-67,-63,5
-67,-62,1
-67,-61,2
-66,-216,1
-66,-212,2
-66,-211,2
-66,-208,3
-66,-207,2
-66,-204,2
-66,-202,1
-66,-201,2
-66,-200,1
-66,-198,1
-66,-197,1
-66,-196,5
-66,-195,2
-66,-194,7
-66,-193,29
-66,-192,3
-66,-190,1
-66,-189,10
-66,-188,6
-66,-187,1
-66,-186,1
-66,-185,2
-66,-184,6
-66,-183,2
-66,-182,1
-66,-180,1
-66,-179,7
-66,-178,2
-66,-177,2
-66,-176,8
-66,-175,16
-66,-174,2
-66,-173,2
-66,-172,2
-66,-169,4
-66,-168,2
-66,-164,3
-66,-163,1
-66,-162,1
-66,-160,1
-66,-159,5
-66,-158,3
-66,-157,2
-66,-156,2
-66,-155,1
-66,-154,1
-66,-153,14
-66,-152,1
-66,-150,1
-66,-148,2
-66,-146,3
-66,-145,1
-66,-144,1
-66,-140,1
-66,-138,2
-66,-137,2
-66,-135,1
-66,-134,4
-66,-133,1
-66,-132,11
-66,-131,21
-66,-130,9
-66,-129,1
-66,-125,21
-66,-124,5
-66,-123,6
-66,-122,2
-66,-121,1
-66,-119,2
-66,-118,8
-66,-117,30
-66,-116,1
-66,-108,10
-66,-104,1
-66,-98,3
-66,-96,4
-66,-95,1
-66,-94,3
-66,-93,2
-66,-81,1
-66,-78,10
-66,-77,23
-66,-73,1
-66,-72,1
-66,-70,1
-66,-69,1
-66,-66,1
-66,-65,1
-66,-64,11
-66,-63,16
-66,-62,11
-66,-61,3
-66,-60,3
-65,-211,2
-65,-208,1
-65,-204,2
-65,-202,1
-65,-198,1
-65,-196,1
-65,-194,25
-65,-193,7
-65,-192,4
-65,-190,6
-65,-189,8
-65,-188,10
-65,-185,2
-65,-184,1
-65,-178,1
-65,-177,1
-65,-172,2
-65,-168,5
-65,-167,1
-65,-166,4
-65,-165,2
-65,-164,8
-65,-162,3
-65,-159,7
-65,-158,11
-65,-157,7
-65,-156,1
-65,-154,1
-65,-153,6
-65,-152,1
-65,-151,1
-65,-150,6
-65,-148,1
-65,-141,8
-65,-140,2
-65,-139,4
-65,-138,2
-65,-137,5
-65,-135,5
-65,-134,6
-65,-133,3
-65,-132,3
-65,-131,6
-65,-130,2
-65,-129,3
-65,-128,1
-65,-127,2
-65,-125,4
-65,-123,2
-65,-122,2
-65,-121,5
-65,-119,1
-65,-118,10
-65,-117,50
-65,-116,6
-65,-113,2
-65,-108,5
-65,-99,1
-65,-96,1
-65,-95,1
-65,-94,1
-65,-93,3
-65,-90,1
-65,-89,1
-65,-84,1
-65,-82,1
-65,-79,1
-65,-78,1
-65,-77,2
-65,-75,1
-65,-66,1
-65,-65,1
-65,-64,14
-65,-63,55
-65,-62,14
-65,-61,1
-64,-217,1
-64,-215,1
-64,-211,1
-64,-201,2
-64,-199,1
-64,-198,1
-64,-197,3
-64,-195,1
-64,-193,7
-64,-192,2
-64,-191,1
-64,-190,13
-64,-189,46
-64,-188,27
-64,-187,10
-64,-186,1
-64,-177,2
-64,-175,1
-64,-173,2
-64,-168,2
-64,-167,3
-64,-165,6
-64,-164,10
-64,-163,1
-64,-162,1
-64,-160,1
-64,-159,3
-64,-156,2
-64,-147,3
-64,-146,12
-64,-145,4
-64,-144,4
-64,-143,2
-64,-142,3
-64,-141,36
-64,-140,1
-64,-139,2
-64,-138,1
-64,-137,2
-64,-135,4
-64,-134,15
-64,-131,1
-64,-129,1
-64,-128,1
-64,-124,1
-64,-120,5
-64,-119,3
-64,-118,1
-64,-117,1
-64,-116,3
-64,-115,2
-64,-112,1
-64,-107,1
-64,-104,1
-64,-103,1
-64,-98,1
-64,-97,1
-64,-96,3
-64,-95,6
-64,-94,1
-64,-92,1
-64,-91,1
-64,-88,1
-64,-81,1
-64,-74,2
-64,-71,1
-64,-70,1
-64,-68,2
-64,-64,8
-64,-63,48
-64,-62,3
-63,-217,2
-63,-215,1
-63,-213,2
-63,-212,3
-63,-211,1
-63,-210,1
-63,-209,1
-63,-204,3
-63,-203,4
-63,-202,3
-63,-201,1
-63,-199,1
-63,-198,1
-63,-196,1
-63,-194,1
-63,-193,1
-63,-192,1
-63,-191,1
-63,-190,4
-63,-189,19
-63,-188,24
-63,-187,27
-63,-186,11
-63,-185,3
-63,-184,1
-63,-183,1
-63,-182,1
-63,-177,3
-63,-176,4
-63,-174,1
-63,-172,3
-63,-170,3
-63,-168,1
-63,-167,3
-63,-166,2
-63,-164,18
-63,-163,17
-63,-161,1
-63,-160,4
-63,-159,6
-63,-158,5
-63,-157,3
-63,-155,1
-63,-154,2
-63,-153,2
-63,-152,3
-63,-151,6
-63,-150,6
-63,-149,3
-63,-148,2
-63,-147,4
-63,-146,7
-63,-145,2
-63,-143,1
-63,-142,2
-63,-141,13
-63,-140,1
-63,-139,3
-63,-138,2
-63,-135,3
-63,-134,1
-63,-133,2
-63,-131,3
-63,-130,7
-63,-129,2
-63,-126,1
-63,-125,1
-63,-123,1
-63,-120,1
-63,-119,3
-63,-118,3
-63,-117,2
-63,-116,9
-63,-112,1
-63,-110,2
-63,-107,1
-63,-105,1
-63,-104,2
-63,-103,24
-63,-102,9
-63,-101,1
-63,-99,1
-63,-97,2
-63,-96,1
-63,-95,5
-63,-94,16
-63,-93,4
-63,-82,4
-63,-81,1
-63,-77,6
-63,-76,1
-63,-73,1
-63,-72,2
-63,-71,1
-63,-70,1
-63,-66,1
-63,-63,16
-63,-62,1
-62,-216,4
-62,-207,1
-62,-205,1
-62,-204,6
-62,-199,3
-62,-197,2
-62,-195,1
-62,-193,1
-62,-192,4
-62,-191,4
-62,-190,10
-62,-189,9
-62,-188,7
-62,-187,24
-62,-186,4
-62,-185,1
-62,-184,1
-62,-181,1
-62,-180,1
-62,-176,2
-62,-174,3
-62,-173,2
-62,-172,2
-62,-169,1
-62,-168,3
-62,-167,2
-62,-166,2
-62,-165,3
-62,-163,3
-62,-162,2
-62,-160,1
-62,-159,6
-62,-158,1
-62,-156,2
-62,-155,1
-62,-154,4
-62,-153,1
-62,-152,1
-62,-149,1
-62,-148,2
-62,-146,4
-62,-145,5
-62,-142,1
-62,-141,7
-62,-140,3
-62,-139,5
-62,-138,2
-62,-136,1
-62,-135,2
-62,-132,5
-62,-131,14
-62,-130,14
-62,-129,8
-62,-125,17
-62,-124,8
-62,-123,10
-62,-121,1
-62,-118,2
-62,-117,5
-62,-116,5
-62,-111,1
-62,-105,2
-62,-104,4
-62,-103,4
-62,-98,1
-62,-97,2
-62,-96,3
-62,-94,8
-62,-93,3
-62,-92,1
-62,-82,1
-62,-81,1
-62,-78,1
-62,-76,1
-62,-72,1
-62,-66,1
-62,-65,1
-62,-60,1
-61,-216,1
-61,-215,2
-61,-213,2
-61,-208,3
-61,-207,9
-61,-206,10
-61,-205,1
-61,-204,1
-61,-203,1
-61,-202,2
-61,-200,2
-61,-199,1
-61,-196,1
-61,-192,1
-61,-190,13
-61,-188,5
-61,-187,2
-61,-185,2
-61,-184,1
-61,-183,1
-61,-182,3
-61,-180,1
-61,-179,15
-61,-178,1
-61,-176,4
-61,-175,23
-61,-174,17
-61,-173,2
-61,-172,4
-61,-171,1
-61,-168,4
-61,-167,4
-61,-166,1
-61,-163,1
-61,-162,5
-61,-161,1
-61,-160,5
-61,-159,10
-61,-158,3
-61,-157,2
-61,-156,1
-61,-155,3
-61,-154,3
-61,-153,6
-61,-152,34
-61,-151,64
-61,-150,49
-61,-149,14
-61,-148,2
-61,-147,1
-61,-146,5
-61,-145,43
-61,-144,5
-61,-143,1
-61,-140,6
-61,-139,2
-61,-138,9
-61,-137,3
-61,-135,7
-61,-133,5
-61,-132,38
-61,-131,83
-61,-130,176
-61,-129,59
-61,-128,13
-61,-127,8
-61,-126,1
-61,-125,5
-61,-123,2
-61,-122,1
-61,-120,1
-61,-119,1
-61,-118,1
-61,-117,2
-61,-113,1
-61,-112,1
-61,-111,4
-61,-105,3
-61,-104,2
-61,-103,2
-61,-102,1
-61,-101,1
-61,-99,1
-61,-98,2
-61,-97,5
-61,-96,4
-61,-94,5
-61,-93,1
-61,-86,1
-61,-82,2
-61,-80,1
-61,-74,1
-61,-71,3
-61,-70,1
-61,-69,1
-61,-66,2
-61,-63,1
-61,-62,1
-60,-214,1
-60,-213,1
-60,-205,2
-60,-202,1
-60,-200,1
-60,-199,1
-60,-195,4
-60,-193,1
-60,-192,2
-60,-191,1
-60,-190,10
-60,-189,2
-60,-187,2
-60,-186,1
-60,-184,3
-60,-183,11
-60,-182,3
-60,-180,1
-60,-179,5
-60,-176,1
-60,-175,71
-60,-174,94
-60,-173,6
-60,-172,1
-60,-171,2
-60,-170,3
-60,-166,2
-60,-164,8
-60,-160,8
-60,-159,86
-60,-158,43
-60,-157,14
-60,-156,3
-60,-153,4
-60,-152,17
-60,-151,93
-60,-150,76
-60,-149,5
-60,-147,2
-60,-146,6
-60,-145,33
-60,-144,15
-60,-143,2
-60,-142,1
-60,-141,9
-60,-140,12
-60,-139,2
-60,-138,8
-60,-137,4
-60,-136,6
-60,-135,17
-60,-132,3
-60,-131,12
-60,-129,8
-60,-128,4
-60,-127,3
-60,-126,2
-60,-125,1
-60,-124,1
-60,-123,1
-60,-122,2
-60,-121,1
-60,-119,3
-60,-118,2
-60,-117,7
-60,-116,3
-60,-115,2
-60,-114,1
-60,-106,1
-60,-102,2
-60,-101,1
-60,-98,2
-60,-97,4
-60,-96,1
-60,-95,2
-60,-93,1
-60,-92,1
-60,-91,1
-60,-82,5
-60,-81,9
-60,-74,5
-60,-71,2
-60,-70,5
-60,-69,11
-60,-68,20
-60,-62,1
-60,-61,1
-59,-215,1
-59,-213,4
-59,-210,1
-59,-206,1
-59,-205,1
-59,-204,2
-59,-201,1
-59,-200,6
-59,-199,3
-59,-196,6
-59,-195,14
-59,-194,3
-59,-193,2
-59,-192,2
-59,-190,1
-59,-186,4
-59,-185,2
-59,-184,1
-59,-183,1
-59,-180,1
-59,-178,1
-59,-177,3
-59,-176,12
-59,-175,6
-59,-174,12
-59,-173,1
-59,-172,1
-59,-171,1
-59,-170,2
-59,-169,2
-59,-168,2
-59,-166,4
-59,-165,2
-59,-164,2
-59,-163,2
-59,-162,1
-59,-161,1
-59,-160,1
-59,-159,66
-59,-158,20
-59,-157,4
-59,-156,2
-59,-155,2
-59,-154,5
-59,-153,1
-59,-151,4
-59,-150,3
-59,-149,6
-59,-148,1
-59,-147,2
-59,-146,1
-59,-145,4
-59,-144,5
-59,-143,3
-59,-141,1
-59,-140,4
-59,-139,3
-59,-137,1
-59,-135,11
-59,-134,1
-59,-133,2
-59,-132,8
-59,-131,6
-59,-130,2
-59,-129,2
-59,-128,1
-59,-127,16
-59,-126,7
-59,-125,1
-59,-124,1
-59,-123,1
-59,-122,2
-59,-121,1
-59,-119,3
-59,-118,2
-59,-117,50
-59,-116,3
-59,-115,1
-59,-111,1
-59,-109,1
-59,-106,2
-59,-104,2
-59,-103,1
-59,-101,1
-59,-96,5
-59,-95,4
-59,-90,2
-59,-86,2
-59,-81,1
-59,-80,1
-59,-75,4
-59,-73,1
-59,-70,2
-59,-69,4
-59,-68,15
-59,-67,2
-59,-64,1
-59,-61,3
-59,-60,1
-58,-218,2
-58,-217,3
-58,-214,1
-58,-212,5
-58,-211,1
-58,-209,1
-58,-206,7
-58,-200,15
-58,-198,1
-58,-196,3
-58,-195,7
-58,-193,1
-58,-191,1
-58,-186,4
-58,-184,2
-58,-183,1
-58,-182,1
-58,-181,3
-58,-180,2
-58,-178,2
-58,-177,1
-58,-176,2
-58,-174,6
-58,-170,12
-58,-169,1
-58,-168,2
-58,-166,1
-58,-165,2
-58,-161,3
-58,-160,4
-58,-159,1
-58,-158,5
-58,-157,2
-58,-156,3
-58,-155,2
-58,-154,2
-58,-151,1
-58,-149,4
-58,-148,2
-58,-146,1
-58,-145,1
-58,-144,7
-58,-143,1
-58,-142,2
-58,-141,1
-58,-140,2
-58,-139,3
-58,-138,2
-58,-137,9
-58,-136,4
-58,-135,8
-58,-133,4
-58,-132,1
-58,-130,5
-58,-128,1
-58,-127,4
-58,-124,3
-58,-123,3
-58,-120,5
-58,-119,1
-58,-118,4
-58,-117,18
-58,-115,1
-58,-114,2
-58,-113,2
-58,-108,2
-58,-107,6
-58,-106,9
-58,-105,3
-58,-104,1
-58,-99,1
-58,-97,2
-58,-96,4
-58,-95,20
-58,-94,1
-58,-93,1
-58,-87,2
-58,-86,1
-58,-85,2
-58,-84,4
-58,-83,2
-58,-82,2
-58,-78,1
-58,-77,1
-58,-76,1
-58,-75,2
-58,-74,1
-58,-73,1
-58,-70,1
-58,-69,3
-58,-68,1
-58,-67,1
-58,-62,1
-58,-60,1
-57,-217,1
-57,-216,1
-57,-214,1
-57,-213,1
-57,-212,1
-57,-209,1
-57,-208,1
-57,-206,2
-57,-205,2
-57,-200,5
-57,-199,4
-57,-192,1
-57,-189,1
-57,-187,1
-57,-186,3
-57,-185,1
-57,-183,4
-57,-182,1
-57,-180,1
-57,-175,2
-57,-174,2
-57,-171,4
-57,-170,20
-57,-169,2
-57,-166,2
-57,-162,1
-57,-161,1
-57,-159,1
-57,-158,2
-57,-157,11
-57,-156,6
-57,-155,2
-57,-153,4
-57,-151,2
-57,-150,5
-57,-149,1
-57,-148,2
-57,-145,3
-57,-144,37
-57,-143,26
-57,-142,4
-57,-141,5
-57,-140,2
-57,-139,4
-57,-137,5
-57,-136,1
-57,-135,5
-57,-134,1
-57,-133,3
-57,-131,1
-57,-130,2
-57,-128,2
-57,-127,1
-57,-125,1
-57,-124,1
-57,-123,1
-57,-120,1
-57,-117,6
-57,-114,2
-57,-113,3
-57,-109,1
-57,-106,2
-57,-105,25
-57,-103,2
-57,-99,1
-57,-97,2
-57,-96,2
-57,-91,1
-57,-88,2
-57,-86,11
-57,-85,1
-57,-84,2
-57,-82,3
-57,-81,1
-57,-80,8
-57,-79,4
-57,-78,1
-57,-76,1
-57,-64,2
-57,-63,2
-56,-217,1
-56,-211,1
-56,-209,1
-56,-206,1
-56,-205,12
-56,-204,1
-56,-203,2
-56,-200,3
-56,-199,2
-56,-198,1
-56,-194,2
-56,-193,1
-56,-191,1
-56,-190,2
-56,-189,10
-56,-188,1
-56,-185,1
-56,-184,4
-56,-182,18
-56,-181,4
-56,-175,5
-56,-174,2
-56,-169,1
-56,-168,1
-56,-165,3
-56,-159,7
-56,-158,5
-56,-157,10
-56,-156,9
-56,-155,2
-56,-153,3
-56,-152,4
-56,-151,1
-56,-150,4
-56,-148,6
-56,-147,30
-56,-145,1
-56,-144,2
-56,-143,3
-56,-142,1
-56,-141,2
-56,-140,1
-56,-139,2
-56,-137,3
-56,-136,1
-56,-135,12
-56,-134,1
-56,-133,2
-56,-130,1
-56,-129,1
-56,-127,1
-56,-126,1
-56,-125,2
-56,-124,2
-56,-123,2
-56,-122,1
-56,-121,2
-56,-119,1
-56,-116,1
-56,-115,2
-56,-114,7
-56,-112,4
-56,-111,1
-56,-108,1
-56,-107,1
-56,-106,1
-56,-105,2
-56,-100,3
-56,-99,1
-56,-98,1
-56,-97,1
-56,-96,8
-56,-94,1
-56,-92,2
-56,-91,1
-56,-87,1
-56,-86,1
-56,-85,2
-56,-84,4
-56,-83,1
-56,-82,3
-56,-81,1
-56,-79,2
-56,-78,1
-56,-77,2
-56,-75,1
-56,-72,2
-56,-64,1
-56,-59,1
-55,-218,1
-55,-217,5
-55,-213,1
-55,-211,4
-55,-209,1
-55,-208,5
-55,-206,3
-55,-205,2
-55,-204,2
-55,-203,1
-55,-202,1
-55,-201,4
-55,-200,1
-55,-198,2
-55,-193,2
-55,-192,1
-55,-191,1
-55,-189,1
-55,-187,1
-55,-185,1
-55,-184,12
-55,-183,1
-55,-182,2
-55,-179,2
-55,-176,6
-55,-175,8
-55,-174,2
-55,-173,1
-55,-172,1
-55,-171,2
-55,-170,1
-55,-168,8
-55,-166,2
-55,-165,13
-55,-163,1
-55,-162,1
-55,-161,5
-55,-160,4
-55,-158,1
-55,-156,20
-55,-155,4
-55,-153,4
-55,-152,8
-55,-151,7
-55,-150,2
-55,-148,8
-55,-147,26
-55,-146,4
-55,-145,3
-55,-144,2
-55,-143,3
-55,-142,4
-55,-141,6
-55,-139,6
-55,-138,12
-55,-136,5
-55,-135,37
-55,-134,4
-55,-133,3
-55,-132,1
-55,-131,25
-55,-130,9
-55,-129,2
-55,-126,1
-55,-124,4
-55,-123,13
-55,-122,2
-55,-121,11
-55,-120,17
-55,-119,1
-55,-118,1
-55,-114,1
-55,-111,1
-55,-108,1
-55,-105,1
-55,-99,3
-55,-96,2
-55,-92,1
-55,-91,1
-55,-87,2
-55,-86,2
-55,-85,1
-55,-84,3
-55,-83,2
-55,-81,3
-55,-80,1
-55,-79,1
-55,-78,2
-54,-214,2
-54,-209,1
-54,-208,4
-54,-207,2
-54,-206,1
-54,-204,2
-54,-202,3
-54,-201,2
-54,-197,2
-54,-195,1
-54,-193,3
-54,-192,5
-54,-191,21
-54,-190,2
-54,-188,1
-54,-187,1
-54,-181,1
-54,-180,3
-54,-179,5
-54,-178,1
-54,-177,7
-54,-176,6
-54,-175,26
-54,-174,30
-54,-173,7
-54,-172,4
-54,-170,1
-54,-169,1
-54,-168,5
-54,-167,1
-54,-166,4
-54,-165,77
-54,-164,7
-54,-163,1
-54,-160,3
-54,-159,1
-54,-158,1
-54,-157,2
-54,-156,11
-54,-155,20
-54,-153,2
-54,-152,9
-54,-151,17
-54,-150,4
-54,-149,4
-54,-148,4
-54,-147,8
-54,-146,1
-54,-145,2
-54,-144,2
-54,-143,7
-54,-142,30
-54,-141,32
-54,-140,12
-54,-139,2
-54,-138,15
-54,-137,4
-54,-136,2
-54,-135,3
-54,-133,2
-54,-132,1
-54,-131,17
-54,-130,1
-54,-129,14
-54,-128,5
-54,-127,2
-54,-126,1
-54,-124,2
-54,-121,2
-54,-120,7
-54,-118,1
-54,-108,2
-54,-107,1
-54,-105,1
-54,-101,1
-54,-99,10
-54,-96,1
-54,-95,1
-54,-94,2
-54,-93,1
-54,-92,1
-54,-90,1
-54,-87,1
-54,-84,1
-54,-81,1
-54,-79,1
-54,-78,3
-54,-77,2
-54,-76,5
-54,-62,1
-53,-215,2
-53,-214,3
-53,-212,2
-53,-211,1
-53,-208,2
-53,-207,1
-53,-206,3
-53,-205,7
-53,-204,1
-53,-203,1
-53,-202,1
-53,-199,1
-53,-194,2
-53,-193,4
-53,-191,2
-53,-187,1
-53,-184,1
-53,-175,1
-53,-173,1
-53,-171,1
-53,-170,1
-53,-167,5
-53,-165,10
-53,-164,2
-53,-163,2
-53,-159,1
-53,-157,1
-53,-156,7
-53,-155,6
-53,-153,4
-53,-152,1
-53,-151,2
-53,-150,3
-53,-149,3
-53,-148,5
-53,-147,34
-53,-146,2
-53,-145,1
-53,-143,4
-53,-142,8
-53,-141,36
-53,-140,15
-53,-139,5
-53,-138,16
-53,-137,12
-53,-136,23
-53,-135,13
-53,-133,3
-53,-132,1
-53,-131,3
-53,-130,1
-53,-129,2
-53,-127,25
-53,-124,1
-53,-123,3
-53,-117,2
-53,-116,5
-53,-115,1
-53,-111,1
-53,-109,4
-53,-108,13
-53,-107,7
-53,-105,1
-53,-103,1
-53,-101,1
-53,-99,1
-53,-97,1
-53,-96,1
-53,-95,1
-53,-94,1
-53,-86,3
-53,-85,1
-53,-84,1
-53,-82,1
-53,-81,1
-53,-78,4
-53,-77,20
-53,-76,4
-53,-68,1
-53,-63,1
-53,-61,1
-52,-216,1
-52,-215,1
-52,-214,1
-52,-212,9
-52,-211,1
-52,-210,1
-52,-209,1
-52,-208,10
-52,-207,5
-52,-206,2
-52,-205,2
-52,-204,2
-52,-203,2
-52,-202,2
-52,-201,3
-52,-199,4
-52,-196,1
-52,-195,2
-52,-194,4
-52,-193,8
-52,-192,18
-52,-191,3
-52,-190,5
-52,-187,1
-52,-186,1
-52,-184,1
-52,-181,1
-52,-178,6
-52,-177,3
-52,-174,1
-52,-172,2
-52,-171,1
-52,-170,2
-52,-167,1
-52,-166,2
-52,-165,4
-52,-164,4
-52,-163,1
-52,-162,6
-52,-161,21
-52,-156,14
-52,-155,7
-52,-154,7
-52,-153,5
-52,-152,5
-52,-151,1
-52,-149,1
-52,-148,11
-52,-147,5
-52,-146,4
-52,-145,3
-52,-143,3
-52,-142,2
-52,-141,6
-52,-140,20
-52,-139,9
-52,-138,18
-52,-137,18
-52,-136,23
-52,-135,5
-52,-134,2
-52,-133,4
-52,-132,1
-52,-130,1
-52,-128,2
-52,-127,1
-52,-126,3
-52,-125,1
-52,-124,1
-52,-123,3
-52,-121,1
-52,-119,1
-52,-117,3
-52,-112,2
-52,-111,1
-52,-110,1
-52,-109,2
-52,-108,4
-52,-107,6
-52,-106,1
-52,-103,1
-52,-102,3
-52,-100,3
-52,-98,5
-52,-93,7
-52,-92,1
-52,-91,1
-52,-84,1
-52,-82,1
-52,-81,1
-52,-80,2
-52,-79,1
-52,-78,2
-52,-77,25
-52,-76,8
-52,-68,1
-51,-216,2
-51,-215,2
-51,-214,5
-51,-212,5
-51,-211,3
-51,-210,7
-51,-209,16
-51,-208,34
-51,-201,2
-51,-200,2
-51,-199,2
-51,-196,1
-51,-194,1
-51,-193,1
-51,-192,3
-51,-191,1
-51,-190,5
-51,-181,1
-51,-179,1
-51,-177,1
-51,-175,5
-51,-174,2
-51,-173,4
-51,-168,1
-51,-167,2
-51,-166,7
-51,-165,5
-51,-164,3
-51,-162,17
-51,-161,3
-51,-160,6
-51,-157,25
-51,-156,6
-51,-155,1
-51,-154,16
-51,-153,45
-51,-152,28
-51,-151,4
-51,-150,26
-51,-149,13
-51,-148,2
-51,-146,4
-51,-145,4
-51,-144,6
-51,-143,15
-51,-142,9
-51,-141,2
-51,-140,12
-51,-139,46
-51,-138,32
-51,-137,64
-51,-136,41
-51,-135,1
-51,-134,2
-51,-133,8
-51,-132,3
-51,-131,4
-51,-130,7
-51,-129,10
-51,-128,2
-51,-127,12
-51,-126,7
-51,-125,5
-51,-124,12
-51,-122,15
-51,-121,4
-51,-119,1
-51,-118,2
-51,-113,1
-51,-112,2
-51,-111,1
-51,-109,5
-51,-108,3
-51,-102,2
-51,-101,1
-51,-100,4
-51,-99,1
-51,-98,10
-51,-95,1
-51,-93,3
-51,-92,1
-51,-91,1
-51,-82,1
-51,-81,1
-51,-80,1
-51,-79,5
-51,-78,1
-51,-77,7
-51,-76,4
-51,-75,1
-51,-67,1
-51,-65,1
-50,-217,1
-50,-216,1
-50,-215,3
-50,-213,1
-50,-212,1
-50,-211,6
-50,-210,34
-50,-209,98
-50,-208,142
-50,-207,5
-50,-206,1
-50,-205,2
-50,-202,1
-50,-200,1
-50,-199,1
-50,-196,5
-50,-195,3
-50,-194,3
-50,-193,1
-50,-192,4
-50,-191,2
-50,-190,1
-50,-187,6
-50,-186,8
-50,-185,2
-50,-182,1
-50,-181,2
-50,-179,1
-50,-177,9
-50,-176,3
-50,-174,2
-50,-171,5
-50,-170,2
-50,-168,7
-50,-166,1
-50,-165,5
-50,-164,1
-50,-162,2
-50,-161,3
-50,-160,14
-50,-159,21
-50,-158,23
-50,-157,31
-50,-156,2
-50,-155,6
-50,-154,6
-50,-153,70
-50,-152,135
-50,-151,185
-50,-150,74
-50,-149,11
-50,-148,9
-50,-147,4
-50,-146,1
-50,-143,2
-50,-142,7
-50,-141,2
-50,-140,7
-50,-139,103
-50,-138,163
-50,-137,78
-50,-136,42
-50,-135,25
-50,-134,27
-50,-133,48
-50,-132,2
-50,-131,2
-50,-130,1
-50,-129,5
-50,-128,1
-50,-127,3
-50,-126,5
-50,-124,6
-50,-122,4
-50,-121,3
-50,-120,2
-50,-119,7
-50,-115,1
-50,-114,1
-50,-112,5
-50,-110,1
-50,-109,15
-50,-108,4
-50,-107,1
-50,-105,3
-50,-103,1
-50,-101,2
-50,-100,4
-50,-99,1
-50,-98,3
-50,-94,1
-50,-93,1
-50,-87,3
-50,-81,1
-50,-80,5
-50,-79,1
-50,-78,1
-50,-77,1
-50,-76,1
-50,-75,1
-50,-71,2
-50,-70,1
-50,-68,1
-50,-65,1
-50,-63,1
-49,-216,1
-49,-214,1
-49,-212,1
-49,-211,4
-49,-210,45
-49,-209,137
-49,-208,93
-49,-207,16
-49,-206,5
-49,-205,1
-49,-204,1
-49,-199,1
-49,-195,12
-49,-194,3
-49,-193,1
-49,-192,1
-49,-191,1
-49,-190,10
-49,-189,5
-49,-188,11
-49,-187,4
-49,-186,2
-49,-185,1
-49,-183,1
-49,-182,1
-49,-181,2
-49,-177,6
-49,-176,1
-49,-172,2
-49,-171,13
-49,-170,2
-49,-168,18
-49,-167,2
-49,-166,1
-49,-165,5
-49,-164,4
-49,-163,1
-49,-160,8
-49,-159,47
-49,-158,66
-49,-157,12
-49,-156,16
-49,-154,7
-49,-153,71
-49,-152,292
-49,-151,273
-49,-150,119
-49,-149,26
-49,-148,5
-49,-147,3
-49,-145,1
-49,-144,3
-49,-143,1
-49,-142,5
-49,-141,20
-49,-140,24
-49,-139,90
-49,-138,231
-49,-137,192
-49,-136,136
-49,-135,57
-49,-134,10
-49,-133,35
-49,-132,5
-49,-131,2
-49,-130,3
-49,-128,22
-49,-127,1
-49,-126,4
-49,-124,5
-49,-123,1
-49,-122,1
-49,-121,3
-49,-120,3
-49,-119,19
-49,-118,2
-49,-116,1
-49,-113,2
-49,-112,8
-49,-111,2
-49,-109,6
-49,-107,1
-49,-102,1
-49,-101,1
-49,-99,1
-49,-96,1
-49,-93,1
-49,-87,23
-49,-82,2
-49,-80,1
-49,-79,2
-49,-78,1
-49,-76,2
-49,-75,1
-49,-73,3
-49,-71,2
-49,-68,1
-49,-66,2
-48,-214,1
-48,-213,1
-48,-211,5
-48,-210,19
-48,-209,31
-48,-208,17
-48,-207,3
-48,-203,1
-48,-202,2
-48,-198,1
-48,-197,1
-48,-196,1
-48,-195,6
-48,-194,1
-48,-192,1
-48,-191,5
-48,-190,26
-48,-189,3
-48,-188,1
-48,-187,6
-48,-186,2
-48,-185,2
-48,-183,1
-48,-182,1
-48,-181,1
-48,-179,2
-48,-178,2
-48,-177,2
-48,-176,8
-48,-175,1
-48,-174,2
-48,-171,1
-48,-170,5
-48,-169,21
-48,-168,4
-48,-167,2
-48,-166,2
-48,-165,2
-48,-164,6
-48,-163,1
-48,-161,4
-48,-160,7
-48,-159,6
-48,-158,13
-48,-157,34
-48,-156,55
-48,-155,7
-48,-154,14
-48,-153,100
-48,-152,210
-48,-151,128
-48,-150,50
-48,-149,36
-48,-148,1
-48,-147,25
-48,-146,24
-48,-145,2
-48,-143,1
-48,-142,18
-48,-141,83
-48,-140,22
-48,-139,69
-48,-138,221
-48,-137,272
-48,-136,204
-48,-135,39
-48,-134,20
-48,-133,55
-48,-132,4
-48,-131,2
-48,-130,1
-48,-129,7
-48,-128,38
-48,-127,36
-48,-126,3
-48,-124,3
-48,-123,1
-48,-122,2
-48,-121,1
-48,-120,7
-48,-119,9
-48,-118,1
-48,-117,1
-48,-116,1
-48,-114,1
-48,-113,2
-48,-112,30
-48,-111,1
-48,-110,1
-48,-107,1
-48,-106,1
-48,-103,6
-48,-98,1
-48,-97,2
-48,-96,1
-48,-94,1
-48,-89,1
-48,-87,1
-48,-85,2
-48,-84,2
-48,-83,6
-48,-82,7
-48,-79,2
-48,-76,1
-48,-71,1
-48,-70,1
-48,-66,1
-48,-62,1
-48,-61,1
-48,-60,2
-47,-218,1
-47,-214,1
-47,-212,1
-47,-210,2
-47,-209,3
-47,-208,3
-47,-207,2
-47,-205,1
-47,-204,2
-47,-203,2
-47,-197,3
-47,-196,2
-47,-194,1
-47,-193,3
-47,-192,1
-47,-191,2
-47,-190,13
-47,-189,3
-47,-188,6
-47,-187,4
-47,-186,2
-47,-185,4
-47,-184,16
-47,-183,2
-47,-179,1
-47,-178,1
-47,-176,9
-47,-175,10
-47,-174,5
-47,-173,2
-47,-172,1
-47,-171,1
-47,-170,24
-47,-169,45
-47,-168,6
-47,-167,1
-47,-166,1
-47,-165,1
-47,-164,4
-47,-163,7
-47,-162,5
-47,-161,8
-47,-160,1
-47,-158,6
-47,-157,17
-47,-156,25
-47,-155,6
-47,-154,29
-47,-153,80
-47,-152,53
-47,-151,71
-47,-150,3
-47,-149,20
-47,-148,65
-47,-147,59
-47,-146,21
-47,-145,8
-47,-144,5
-47,-143,14
-47,-142,17
-47,-141,6
-47,-140,3
-47,-139,5
-47,-138,152
-47,-137,146
-47,-136,91
-47,-135,23
-47,-134,17
-47,-133,18
-47,-132,2
-47,-131,11
-47,-130,4
-47,-129,23
-47,-128,124
-47,-127,44
-47,-125,1
-47,-124,25
-47,-121,5
-47,-120,22
-47,-119,14
-47,-118,1
-47,-117,1
-47,-114,2
-47,-113,1
-47,-112,9
-47,-111,3
-47,-108,1
-47,-107,3
-47,-106,9
-47,-105,3
-47,-103,3
-47,-101,1
-47,-100,1
-47,-95,5
-47,-94,3
-47,-85,2
-47,-84,1
-47,-83,5
-47,-82,37
-47,-81,2
-47,-77,2
-47,-75,1
-47,-72,1
-47,-70,3
-47,-64,2
-47,-63,1
-47,-61,5
-47,-60,2
-46,-216,4
-46,-215,3
-46,-212,2
-46,-211,3
-46,-210,3
-46,-209,4
-46,-207,3
-46,-206,1
-46,-205,1
-46,-204,7
-46,-200,1
-46,-199,1
-46,-198,2
-46,-197,2
-46,-196,2
-46,-195,1
-46,-194,11
-46,-192,2
-46,-190,2
-46,-189,4
-46,-188,3
-46,-187,3
-46,-186,1
-46,-185,1
-46,-184,5
-46,-183,3
-46,-182,2
-46,-179,2
-46,-178,3
-46,-177,9
-46,-176,10
-46,-173,1
-46,-172,1
-46,-171,11
-46,-170,15
-46,-169,6
-46,-168,2
-46,-167,2
-46,-166,2
-46,-165,1
-46,-164,7
-46,-163,9
-46,-162,8
-46,-161,1
-46,-158,36
-46,-157,110
-46,-156,40
-46,-155,9
-46,-154,22
-46,-153,14
-46,-152,18
-46,-151,45
-46,-150,23
-46,-149,8
-46,-148,66
-46,-147,51
-46,-146,22
-46,-145,15
-46,-144,13
-46,-143,4
-46,-142,9
-46,-141,2
-46,-140,3
-46,-139,6
-46,-138,126
-46,-137,58
-46,-136,21
-46,-135,27
-46,-134,12
-46,-133,19
-46,-132,9
-46,-131,20
-46,-130,4
-46,-129,1
-46,-128,41
-46,-127,7
-46,-126,1
-46,-125,4
-46,-124,14
-46,-123,1
-46,-122,5
-46,-121,29
-46,-120,101
-46,-119,39
-46,-118,5
-46,-117,1
-46,-116,4
-46,-115,3
-46,-114,3
-46,-112,7
-46,-111,4
-46,-110,1
-46,-109,3
-46,-108,4
-46,-106,6
-46,-104,1
-46,-103,1
-46,-102,2
-46,-101,1
-46,-96,6
-46,-95,6
-46,-90,1
-46,-87,2
-46,-84,2
-46,-82,4
-46,-81,3
-46,-80,1
-46,-79,1
-46,-75,15
-46,-74,26
-46,-70,2
-46,-67,1
-46,-66,2
-46,-64,1
-46,-62,1
-46,-61,1
-45,-216,2
-45,-215,1
-45,-214,1
-45,-212,1
-45,-210,2
-45,-209,1
-45,-208,1
-45,-204,1
-45,-203,2
-45,-199,4
-45,-198,1
-45,-197,2
-45,-196,2
-45,-195,12
-45,-194,8
-45,-193,2
-45,-192,1
-45,-191,7
-45,-190,1
-45,-189,3
-45,-188,2
-45,-187,1
-45,-185,1
-45,-183,2
-45,-182,1
-45,-181,3
-45,-180,6
-45,-179,6
-45,-178,4
-45,-174,11
-45,-173,4
-45,-172,1
-45,-171,1
-45,-170,1
-45,-168,1
-45,-167,2
-45,-165,5
-45,-164,8
-45,-163,10
-45,-162,2
-45,-161,1
-45,-160,1
-45,-159,7
-45,-158,39
-45,-157,119
-45,-156,24
-45,-155,10
-45,-154,3
-45,-153,11
-45,-152,5
-45,-151,12
-45,-150,70
-45,-149,46
-45,-148,33
-45,-147,4
-45,-146,20
-45,-145,30
-45,-144,8
-45,-143,18
-45,-142,15
-45,-140,1
-45,-139,20
-45,-138,35
-45,-137,21
-45,-136,1
-45,-135,9
-45,-134,6
-45,-133,1
-45,-131,2
-45,-130,7
-45,-129,31
-45,-128,7
-45,-127,6
-45,-125,2
-45,-124,2
-45,-123,10
-45,-122,19
-45,-121,102
-45,-120,188
-45,-119,104
-45,-118,19
-45,-117,7
-45,-116,4
-45,-115,3
-45,-114,2
-45,-112,4
-45,-111,17
-45,-110,18
-45,-109,3
-45,-106,4
-45,-105,1
-45,-101,1
-45,-96,1
-45,-94,1
-45,-87,3
-45,-82,1
-45,-81,1
-45,-80,1
-45,-79,1
-45,-78,2
-45,-77,1
-45,-76,1
-45,-75,1
-45,-74,2
-45,-68,1
-45,-63,2
-45,-61,1
-44,-217,1
-44,-216,1
-44,-214,1
-44,-213,2
-44,-212,2
-44,-210,1
-44,-207,1
-44,-203,1
-44,-201,2
-44,-200,4
-44,-199,1
-44,-198,1
-44,-196,11
-44,-195,69
-44,-194,14
-44,-193,4
-44,-192,1
-44,-191,1
-44,-190,2
-44,-189,5
-44,-188,3
-44,-187,1
-44,-185,1
-44,-184,1
-44,-183,1
-44,-180,1
-44,-179,1
-44,-177,4
-44,-176,2
-44,-175,14
-44,-174,7
-44,-172,1
-44,-171,16
-44,-170,3
-44,-169,1
-44,-168,2
-44,-167,15
-44,-166,13
-44,-165,1
-44,-164,9
-44,-163,48
-44,-162,6
-44,-161,4
-44,-160,5
-44,-159,44
-44,-158,18
-44,-157,42
-44,-156,10
-44,-154,5
-44,-153,6
-44,-152,4
-44,-151,13
-44,-150,34
-44,-149,60
-44,-148,13
-44,-147,20
-44,-146,14
-44,-145,10
-44,-144,6
-44,-143,4
-44,-142,2
-44,-141,1
-44,-140,1
-44,-139,34
-44,-138,22
-44,-137,5
-44,-136,3
-44,-135,5
-44,-133,2
-44,-132,2
-44,-130,2
-44,-129,19
-44,-127,6
-44,-126,2
-44,-125,7
-44,-124,13
-44,-123,9
-44,-122,45
-44,-121,140
-44,-120,203
-44,-119,45
-44,-118,4
-44,-116,4
-44,-115,1
-44,-114,1
-44,-112,4
-44,-111,8
-44,-110,1
-44,-109,1
-44,-107,3
-44,-106,2
-44,-105,1
-44,-102,1
-44,-95,1
-44,-89,3
-44,-88,3
-44,-86,29
-44,-84,2
-44,-83,2
-44,-81,2
-44,-80,1
-44,-79,2
-44,-77,1
-44,-75,2
-44,-72,1
-44,-71,1
-44,-66,1
-44,-64,1
-43,-217,2
-43,-216,2
-43,-214,5
-43,-213,4
-43,-211,3
-43,-210,1
-43,-209,1
-43,-207,2
-43,-202,1
-43,-201,2
-43,-200,16
-43,-199,1
-43,-197,1
-43,-196,14
-43,-195,111
-43,-194,67
-43,-193,2
-43,-192,1
-43,-191,2
-43,-189,3
-43,-188,4
-43,-187,2
-43,-186,1
-43,-182,1
-43,-181,1
-43,-180,1
-43,-179,1
-43,-178,4
-43,-177,1
-43,-175,1
-43,-174,1
-43,-173,2
-43,-172,5
-43,-171,27
-43,-169,3
-43,-168,2
-43,-167,8
-43,-166,3
-43,-165,2
-43,-164,1
-43,-163,105
-43,-162,12
-43,-160,4
-43,-159,5
-43,-158,19
-43,-157,17
-43,-156,2
-43,-155,1
-43,-153,2
-43,-152,2
-43,-151,12
-43,-150,22
-43,-149,7
-43,-148,35
-43,-147,46
-43,-146,19
-43,-145,2
-43,-144,6
-43,-143,2
-43,-142,3
-43,-140,2
-43,-139,15
-43,-138,9
-43,-137,4
-43,-136,2
-43,-135,4
-43,-134,3
-43,-133,2
-43,-132,1
-43,-131,5
-43,-130,8
-43,-129,10
-43,-128,4
-43,-127,2
-43,-126,4
-43,-125,5
-43,-124,3
-43,-123,2
-43,-122,6
-43,-121,52
-43,-120,139
-43,-119,39
-43,-118,6
-43,-116,2
-43,-115,4
-43,-114,3
-43,-113,4
-43,-112,7
-43,-111,1
-43,-110,4
-43,-109,1
-43,-107,1
-43,-106,1
-43,-105,1
-43,-97,1
-43,-95,2
-43,-91,1
-43,-89,6
-43,-88,6
-43,-86,5
-43,-85,1
-43,-84,1
-43,-82,2
-43,-81,1
-43,-78,1
-43,-72,1
-43,-69,1
-43,-64,1
-43,-62,1
-42,-217,3
-42,-216,1
-42,-215,2
-42,-214,4
-42,-211,1
-42,-209,2
-42,-207,8
-42,-204,1
-42,-201,5
-42,-198,1
-42,-197,2
-42,-196,13
-42,-195,57
-42,-194,16
-42,-192,1
-42,-190,1
-42,-188,2
-42,-187,7
-42,-185,1
-42,-182,2
-42,-181,4
-42,-180,1
-42,-178,1
-42,-177,2
-42,-175,1
-42,-174,16
-42,-173,4
-42,-172,3
-42,-171,21
-42,-170,3
-42,-169,4
-42,-168,18
-42,-167,13
-42,-166,6
-42,-165,1
-42,-164,1
-42,-163,16
-42,-162,1
-42,-161,1
-42,-160,2
-42,-158,3
-42,-157,7
-42,-156,8
-42,-155,1
-42,-154,2
-42,-153,3
-42,-152,6
-42,-151,5
-42,-150,1
-42,-149,1
-42,-148,8
-42,-147,15
-42,-146,15
-42,-145,3
-42,-144,6
-42,-143,8
-42,-142,13
-42,-141,6
-42,-140,1
-42,-139,25
-42,-138,1
-42,-137,4
-42,-136,4
-42,-134,5
-42,-133,1
-42,-132,2
-42,-131,34
-42,-130,15
-42,-129,23
-42,-128,2
-42,-127,2
-42,-126,3
-42,-125,2
-42,-124,2
-42,-123,1
-42,-122,20
-42,-121,93
-42,-120,36
-42,-119,9
-42,-118,3
-42,-117,1
-42,-116,1
-42,-114,3
-42,-113,12
-42,-112,16
-42,-111,1
-42,-110,2
-42,-107,2
-42,-106,3
-42,-105,2
-42,-99,23
-42,-98,15
-42,-97,8
-42,-96,1
-42,-95,1
-42,-91,2
-42,-90,1
-42,-89,19
-42,-88,65
-42,-87,6
-42,-86,3
-42,-85,1
-42,-84,1
-42,-83,1
-42,-82,2
-42,-80,2
-42,-79,1
-42,-78,1
-42,-73,2
-42,-61,2
-41,-217,2
-41,-216,2
-41,-214,1
-41,-213,1
-41,-212,1
-41,-211,1
-41,-209,1
-41,-207,1
-41,-202,6
-41,-200,1
-41,-199,1
-41,-198,4
-41,-197,3
-41,-196,8
-41,-195,38
-41,-194,2
-41,-193,2
-41,-192,3
-41,-189,2
-41,-188,2
-41,-187,1
-41,-186,3
-41,-185,1
-41,-178,2
-41,-177,15
-41,-176,1
-41,-173,3
-41,-172,8
-41,-170,1
-41,-168,20
-41,-167,72
-41,-166,37
-41,-164,1
-41,-163,4
-41,-162,2
-41,-161,2
-41,-160,2
-41,-159,4
-41,-158,5
-41,-157,4
-41,-156,26
-41,-155,15
-41,-154,6
-41,-153,1
-41,-152,5
-41,-151,10
-41,-150,2
-41,-149,1
-41,-148,1
-41,-147,10
-41,-146,30
-41,-145,1
-41,-144,1
-41,-143,5
-41,-142,8
-41,-141,2
-41,-140,3
-41,-139,38
-41,-138,27
-41,-137,26
-41,-136,14
-41,-135,2
-41,-134,3
-41,-132,4
-41,-131,26
-41,-130,11
-41,-129,12
-41,-128,2
-41,-127,1
-41,-126,1
-41,-123,6
-41,-122,4
-41,-121,4
-41,-120,8
-41,-119,1
-41,-117,3
-41,-116,2
-41,-114,4
-41,-113,10
-41,-112,1
-41,-110,1
-41,-109,1
-41,-107,26
-41,-106,14
-41,-105,6
-41,-104,2
-41,-103,2
-41,-102,1
-41,-101,3
-41,-100,7
-41,-99,91
-41,-98,59
-41,-97,14
-41,-96,5
-41,-95,2
-41,-94,1
-41,-89,6
-41,-88,23
-41,-87,4
-41,-86,3
-41,-85,3
-41,-84,1
-41,-82,1
-41,-77,6
-41,-75,1
-41,-72,1
-41,-69,1
-41,-68,1
-41,-67,1
-40,-215,1
-40,-211,2
-40,-207,4
-40,-198,1
-40,-197,2
-40,-196,6
-40,-195,17
-40,-194,1
-40,-192,5
-40,-191,3
-40,-189,1
-40,-188,1
-40,-187,1
-40,-186,4
-40,-185,6
-40,-184,1
-40,-183,1
-40,-178,1
-40,-177,1
-40,-176,1
-40,-175,1
-40,-174,1
-40,-172,2
-40,-171,2
-40,-170,5
-40,-169,4
-40,-168,8
-40,-167,76
-40,-166,70
-40,-165,2
-40,-164,1
-40,-163,1
-40,-162,5
-40,-161,9
-40,-158,3
-40,-157,4
-40,-155,9
-40,-154,3
-40,-153,13
-40,-152,20
-40,-151,27
-40,-150,4
-40,-149,3
-40,-148,3
-40,-147,6
-40,-146,62
-40,-145,1
-40,-143,1
-40,-141,2
-40,-140,4
-40,-139,25
-40,-138,5
-40,-137,10
-40,-136,12
-40,-135,3
-40,-134,4
-40,-131,4
-40,-130,5
-40,-129,2
-40,-128,3
-40,-127,3
-40,-125,3
-40,-123,3
-40,-122,2
-40,-121,2
-40,-120,7
-40,-118,1
-40,-117,4
-40,-116,2
-40,-113,1
-40,-111,1
-40,-107,2
-40,-106,6
-40,-105,6
-40,-102,1
-40,-101,4
-40,-99,8
-40,-98,26
-40,-97,2
-40,-92,1
-40,-90,3
-40,-88,3
-40,-87,1
-40,-86,2
-40,-85,1
-40,-84,2
-40,-82,2
-40,-81,2
-40,-78,3
-40,-75,2
-40,-73,5
-40,-72,1
-40,-71,3
-39,-209,1
-39,-207,5
-39,-206,1
-39,-202,2
-39,-200,1
-39,-199,1
-39,-198,1
-39,-197,1
-39,-195,2
-39,-194,4
-39,-193,2
-39,-192,6
-39,-188,2
-39,-187,3
-39,-186,5
-39,-185,5
-39,-184,60
-39,-183,69
-39,-182,4
-39,-178,3
-39,-174,6
-39,-173,1
-39,-172,1
-39,-171,8
-39,-170,38
-39,-169,32
-39,-168,9
-39,-167,27
-39,-166,17
-39,-165,5
-39,-164,2
-39,-163,1
-39,-162,1
-39,-161,5
-39,-158,3
-39,-157,7
-39,-156,2
-39,-155,3
-39,-154,3
-39,-153,3
-39,-152,19
-39,-151,19
-39,-150,3
-39,-149,23
-39,-148,21
-39,-147,16
-39,-146,20
-39,-145,4
-39,-142,2
-39,-141,2
-39,-140,18
-39,-139,23
-39,-138,2
-39,-137,4
-39,-136,3
-39,-135,2
-39,-134,11
-39,-133,2
-39,-132,2
-39,-131,3
-39,-130,7
-39,-129,4
-39,-128,8
-39,-127,2
-39,-126,4
-39,-125,9
-39,-124,1
-39,-122,1
-39,-121,1
-39,-120,16
-39,-119,14
-39,-118,2
-39,-116,1
-39,-115,5
-39,-114,10
-39,-113,2
-39,-110,1
-39,-109,1
-39,-108,3
-39,-106,3
-39,-105,19
-39,-104,19
-39,-103,2
-39,-100,5
-39,-98,4
-39,-89,10
-39,-88,2
-39,-86,1
-39,-84,2
-39,-83,1
-39,-73,1
-39,-69,1
-39,-68,1
-39,-60,1
-38,-213,2
-38,-212,1
-38,-209,1
-38,-208,1
-38,-207,8
-38,-206,2
-38,-202,1
-38,-200,2
-38,-199,10
-38,-198,7
-38,-196,1
-38,-194,3
-38,-193,9
-38,-192,5
-38,-191,2
-38,-190,6
-38,-189,1
-38,-187,2
-38,-186,1
-38,-185,9
-38,-184,21
-38,-183,60
-38,-182,6
-38,-181,4
-38,-180,2
-38,-179,3
-38,-178,2
-38,-176,3
-38,-175,7
-38,-174,7
-38,-172,2
-38,-170,21
-38,-169,48
-38,-168,5
-38,-167,19
-38,-166,2
-38,-165,2
-38,-164,7
-38,-163,1
-38,-162,3
-38,-161,6
-38,-160,1
-38,-157,2
-38,-156,2
-38,-155,1
-38,-153,1
-38,-152,22
-38,-151,128
-38,-150,62
-38,-149,94
-38,-148,22
-38,-147,5
-38,-146,2
-38,-145,6
-38,-144,1
-38,-142,1
-38,-141,2
-38,-140,59
-38,-139,18
-38,-138,6
-38,-137,2
-38,-136,2
-38,-135,1
-38,-134,3
-38,-133,1
-38,-132,2
-38,-131,5
-38,-130,7
-38,-129,18
-38,-128,4
-38,-127,4
-38,-126,5
-38,-124,1
-38,-122,12
-38,-121,6
-38,-120,26
-38,-119,24
-38,-118,3
-38,-116,7
-38,-115,2
-38,-114,6
-38,-113,1
-38,-110,1
-38,-108,3
-38,-107,2
-38,-106,8
-38,-105,7
-38,-104,10
-38,-103,2
-38,-102,1
-38,-101,3
-38,-100,2
-38,-99,4
-38,-98,3
-38,-96,1
-38,-95,2
-38,-91,2
-38,-90,1
-38,-89,2
-38,-88,2
-38,-87,1
-38,-86,1
-38,-85,1
-38,-84,2
-38,-81,1
-38,-74,3
-38,-72,1
-38,-71,1
-38,-70,2
-37,-212,3
-37,-208,1
-37,-207,6
-37,-206,8
-37,-201,1
-37,-200,3
-37,-199,4
-37,-195,1
-37,-192,4
-37,-191,6
-37,-190,12
-37,-189,2
-37,-187,1
-37,-185,2
-37,-184,17
-37,-183,17
-37,-182,6
-37,-181,1
-37,-180,2
-37,-179,1
-37,-177,4
-37,-176,9
-37,-175,30
-37,-173,1
-37,-172,1
-37,-170,14
-37,-169,3
-37,-168,2
-37,-167,7
-37,-166,1
-37,-165,6
-37,-164,3
-37,-163,2
-37,-162,5
-37,-161,5
-37,-160,2
-37,-159,10
-37,-158,6
-37,-157,4
-37,-155,1
-37,-154,2
-37,-153,29
-37,-152,14
-37,-151,24
-37,-150,163
-37,-149,57
-37,-148,8
-37,-147,10
-37,-146,3
-37,-145,7
-37,-144,7
-37,-143,1
-37,-142,10
-37,-141,10
-37,-140,25
-37,-139,3
-37,-138,5
-37,-137,2
-37,-136,2
-37,-134,16
-37,-133,5
-37,-132,7
-37,-131,5
-37,-130,15
-37,-129,22
-37,-128,1
-37,-127,1
-37,-125,3
-37,-124,4
-37,-123,3
-37,-122,2
-37,-120,3
-37,-119,3
-37,-118,1
-37,-117,5
-37,-116,1
-37,-115,1
-37,-114,1
-37,-113,3
-37,-112,2
-37,-110,2
-37,-109,4
-37,-108,1
-37,-107,2
-37,-106,3
-37,-104,3
-37,-102,2
-37,-101,5
-37,-100,1
-37,-99,3
-37,-98,1
-37,-92,1
-37,-91,2
-37,-90,1
-37,-88,2
-37,-86,1
-37,-84,1
-37,-82,2
-37,-74,1
-36,-214,1
-36,-212,1
-36,-211,3
-36,-210,1
-36,-209,3
-36,-208,1
-36,-207,1
-36,-206,6
-36,-205,2
-36,-201,1
-36,-200,2
-36,-199,9
-36,-198,1
-36,-193,2
-36,-192,3
-36,-191,1
-36,-189,5
-36,-188,16
-36,-187,17
-36,-186,4
-36,-185,3
-36,-184,4
-36,-183,8
-36,-182,4
-36,-181,3
-36,-179,4
-36,-178,1
-36,-177,1
-36,-176,23
-36,-175,107
-36,-174,8
-36,-173,2
-36,-170,3
-36,-169,3
-36,-168,2
-36,-167,2
-36,-166,11
-36,-165,23
-36,-164,5
-36,-163,1
-36,-162,2
-36,-161,4
-36,-159,16
-36,-158,18
-36,-157,12
-36,-156,4
-36,-155,7
-36,-154,35
-36,-153,84
-36,-152,4
-36,-151,16
-36,-150,53
-36,-149,10
-36,-148,2
-36,-147,5
-36,-146,43
-36,-145,38
-36,-144,46
-36,-143,15
-36,-142,15
-36,-141,11
-36,-140,10
-36,-139,21
-36,-138,49
-36,-137,36
-36,-136,5
-36,-135,2
-36,-134,1
-36,-133,10
-36,-132,22
-36,-131,5
-36,-130,14
-36,-129,5
-36,-127,2
-36,-126,10
-36,-125,5
-36,-124,1
-36,-122,2
-36,-120,1
-36,-119,3
-36,-118,11
-36,-117,3
-36,-115,1
-36,-113,1
-36,-112,1
-36,-111,5
-36,-110,13
-36,-109,3
-36,-105,11
-36,-104,1
-36,-102,3
-36,-89,1
-36,-86,2
-36,-85,2
-36,-84,3
-36,-82,2
-36,-81,1
-36,-79,1
-36,-78,1
-36,-76,6
-36,-75,3
-36,-72,1
-36,-71,2
-36,-70,2
-36,-69,2
-36,-68,2
-36,-63,1
-36,-62,1
-36,-61,1
-35,-215,1
-35,-211,1
-35,-210,4
-35,-201,1
-35,-200,3
-35,-199,8
-35,-198,4
-35,-197,2
-35,-196,1
-35,-189,2
-35,-188,3
-35,-187,2
-35,-186,4
-35,-185,3
-35,-184,1
-35,-183,2
-35,-182,1
-35,-181,1
-35,-180,4
-35,-179,11
-35,-178,2
-35,-176,2
-35,-175,16
-35,-170,2
-35,-169,1
-35,-168,15
-35,-167,7
-35,-166,47
-35,-165,86
-35,-164,7
-35,-163,2
-35,-162,5
-35,-161,9
-35,-160,2
-35,-159,2
-35,-158,4
-35,-157,3
-35,-156,3
-35,-155,5
-35,-154,13
-35,-153,29
-35,-151,15
-35,-150,8
-35,-149,24
-35,-148,7
-35,-147,19
-35,-146,77
-35,-145,74
-35,-144,54
-35,-143,9
-35,-142,5
-35,-141,63
-35,-140,18
-35,-139,3
-35,-138,9
-35,-137,40
-35,-136,16
-35,-135,2
-35,-133,40
-35,-132,16
-35,-131,3
-35,-130,7
-35,-129,3
-35,-128,1
-35,-127,1
-35,-126,11
-35,-125,6
-35,-123,1
-35,-120,3
-35,-119,38
-35,-118,24
-35,-116,1
-35,-111,5
-35,-110,44
-35,-109,40
-35,-108,5
-35,-107,1
-35,-106,2
-35,-105,3
-35,-90,1
-35,-87,1
-35,-84,1
-35,-82,2
-35,-81,1
-35,-80,2
-35,-79,3
-35,-78,2
-35,-76,1
-35,-75,2
-35,-72,1
-35,-70,2
-34,-211,1
-34,-208,3
-34,-207,1
-34,-206,7
-34,-205,1
-34,-202,1
-34,-201,4
-34,-200,2
-34,-199,29
-34,-198,6
-34,-192,2
-34,-190,1
-34,-188,2
-34,-187,2
-34,-185,10
-34,-181,3
-34,-180,3
-34,-179,1
-34,-177,5
-34,-176,6
-34,-175,2
-34,-174,1
-34,-173,7
-34,-172,5
-34,-171,1
-34,-170,15
-34,-169,11
-34,-168,10
-34,-167,11
-34,-166,90
-34,-165,75
-34,-164,3
-34,-161,3
-34,-160,15
-34,-159,6
-34,-158,1
-34,-157,9
-34,-156,5
-34,-155,1
-34,-154,3
-34,-153,9
-34,-152,9
-34,-151,2
-34,-150,4
-34,-149,18
-34,-148,46
-34,-147,46
-34,-146,53
-34,-145,15
-34,-144,4
-34,-143,31
-34,-142,8
-34,-141,30
-34,-140,25
-34,-139,9
-34,-138,11
-34,-137,30
-34,-136,8
-34,-135,6
-34,-134,13
-34,-133,93
-34,-132,12
-34,-131,8
-34,-130,4
-34,-129,4
-34,-128,3
-34,-127,6
-34,-126,2
-34,-125,2
-34,-124,2
-34,-122,1
-34,-120,12
-34,-119,29
-34,-118,2
-34,-117,1
-34,-116,1
-34,-115,4
-34,-110,1
-34,-109,8
-34,-107,2
-34,-106,1
-34,-105,2
-34,-104,1
-34,-90,2
-34,-89,2
-34,-87,1
-34,-85,1
-34,-83,6
-34,-79,1
-34,-77,2
-34,-76,2
-33,-214,1
-33,-207,2
-33,-206,3
-33,-205,2
-33,-201,2
-33,-199,4
-33,-188,1
-33,-186,1
-33,-185,1
-33,-184,1
-33,-182,1
-33,-180,5
-33,-179,2
-33,-178,1
-33,-177,1
-33,-176,9
-33,-175,4
-33,-174,13
-33,-173,27
-33,-172,4
-33,-171,2
-33,-170,23
-33,-169,4
-33,-167,6
-33,-166,4
-33,-165,76
-33,-164,8
-33,-162,1
-33,-159,6
-33,-158,7
-33,-157,38
-33,-156,18
-33,-155,9
-33,-154,13
-33,-153,7
-33,-152,17
-33,-151,19
-33,-150,14
-33,-149,17
-33,-148,5
-33,-147,28
-33,-146,5
-33,-145,4
-33,-144,6
-33,-143,4
-33,-142,6
-33,-141,12
-33,-140,6
-33,-139,8
-33,-138,8
-33,-137,27
-33,-136,7
-33,-135,8
-33,-134,29
-33,-133,83
-33,-132,36
-33,-131,7
-33,-130,2
-33,-129,1
-33,-128,1
-33,-127,1
-33,-126,2
-33,-123,3
-33,-121,10
-33,-120,3
-33,-118,3
-33,-116,2
-33,-115,2
-33,-114,1
-33,-113,2
-33,-111,1
-33,-109,2
-33,-108,2
-33,-104,1
-33,-97,3
-33,-92,1
-33,-90,2
-33,-88,1
-33,-84,1
-33,-80,2
-33,-69,1
-33,-68,1
-32,-211,1
-32,-208,1
-32,-207,2
-32,-206,1
-32,-205,3
-32,-201,1
-32,-200,5
-32,-197,1
-32,-195,1
-32,-189,1
-32,-188,1
-32,-185,1
-32,-184,1
-32,-180,2
-32,-179,4
-32,-178,2
-32,-177,1
-32,-176,3
-32,-175,3
-32,-174,4
-32,-173,7
-32,-172,1
-32,-171,4
-32,-170,3
-32,-169,5
-32,-168,3
-32,-167,4
-32,-166,1
-32,-165,5
-32,-164,1
-32,-162,1
-32,-161,6
-32,-160,7
-32,-159,15
-32,-158,23
-32,-157,130
-32,-156,26
-32,-155,14
-32,-154,11
-32,-153,6
-32,-152,18
-32,-151,4
-32,-150,28
-32,-149,10
-32,-148,16
-32,-147,26
-32,-146,16
-32,-145,4
-32,-144,2
-32,-143,2
-32,-141,1
-32,-140,1
-32,-139,1
-32,-138,8
-32,-137,8
-32,-136,12
-32,-135,7
-32,-134,28
-32,-133,68
-32,-132,12
-32,-131,6
-32,-130,1
-32,-129,4
-32,-128,1
-32,-126,1
-32,-122,4
-32,-121,3
-32,-120,11
-32,-119,1
-32,-118,18
-32,-117,15
-32,-116,18
-32,-115,2
-32,-114,1
-32,-113,3
-32,-111,1
-32,-110,2
-32,-108,1
-32,-107,1
-32,-106,1
-32,-103,2
-32,-102,1
-32,-95,1
-32,-92,1
-32,-91,3
-32,-88,2
-32,-81,1
-32,-80,1
-32,-78,1
-32,-74,1
-32,-72,1
-31,-211,1
-31,-209,2
-31,-208,2
-31,-207,1
-31,-206,1
-31,-202,1
-31,-201,1
-31,-200,5
-31,-199,1
-31,-198,3
-31,-195,1
-31,-194,1
-31,-191,1
-31,-190,2
-31,-188,1
-31,-187,2
-31,-186,9
-31,-180,1
-31,-178,3
-31,-175,7
-31,-174,33
-31,-173,23
-31,-172,2
-31,-170,3
-31,-169,4
-31,-168,38
-31,-166,4
-31,-165,2
-31,-164,3
-31,-163,3
-31,-160,9
-31,-159,49
-31,-158,26
-31,-157,22
-31,-156,10
-31,-155,11
-31,-154,7
-31,-153,5
-31,-152,8
-31,-151,5
-31,-150,6
-31,-149,10
-31,-148,17
-31,-147,35
-31,-146,8
-31,-145,2
-31,-144,3
-31,-138,1
-31,-137,6
-31,-136,8
-31,-135,6
-31,-134,20
-31,-133,25
-31,-132,6
-31,-131,3
-31,-130,13
-31,-128,1
-31,-127,4
-31,-125,1
-31,-124,1
-31,-123,16
-31,-122,2
-31,-120,12
-31,-119,13
-31,-118,4
-31,-117,14
-31,-116,3
-31,-115,1
-31,-113,2
-31,-112,1
-31,-111,7
-31,-110,2
-31,-105,1
-31,-103,2
-31,-99,2
-31,-94,1
-31,-93,1
-31,-92,1
-31,-91,1
-31,-88,1
-31,-87,1
-31,-79,2
-30,-214,1
-30,-207,1
-30,-202,3
-30,-198,1
-30,-185,1
-30,-184,1
-30,-183,1
-30,-182,3
-30,-181,1
-30,-180,1
-30,-179,2
-30,-177,1
-30,-169,7
-30,-168,7
-30,-167,7
-30,-166,5
-30,-165,2
-30,-164,1
-30,-162,2
-30,-161,4
-30,-160,7
-30,-159,5
-30,-158,2
-30,-157,9
-30,-156,12
-30,-155,10
-30,-154,15
-30,-153,31
-30,-152,18
-30,-151,23
-30,-150,13
-30,-149,14
-30,-148,18
-30,-147,44
-30,-146,15
-30,-145,11
-30,-144,4
-30,-142,1
-30,-139,1
-30,-138,1
-30,-137,4
-30,-136,20
-30,-135,32
-30,-134,11
-30,-133,60
-30,-132,24
-30,-131,20
-30,-130,47
-30,-129,16
-30,-128,12
-30,-127,10
-30,-126,3
-30,-125,6
-30,-124,23
-30,-123,19
-30,-122,1
-30,-121,4
-30,-120,3
-30,-119,2
-30,-118,6
-30,-117,3
-30,-116,1
-30,-115,1
-30,-112,5
-30,-111,3
-30,-107,1
-30,-105,2
-30,-97,1
-30,-96,2
-30,-85,1
-30,-79,1
-30,-70,1
-29,-201,2
-29,-199,2
-29,-198,1
-29,-197,1
-29,-190,1
-29,-187,4
-29,-186,2
-29,-185,1
-29,-183,1
-29,-181,2
-29,-180,1
-29,-173,1
-29,-169,1
-29,-165,1
-29,-164,2
-29,-161,3
-29,-160,6
-29,-158,9
-29,-157,6
-29,-156,2
-29,-155,7
-29,-154,24
-29,-153,72
-29,-152,33
-29,-151,14
-29,-150,24
-29,-149,54
-29,-148,67
-29,-147,38
-29,-146,13
-29,-145,10
-29,-144,1
-29,-143,2
-29,-142,1
-29,-141,2
-29,-140,4
-29,-139,4
-29,-138,2
-29,-137,1
-29,-136,16
-29,-135,31
-29,-134,40
-29,-133,62
-29,-132,42
-29,-131,23
-29,-130,10
-29,-129,7
-29,-128,1
-29,-127,1
-29,-124,4
-29,-123,11
-29,-119,3
-29,-118,4
-29,-117,1
-29,-114,1
-29,-113,6
-29,-112,2
-29,-111,3
-29,-110,2
-29,-99,2
-29,-98,1
-29,-89,1
-29,-82,2
-29,-81,1
-29,-78,1
-29,-63,4
-28,-190,2
-28,-188,2
-28,-171,1
-28,-166,1
-28,-165,1
-28,-164,1
-28,-163,1
-28,-161,2
-28,-160,3
-28,-159,5
-28,-158,6
-28,-156,15
-28,-155,10
-28,-154,20
-28,-153,74
-28,-152,13
-28,-151,17
-28,-150,22
-28,-149,177
-28,-148,128
-28,-147,14
-28,-146,22
-28,-145,10
-28,-144,3
-28,-143,3
-28,-142,1
-28,-141,2
-28,-140,9
-28,-139,1
-28,-138,20
-28,-137,9
-28,-136,53
-28,-135,85
-28,-134,49
-28,-133,14
-28,-132,6
-28,-131,5
-28,-130,4
-28,-127,4
-28,-126,9
-28,-125,5
-28,-124,5
-28,-123,2
-28,-121,1
-28,-120,2
-28,-119,7
-28,-118,1
-28,-117,1
-28,-115,1
-28,-113,2
-28,-112,5
-28,-111,10
-28,-110,2
-28,-108,1
-28,-107,4
-28,-106,1
-28,-105,1
-28,-99,3
-28,-86,1
-28,-76,1
-28,-73,1
-28,-62,2
-27,-191,2
-27,-188,2
-27,-187,2
-27,-186,2
-27,-185,1
-27,-182,1
-27,-181,1
-27,-180,7
-27,-177,1
-27,-157,2
-27,-156,1
-27,-155,1
-27,-154,3
-27,-153,22
-27,-152,3
-27,-151,2
-27,-150,44
-27,-149,114
-27,-148,84
-27,-147,115
-27,-146,94
-27,-145,71
-27,-144,25
-27,-143,4
-27,-142,1
-27,-141,4
-27,-140,3
-27,-138,7
-27,-137,8
-27,-136,96
-27,-135,101
-27,-134,13
-27,-133,1
-27,-132,5
-27,-131,33
-27,-130,34
-27,-129,20
-27,-128,19
-27,-127,8
-27,-126,4
-27,-125,3
-27,-124,2
-27,-123,2
-27,-122,1
-27,-121,1
-27,-120,9
-27,-119,4
-27,-117,25
-27,-116,4
-27,-115,1
-27,-114,2
-27,-112,1
-27,-111,3
-27,-99,2
-27,-98,1
-27,-97,1
-27,-95,1
-27,-94,2
-27,-89,1
-27,-88,4
-27,-79,1
-27,-78,4
-27,-72,1
-26,-206,1
-26,-190,3
-26,-187,1
-26,-186,3
-26,-181,1
-26,-180,1
-26,-178,1
-26,-155,2
-26,-154,19
-26,-153,9
-26,-151,1
-26,-150,9
-26,-149,40
-26,-148,58
-26,-147,103
-26,-146,121
-26,-145,176
-26,-144,80
-26,-143,52
-26,-142,65
-26,-141,30
-26,-140,35
-26,-139,30
-26,-138,5
-26,-137,19
-26,-136,69
-26,-135,44
-26,-134,102
-26,-133,12
-26,-132,10
-26,-131,10
-26,-130,4
-26,-129,9
-26,-128,14
-26,-127,6
-26,-126,2
-26,-125,11
-26,-124,3
-26,-123,19
-26,-122,8
-26,-121,7
-26,-120,9
-26,-118,1
-26,-117,3
-26,-116,7
-26,-115,3
-26,-113,3
-26,-112,5
-26,-111,7
-26,-110,1
-26,-108,1
-26,-103,1
-26,-100,1
-26,-99,2
-26,-93,1
-26,-92,1
-26,-90,1
-26,-85,2
-26,-71,2
-26,-64,1
-25,-203,1
-25,-202,1
-25,-193,1
-25,-182,1
-25,-181,1
-25,-180,1
-25,-162,1
-25,-150,13
-25,-149,14
-25,-148,29
-25,-147,93
-25,-146,149
-25,-145,135
-25,-144,37
-25,-143,38
-25,-142,114
-25,-141,89
-25,-140,55
-25,-139,29
-25,-138,15
-25,-137,17
-25,-136,65
-25,-135,20
-25,-134,52
-25,-133,14
-25,-132,10
-25,-131,6
-25,-130,6
-25,-129,4
-25,-128,7
-25,-127,3
-25,-126,19
-25,-125,7
-25,-124,4
-25,-123,11
-25,-122,4
-25,-121,24
-25,-120,8
-25,-119,15
-25,-116,1
-25,-115,6
-25,-114,3
-25,-112,4
-25,-111,3
-25,-99,3
-25,-97,5
-25,-88,1
-25,-87,1
-25,-77,1
-25,-71,1
-25,-69,1
-25,-68,3
-25,-64,1
-24,-207,1
-24,-203,23
-24,-202,28
-24,-197,1
-24,-192,1
-24,-182,2
-24,-177,1
-24,-168,1
-24,-167,2
-24,-166,1
-24,-163,1
-24,-156,1
-24,-154,1
-24,-151,1
-24,-150,9
-24,-149,6
-24,-148,33
-24,-147,54
-24,-146,75
-24,-145,77
-24,-144,28
-24,-143,73
-24,-142,214
-24,-141,68
-24,-140,11
-24,-139,2
-24,-138,49
-24,-137,41
-24,-136,44
-24,-135,32
-24,-134,47
-24,-133,41
-24,-132,25
-24,-131,8
-24,-130,12
-24,-129,6
-24,-128,4
-24,-127,7
-24,-126,1
-24,-125,3
-24,-124,3
-24,-123,1
-24,-122,4
-24,-121,14
-24,-120,8
-24,-119,29
-24,-118,4
-24,-117,1
-24,-116,4
-24,-115,4
-24,-114,3
-24,-113,2
-24,-112,4
-24,-109,4
-24,-97,2
-24,-90,1
-24,-89,1
-24,-85,1
-24,-81,1
-23,-204,2
-23,-203,6
-23,-202,1
-23,-191,1
-23,-187,1
-23,-169,2
-23,-168,1
-23,-167,4
-23,-166,8
-23,-163,1
-23,-157,1
-23,-156,1
-23,-154,1
-23,-153,2
-23,-150,8
-23,-149,45
-23,-148,24
-23,-147,19
-23,-146,22
-23,-145,26
-23,-144,24
-23,-143,62
-23,-142,95
-23,-141,31
-23,-140,15
-23,-139,9
-23,-138,94
-23,-137,125
-23,-136,41
-23,-135,69
-23,-134,283
-23,-133,287
-23,-132,71
-23,-131,23
-23,-130,57
-23,-129,10
-23,-128,7
-23,-127,10
-23,-126,5
-23,-125,3
-23,-124,4
-23,-123,2
-23,-122,2
-23,-121,60
-23,-120,4
-23,-119,2
-23,-118,1
-23,-117,5
-23,-116,2
-23,-115,1
-23,-112,7
-23,-110,1
-23,-109,3
-23,-105,3
-23,-104,2
-23,-103,1
-23,-101,4
-23,-100,1
-23,-99,3
-23,-98,5
-23,-97,6
-23,-96,1
-23,-94,3
-23,-93,1
-23,-92,2
-23,-91,1
-23,-90,2
-23,-88,1
-23,-87,3
-23,-85,1
-23,-84,1
-23,-83,3
-23,-82,1
-22,-210,1
-22,-187,2
-22,-170,4
-22,-169,4
-22,-168,8
-22,-167,18
-22,-166,47
-22,-165,19
-22,-162,1
-22,-157,3
-22,-155,2
-22,-153,3
-22,-152,3
-22,-151,1
-22,-150,4
-22,-149,12
-22,-148,19
-22,-147,21
-22,-146,13
-22,-145,6
-22,-144,8
-22,-143,13
-22,-142,28
-22,-141,39
-22,-140,54
-22,-139,37
-22,-138,22
-22,-137,10
-22,-136,10
-22,-135,102
-22,-134,221
-22,-133,56
-22,-132,29
-22,-131,64
-22,-130,149
-22,-129,146
-22,-128,25
-22,-127,14
-22,-126,9
-22,-125,4
-22,-124,3
-22,-123,3
-22,-122,4
-22,-121,9
-22,-120,2
-22,-119,2
-22,-118,3
-22,-117,8
-22,-115,4
-22,-113,3
-22,-107,2
-22,-99,1
-22,-91,1
-22,-90,1
-22,-75,1
-22,-72,1
-22,-67,1
-22,-65,1
-21,-211,1
-21,-206,1
-21,-205,1
-21,-193,1
-21,-171,3
-21,-170,4
-21,-169,7
-21,-168,1
-21,-167,66
-21,-166,14
-21,-165,27
-21,-164,1
-21,-163,2
-21,-155,1
-21,-153,2
-21,-152,16
-21,-151,7
-21,-149,1
-21,-148,9
-21,-147,5
-21,-146,12
-21,-145,32
-21,-144,27
-21,-143,29
-21,-142,13
-21,-141,14
-21,-140,15
-21,-139,2
-21,-138,15
-21,-137,13
-21,-136,24
-21,-135,44
-21,-134,59
-21,-133,29
-21,-132,21
-21,-131,27
-21,-130,54
-21,-129,76
-21,-128,104
-21,-127,34
-21,-126,9
-21,-125,2
-21,-124,7
-21,-123,4
-21,-122,6
-21,-121,1
-21,-120,2
-21,-119,8
-21,-118,1
-21,-117,2
-21,-114,3
-21,-113,1
-21,-111,1
-21,-107,2
-21,-101,1
-21,-99,2
-21,-74,1
-21,-68,1
-21,-66,1
-21,-65,3
-20,-202,1
-20,-200,1
-20,-199,3
-20,-198,1
-20,-197,1
-20,-171,3
-20,-170,12
-20,-169,3
-20,-168,1
-20,-167,24
-20,-166,7
-20,-165,8
-20,-164,5
-20,-154,6
-20,-153,1
-20,-152,6
-20,-151,6
-20,-150,17
-20,-149,1
-20,-148,10
-20,-147,6
-20,-146,10
-20,-145,8
-20,-144,24
-20,-143,49
-20,-142,21
-20,-141,4
-20,-140,8
-20,-139,19
-20,-138,21
-20,-137,17
-20,-136,5
-20,-135,9
-20,-134,13
-20,-133,9
-20,-132,8
-20,-131,6
-20,-130,11
-20,-129,8
-20,-128,23
-20,-127,11
-20,-126,2
-20,-125,3
-20,-124,22
-20,-123,2
-20,-122,2
-20,-120,2
-20,-119,5
-20,-118,4
-20,-116,1
-20,-115,19
-20,-114,6
-20,-104,1
-20,-99,6
-20,-98,1
-20,-91,1
-20,-74,1
-20,-67,2
-20,-66,2
-20,-65,1
-19,-201,7
-19,-200,20
-19,-199,5
-19,-198,1
-19,-188,1
-19,-187,1
-19,-185,1
-19,-179,1
-19,-170,3
-19,-167,10
-19,-166,8
-19,-163,1
-19,-154,2
-19,-153,23
-19,-152,7
-19,-151,3
-19,-150,45
-19,-149,12
-19,-148,7
-19,-146,8
-19,-145,21
-19,-144,16
-19,-143,29
-19,-142,7
-19,-141,38
-19,-140,85
-19,-139,18
-19,-138,9
-19,-137,36
-19,-136,11
-19,-135,10
-19,-134,4
-19,-133,7
-19,-132,6
-19,-131,10
-19,-130,7
-19,-129,11
-19,-128,8
-19,-127,5
-19,-126,7
-19,-125,3
-19,-124,6
-19,-123,2
-19,-122,1
-19,-121,3
-19,-119,1
-19,-118,2
-19,-115,5
-19,-114,10
-19,-113,3
-19,-112,1
-19,-103,1
-19,-102,2
-19,-100,1
-19,-99,5
-19,-98,1
-19,-92,1
-19,-89,2
-19,-88,4
-19,-86,1
-19,-73,1
-19,-71,1
-19,-67,2
-18,-202,10
-18,-201,52
-18,-200,13
-18,-199,1
-18,-196,1
-18,-187,4
-18,-186,1
-18,-166,1
-18,-164,1
-18,-163,2
-18,-162,4
-18,-159,1
-18,-158,1
-18,-154,1
-18,-152,1
-18,-150,4
-18,-149,10
-18,-148,4
-18,-147,9
-18,-146,2
-18,-145,5
-18,-144,25
-18,-143,8
-18,-142,15
-18,-141,44
-18,-140,57
-18,-139,24
-18,-138,16
-18,-137,14
-18,-136,11
-18,-135,46
-18,-134,6
-18,-133,4
-18,-132,2
-18,-131,5
-18,-130,6
-18,-129,9
-18,-128,1
-18,-127,4
-18,-126,3
-18,-125,10
-18,-124,6
-18,-123,2
-18,-118,4
-18,-116,1
-18,-115,1
-18,-114,1
-18,-112,2
-18,-107,1
-18,-104,1
-18,-102,2
-18,-101,9
-18,-100,12
-18,-99,1
-18,-97,1
-18,-96,3
-18,-95,1
-18,-89,1
-18,-81,1
-18,-71,1
-18,-67,4
-18,-66,2
-17,-204,1
-17,-203,1
-17,-202,2
-17,-201,1
-17,-200,58
-17,-199,33
-17,-198,16
-17,-166,1
-17,-165,5
-17,-164,7
-17,-163,1
-17,-162,3
-17,-160,1
-17,-157,1
-17,-154,1
-17,-152,2
-17,-149,1
-17,-147,1
-17,-146,1
-17,-144,1
-17,-143,11
-17,-142,19
-17,-141,11
-17,-140,22
-17,-139,16
-17,-138,5
-17,-137,1
-17,-136,8
-17,-135,14
-17,-134,15
-17,-133,6
-17,-132,2
-17,-131,2
-17,-130,1
-17,-129,7
-17,-128,12
-17,-127,10
-17,-126,1
-17,-125,5
-17,-124,3
-17,-123,4
-17,-122,3
-17,-120,2
-17,-119,1
-17,-118,1
-17,-111,3
-17,-110,1
-17,-101,2
-17,-100,3
-17,-99,1
-17,-97,1
-17,-95,1
-17,-93,1
-17,-92,1
-17,-91,1
-17,-90,1
-17,-89,1
-17,-84,1
-17,-83,1
-17,-82,1
-17,-73,1
-17,-71,2
-17,-69,1
-17,-66,1
-16,-201,3
-16,-200,11
-16,-174,1
-16,-165,7
-16,-164,23
-16,-163,11
-16,-162,1
-16,-161,3
-16,-157,1
-16,-156,2
-16,-154,3
-16,-153,7
-16,-152,2
-16,-151,1
-16,-148,3
-16,-147,3
-16,-146,1
-16,-145,6
-16,-144,4
-16,-143,1
-16,-141,1
-16,-140,2
-16,-139,1
-16,-137,4
-16,-136,9
-16,-135,1
-16,-134,2
-16,-133,3
-16,-132,16
-16,-131,2
-16,-130,8
-16,-129,16
-16,-128,10
-16,-127,10
-16,-126,7
-16,-125,2
-16,-124,4
-16,-123,5
-16,-122,4
-16,-121,6
-16,-120,6
-16,-119,6
-16,-118,2
-16,-116,1
-16,-110,2
-16,-109,3
-16,-100,16
-16,-99,11
-16,-93,2
-16,-92,17
-16,-91,1
-16,-89,1
-16,-88,2
-16,-82,1
-16,-78,1
-16,-74,3
-16,-73,7
-16,-72,1
-16,-71,1
-16,-67,1
-15,-205,1
-15,-201,4
-15,-200,2
-15,-166,1
-15,-165,20
-15,-164,13
-15,-163,10
-15,-162,2
-15,-160,1
-15,-156,1
-15,-155,1
-15,-154,18
-15,-153,49
-15,-152,14
-15,-151,4
-15,-150,1
-15,-148,4
-15,-147,6
-15,-146,21
-15,-145,13
-15,-144,2
-15,-143,2
-15,-142,4
-15,-141,4
-15,-140,2
-15,-139,1
-15,-138,3
-15,-137,4
-15,-136,51
-15,-135,9
-15,-134,2
-15,-132,10
-15,-131,7
-15,-130,6
-15,-129,22
-15,-128,63
-15,-127,31
-15,-126,10
-15,-125,6
-15,-124,4
-15,-123,4
-15,-122,2
-15,-121,1
-15,-120,1
-15,-119,2
-15,-117,1
-15,-107,1
-15,-99,1
-15,-92,6
-15,-91,4
-15,-90,1
-15,-89,1
-15,-82,3
-15,-81,1
-15,-80,1
-15,-79,1
-15,-77,2
-15,-76,2
-15,-74,3
-15,-73,4
-15,-72,2
-15,-71,1
-15,-69,2
-14,-166,3
-14,-165,12
-14,-164,17
-14,-163,1
-14,-162,3
-14,-160,1
-14,-155,1
-14,-154,35
-14,-153,37
-14,-152,5
-14,-151,1
-14,-149,3
-14,-147,11
-14,-146,64
-14,-145,10
-14,-144,8
-14,-143,2
-14,-142,4
-14,-141,2
-14,-140,3
-14,-139,9
-14,-138,2
-14,-137,2
-14,-136,22
-14,-135,4
-14,-134,3
-14,-133,3
-14,-132,6
-14,-131,3
-14,-130,14
-14,-129,51
-14,-128,52
-14,-127,7
-14,-126,9
-14,-125,10
-14,-124,4
-14,-123,2
-14,-122,9
-14,-121,1
-14,-120,1
-14,-119,2
-14,-118,3
-14,-117,4
-14,-115,4
-14,-114,1
-14,-112,1
-14,-102,1
-14,-99,1
-14,-97,1
-14,-92,1
-14,-91,1
-14,-87,1
-14,-75,2
-14,-73,2
-14,-72,1
-14,-71,2
-13,-205,1
-13,-179,1
-13,-165,1
-13,-164,13
-13,-163,2
-13,-162,2
-13,-161,1
-13,-159,1
-13,-158,1
-13,-157,2
-13,-156,3
-13,-155,7
-13,-154,12
-13,-153,21
-13,-152,3
-13,-150,1
-13,-148,1
-13,-147,17
-13,-146,16
-13,-145,8
-13,-143,6
-13,-142,21
-13,-141,4
-13,-140,18
-13,-139,24
-13,-138,7
-13,-137,3
-13,-136,11
-13,-135,5
-13,-134,2
-13,-133,1
-13,-132,2
-13,-131,1
-13,-130,4
-13,-129,26
-13,-128,34
-13,-127,12
-13,-126,4
-13,-125,5
-13,-124,5
-13,-123,1
-13,-122,3
-13,-121,5
-13,-120,3
-13,-119,17
-13,-118,1
-13,-117,1
-13,-116,1
-13,-115,1
-13,-112,1
-13,-111,4
-13,-110,1
-13,-104,2
-13,-102,3
-13,-101,5
-13,-99,1
-13,-97,1
-13,-92,1
-13,-89,3
-13,-81,1
-13,-77,1
-13,-76,2
-13,-72,5
-13,-70,3
-12,-162,1
-12,-160,2
-12,-159,3
-12,-158,2
-12,-157,2
-12,-156,11
-12,-149,1
-12,-148,3
-12,-147,5
-12,-146,2
-12,-145,1
-12,-143,2
-12,-142,15
-12,-141,1
-12,-140,5
-12,-139,2
-12,-138,3
-12,-136,7
-12,-135,4
-12,-134,1
-12,-133,2
-12,-132,4
-12,-131,2
-12,-130,12
-12,-129,14
-12,-128,2
-12,-127,10
-12,-126,3
-12,-125,6
-12,-124,2
-12,-123,2
-12,-122,9
-12,-121,3
-12,-118,14
-12,-114,1
-12,-113,9
-12,-112,12
-12,-111,18
-12,-110,4
-12,-109,1
-12,-99,2
-12,-96,2
-12,-95,2
-12,-93,1
-12,-90,4
-12,-85,1
-12,-84,1
-12,-83,10
-12,-82,1
-12,-78,1
-12,-77,12
-12,-76,3
-12,-71,2
-12,-70,12
-12,-69,3
-11,-160,3
-11,-159,3
-11,-157,1
-11,-156,1
-11,-153,3
-11,-152,1
-11,-149,10
-11,-148,24
-11,-147,7
-11,-146,2
-11,-145,4
-11,-144,1
-11,-143,1
-11,-142,10
-11,-139,3
-11,-137,1
-11,-136,7
-11,-135,3
-11,-134,1
-11,-133,2
-11,-132,2
-11,-131,2
-11,-130,13
-11,-129,2
-11,-128,3
-11,-126,3
-11,-125,1
-11,-124,1
-11,-122,1
-11,-118,2
-11,-113,4
-11,-112,55
-11,-111,53
-11,-110,5
-11,-109,1
-11,-108,1
-11,-105,2
-11,-101,1
-11,-100,1
-11,-99,1
-11,-98,1
-11,-97,1
-11,-96,1
-11,-95,1
-11,-94,1
-11,-93,2
-11,-92,2
-11,-89,1
-11,-88,2
-11,-87,3
-11,-86,1
-11,-85,2
-11,-84,1
-11,-83,1
-11,-82,1
-11,-78,3
-11,-77,27
-11,-76,7
-11,-73,1
-11,-72,2
-11,-70,4
-10,-153,1
-10,-152,1
-10,-150,4
-10,-149,2
-10,-148,4
-10,-147,15
-10,-146,4
-10,-145,1
-10,-144,2
-10,-143,9
-10,-142,10
-10,-141,1
-10,-139,15
-10,-138,1
-10,-137,1
-10,-135,3
-10,-133,2
-10,-132,1
-10,-131,3
-10,-130,11
-10,-129,4
-10,-128,2
-10,-127,3
-10,-122,3
-10,-120,1
-10,-119,1
-10,-118,1
-10,-117,3
-10,-114,1
-10,-112,26
-10,-111,3
-10,-110,1
-10,-105,1
-10,-94,1
-10,-93,2
-10,-92,1
-10,-91,1
-10,-88,3
-10,-87,2
-10,-85,1
-10,-84,1
-10,-83,1
-10,-77,3
-10,-74,1
-10,-73,2
-10,-72,1
-10,-71,1
-9,-159,2
-9,-158,3
-9,-153,1
-9,-150,3
-9,-148,4
-9,-147,12
-9,-146,1
-9,-142,3
-9,-141,1
-9,-140,1
-9,-138,1
-9,-136,4
-9,-135,6
-9,-134,2
-9,-133,3
-9,-132,1
-9,-130,13
-9,-129,73
-9,-128,5
-9,-127,1
-9,-126,1
-9,-125,2
-9,-122,1
-9,-118,4
-9,-115,2
-9,-114,1
-9,-112,4
-9,-111,1
-9,-109,1
-9,-105,1
-9,-104,6
-9,-102,1
-9,-98,2
-9,-97,1
-9,-96,3
-9,-95,3
-9,-94,1
-9,-92,1
-9,-88,1
-9,-87,3
-9,-74,1
-9,-72,1
-8,-158,1
-8,-157,1
-8,-155,1
-8,-149,1
-8,-148,2
-8,-147,6
-8,-146,5
-8,-145,4
-8,-144,1
-8,-143,3
-8,-142,4
-8,-139,3
-8,-138,1
-8,-137,2
-8,-136,37
-8,-135,87
-8,-134,23
-8,-133,6
-8,-132,2
-8,-131,3
-8,-130,9
-8,-129,113
-8,-128,3
-8,-127,2
-8,-126,2
-8,-125,8
-8,-124,2
-8,-123,1
-8,-122,2
-8,-121,2
-8,-117,2
-8,-116,1
-8,-115,3
-8,-114,4
-8,-111,1
-8,-108,1
-8,-107,1
-8,-104,1
-8,-102,2
-8,-99,3
-8,-92,1
-8,-91,1
-8,-83,1
-7,-157,1
-7,-156,1
-7,-150,2
-7,-148,2
-7,-147,17
-7,-146,5
-7,-145,17
-7,-144,1
-7,-142,3
-7,-141,2
-7,-140,6
-7,-139,10
-7,-138,6
-7,-137,2
-7,-136,29
-7,-135,80
-7,-134,14
-7,-133,33
-7,-132,5
-7,-131,8
-7,-130,2
-7,-129,13
-7,-128,7
-7,-127,1
-7,-126,9
-7,-125,3
-7,-124,1
-7,-123,1
-7,-122,1
-7,-120,1
-7,-115,2
-7,-114,1
-7,-108,1
-7,-105,1
-7,-101,1
-7,-99,2
-7,-94,1
-7,-90,1
-7,-89,1
-6,-159,2
-6,-157,1
-6,-152,7
-6,-150,1
-6,-148,3
-6,-147,23
-6,-146,4
-6,-145,1
-6,-142,2
-6,-141,1
-6,-140,1
-6,-139,2
-6,-138,3
-6,-137,1
-6,-136,6
-6,-135,7
-6,-134,3
-6,-133,2
-6,-132,3
-6,-131,2
-6,-130,1
-6,-128,2
-6,-126,12
-6,-125,9
-6,-124,3
-6,-123,3
-6,-121,1
-6,-115,2
-6,-114,3
-6,-103,1
-6,-99,2
-6,-93,1
-6,-84,1
-6,-74,1
-6,-73,2
-5,-159,1
-5,-148,7
-5,-147,7
-5,-146,4
-5,-144,1
-5,-143,1
-5,-141,1
-5,-140,3
-5,-138,3
-5,-137,1
-5,-136,2
-5,-135,2
-5,-134,1
-5,-133,2
-5,-132,1
-5,-131,1
-5,-129,3
-5,-127,7
-5,-125,3
-5,-123,2
-5,-121,1
-5,-119,3
-5,-118,1
-5,-105,2
-5,-104,1
-5,-102,1
-5,-101,1
-5,-100,1
-5,-99,1
-5,-96,4
-5,-95,2
-5,-94,2
-5,-93,2
-5,-92,1
-5,-91,1
-5,-85,1
-5,-76,1
-4,-159,1
-4,-158,3
-4,-156,1
-4,-149,2
-4,-148,2
-4,-147,2
-4,-144,1
-4,-143,1
-4,-138,5
-4,-137,2
-4,-136,2
-4,-135,6
-4,-134,10
-4,-133,4
-4,-132,2
-4,-131,1
-4,-129,1
-4,-128,2
-4,-127,4
-4,-124,1
-4,-123,1
-4,-116,1
-4,-115,1
-4,-108,1
-4,-106,23
-4,-105,6
-4,-104,1
-4,-103,4
-4,-100,1
-4,-99,1
-4,-96,1
-4,-87,1
-4,-86,1
-4,-78,1
-4,-77,1
-3,-159,3
-3,-158,23
-3,-157,1
-3,-156,2
-3,-151,1
-3,-147,3
-3,-146,1
-3,-145,2
-3,-144,3
-3,-143,1
-3,-142,11
-3,-141,13
-3,-140,3
-3,-139,13
-3,-138,18
-3,-137,3
-3,-136,11
-3,-135,45
-3,-134,23
-3,-133,11
-3,-132,2
-3,-131,2
-3,-129,1
-3,-128,1
-3,-127,1
-3,-124,3
-3,-120,1
-3,-116,2
-3,-115,1
-3,-113,8
-3,-112,11
-3,-111,1
-3,-108,2
-3,-107,3
-3,-106,19
-3,-105,4
-3,-103,1
-3,-101,1
-3,-100,1
-3,-99,2
-3,-84,1
-3,-81,4
-3,-79,1
-2,-158,3
-2,-156,2
-2,-155,2
-2,-148,1
-2,-147,3
-2,-144,4
-2,-143,2
-2,-139,6
-2,-138,7
-2,-137,1
-2,-136,7
-2,-135,26
-2,-129,2
-2,-125,2
-2,-122,2
-2,-120,1
-2,-113,1
-2,-112,1
-2,-111,1
-2,-109,1
-2,-106,2
-2,-105,4
-2,-104,3
-2,-103,1
-2,-102,1
-2,-100,3
-2,-99,3
-2,-98,1
-2,-87,1
-2,-85,1
-1,-171,1
-1,-170,1
-1,-161,1
-1,-160,1
-1,-155,1
-1,-148,4
-1,-147,4
-1,-146,1
-1,-144,1
-1,-143,6
-1,-142,1
-1,-139,1
-1,-138,5
-1,-136,7
-1,-135,2
-1,-133,1
-1,-131,2
-1,-129,1
-1,-127,1
-1,-126,1
-1,-119,2
-1,-118,1
-1,-114,5
-1,-113,2
-1,-112,1
-1,-111,1
-1,-105,2
-1,-104,1
-1,-103,1
-1,-100,1
-1,-99,6
-1,-92,1
-1,-81,1
-1,-78,1
0,-170,2
0,-169,1
0,-168,2
0,-165,1
0,-163,1
0,-161,1
0,-158,2
0,-156,1
0,-153,1
0,-150,1
0,-149,22
0,-147,1
0,-146,8
0,-145,1
0,-144,1
0,-141,1
0,-138,11
0,-136,3
0,-135,4
0,-134,2
0,-132,1
0,-129,1
0,-120,2
0,-119,2
0,-118,1
0,-115,1
0,-114,1
0,-113,1
0,-111,3
0,-110,1
0,-105,1
0,-103,1
0,-100,2
0,-92,1
0,-80,1
1,-194,1
1,-168,1
1,-165,1
1,-162,1
1,-159,1
1,-158,1
1,-157,2
1,-149,2
1,-147,2
1,-146,3
1,-145,1
1,-144,1
1,-141,1
1,-138,10
1,-137,1
1,-136,1
1,-135,2
1,-134,1
1,-133,2
1,-130,2
1,-129,1
1,-119,2
1,-118,1
1,-117,4
1,-116,2
1,-112,5
1,-109,1
1,-103,1
1,-100,1
1,-99,3
1,-80,2
1,-78,1
2,-160,2
2,-157,1
2,-149,2
2,-148,1
2,-145,2
2,-143,1
2,-142,2
2,-140,2
2,-138,3
2,-137,1
2,-135,2
2,-133,1
2,-131,3
2,-130,4
2,-121,1
2,-120,3
2,-119,1
2,-118,3
2,-117,5
2,-116,1
2,-115,1
2,-113,3
2,-112,13
2,-111,2
2,-110,2
2,-109,2
2,-107,1
2,-105,1
2,-104,1
2,-102,1
2,-99,2
2,-94,2
2,-85,2
2,-84,1
3,-154,1
3,-149,1
3,-145,1
3,-143,1
3,-139,1
3,-138,8
3,-137,1
3,-136,2
3,-135,2
3,-134,1
3,-131,15
3,-130,2
3,-129,1
3,-124,1
3,-120,2
3,-119,2
3,-118,4
3,-117,1
3,-116,2
3,-115,2
3,-114,4
3,-113,3
3,-112,1
3,-110,1
3,-108,3
3,-103,1
3,-100,2
3,-99,1
3,-98,1
3,-97,2
3,-96,2
3,-88,1
3,-86,10
3,-85,8
4,-139,1
4,-138,10
4,-137,1
4,-132,1
4,-131,2
4,-120,3
4,-119,1
4,-117,3
4,-115,3
4,-114,2
4,-113,3
4,-112,1
4,-110,1
4,-106,2
4,-105,5
4,-104,10
4,-103,1
4,-102,1
4,-100,1
4,-86,2
4,-85,3
4,-84,1
5,-149,1
5,-141,1
5,-138,1
5,-137,1
5,-135,1
5,-134,3
5,-132,2
5,-131,1
5,-121,1
5,-117,23
5,-116,12
5,-115,5
5,-111,1
5,-110,1
5,-109,1
5,-106,3
5,-105,21
5,-104,47
5,-103,7
5,-100,1
5,-99,1
6,-156,1
6,-154,1
6,-139,1
6,-137,1
6,-135,1
6,-134,1
6,-133,2
6,-123,2
6,-122,1
6,-120,1
6,-119,1
6,-117,5
6,-115,4
6,-112,1
6,-111,3
6,-110,4
6,-107,1
6,-105,44
6,-102,1
7,-161,1
7,-160,1
7,-155,1
7,-151,1
7,-150,1
7,-148,2
7,-134,1
7,-127,1
7,-126,1
7,-125,1
7,-124,1
7,-118,1
7,-116,1
7,-115,2
7,-114,2
7,-113,8
7,-111,1
7,-107,1
7,-105,2
7,-102,1
7,-98,1
7,-93,1
8,-161,2
8,-160,1
8,-158,1
8,-156,1
8,-155,1
8,-154,1
8,-153,1
8,-152,2
8,-151,3
8,-150,11
8,-149,11
8,-148,2
8,-147,1
8,-146,3
8,-132,2
8,-127,2
8,-126,29
8,-125,7
8,-122,1
8,-118,2
8,-116,3
8,-113,19
8,-112,3
8,-110,3
8,-107,1
8,-106,1
8,-95,1
9,-160,1
9,-159,2
9,-157,1
9,-156,1
9,-153,2
9,-151,2
9,-150,26
9,-149,36
9,-148,2
9,-147,8
9,-143,1
9,-142,1
9,-140,1
9,-130,1
9,-129,1
9,-128,3
9,-127,27
9,-126,21
9,-125,4
9,-124,2
9,-123,2
9,-110,2
9,-98,1
9,-89,1
10,-160,1
10,-159,1
10,-158,5
10,-157,1
10,-156,1
10,-155,1
10,-154,2
10,-153,2
10,-151,1
10,-150,7
10,-149,4
10,-148,5
10,-146,1
10,-141,3
10,-140,2
10,-139,1
10,-137,2
10,-134,1
10,-133,1
10,-132,1
10,-131,1
10,-128,4
10,-127,2
10,-126,1
10,-125,1
10,-124,1
10,-121,1
10,-120,2
10,-118,2
10,-117,1
10,-116,2
10,-108,2
10,-106,5
10,-102,1
10,-96,1
11,-156,1
11,-154,1
11,-151,1
11,-150,3
11,-149,1
11,-148,2
11,-147,2
11,-146,2
11,-145,1
11,-141,12
11,-140,5
11,-139,1
11,-133,2
11,-132,1
11,-131,1
11,-129,2
11,-123,2
11,-122,3
11,-118,1
11,-117,2
11,-116,1
11,-111,1
11,-109,1
11,-108,1
11,-107,2
11,-106,2
11,-105,2
11,-100,1
11,-98,2
11,-97,1
11,-96,2
11,-94,1
12,-159,1
12,-158,2
12,-151,2
12,-150,1
12,-149,2
12,-148,1
12,-147,1
12,-146,1
12,-144,1
12,-142,2
12,-136,1
12,-135,1
12,-134,1
12,-132,2
12,-131,3
12,-130,2
12,-129,2
12,-122,1
12,-120,1
12,-117,1
12,-112,1
12,-111,23
12,-110,3
12,-109,1
12,-107,1
12,-106,1
12,-105,5
12,-104,2
12,-103,4
12,-102,8
12,-99,1
12,-98,3
12,-95,1
13,-163,1
13,-158,3
13,-157,2
13,-156,3
13,-155,4
13,-152,1
13,-151,3
13,-150,7
13,-149,5
13,-148,2
13,-144,2
13,-129,2
13,-128,3
13,-126,2
13,-124,1
13,-120,1
13,-111,1
13,-110,7
13,-109,1
13,-108,2
13,-107,2
13,-105,1
13,-104,5
13,-103,31
13,-102,12
13,-99,1
13,-93,1
14,-166,2
14,-165,1
14,-164,4
14,-160,2
14,-159,1
14,-158,1
14,-156,4
14,-155,3
14,-154,1
14,-153,1
14,-151,3
14,-150,27
14,-149,6
14,-148,2
14,-143,1
14,-142,1
14,-136,1
14,-134,1
14,-133,1
14,-132,2
14,-131,1
14,-124,1
14,-123,1
14,-112,1
14,-111,1
14,-109,2
14,-108,1
14,-104,2
14,-103,6
14,-102,1
14,-95,1
15,-167,1
15,-166,4
15,-164,1
15,-162,1
15,-161,2
15,-159,1
15,-158,1
15,-156,1
15,-155,2
15,-154,2
15,-150,6
15,-148,2
15,-141,1
15,-133,1
15,-132,2
15,-131,4
15,-126,3
15,-125,1
15,-120,1
15,-119,1
15,-116,1
15,-112,1
15,-110,1
15,-109,7
15,-108,9
15,-106,1
15,-95,1
16,-165,8
16,-164,13
16,-163,24
16,-162,6
16,-157,1
16,-156,1
16,-155,1
16,-154,1
16,-150,2
16,-144,3
16,-143,2
16,-141,1
16,-140,1
16,-139,1
16,-132,3
16,-129,1
16,-128,1
16,-120,1
16,-119,2
16,-118,8
16,-117,2
16,-116,1
16,-111,1
16,-110,2
16,-108,2
16,-101,2
16,-100,2
16,-99,1
17,-167,3
17,-166,16
17,-165,5
17,-164,18
17,-163,21
17,-162,2
17,-161,1
17,-160,1
17,-156,3
17,-155,11
17,-154,6
17,-153,1
17,-152,1
17,-151,1
17,-149,1
17,-145,1
17,-142,1
17,-141,1
17,-140,7
17,-136,1
17,-135,1
17,-131,4
17,-130,1
17,-123,1
17,-122,2
17,-121,1
17,-120,6
17,-119,22
17,-118,5
17,-117,1
17,-115,1
17,-108,3
18,-167,14
18,-166,13
18,-165,1
18,-164,5
18,-163,17
18,-162,30
18,-160,1
18,-159,1
18,-151,1
18,-148,1
18,-140,2
18,-123,2
18,-122,1
18,-120,1
18,-119,6
18,-118,2
18,-115,1
18,-103,2
19,-168,3
19,-167,16
19,-166,18
19,-165,1
19,-164,2
19,-163,22
19,-158,2
19,-157,2
19,-150,1
19,-146,1
19,-132,1
19,-121,2
19,-119,1
20,-167,1
20,-166,4
20,-165,2
20,-164,2
20,-157,1
20,-156,4
20,-153,1
20,-152,2
20,-150,1
20,-148,2
20,-147,1
20,-146,2
20,-143,1
20,-137,1
20,-135,1
20,-130,1
20,-129,1
20,-125,3
20,-123,1
20,-120,1
20,-119,1
21,-165,1
21,-164,2
21,-163,1
21,-161,1
21,-158,1
21,-157,2
21,-155,3
21,-154,3
21,-153,3
21,-152,1
21,-150,2
21,-149,49
21,-148,4
21,-147,1
21,-146,3
21,-138,1
21,-135,1
21,-128,1
21,-127,2
21,-121,1
21,-118,2
21,-117,1
21,-111,1
22,-167,1
22,-166,1
22,-159,1
22,-155,1
22,-153,3
22,-150,3
22,-149,17
22,-148,2
22,-147,3
22,-146,1
22,-145,1
22,-144,1
22,-143,1
22,-137,5
22,-135,1
22,-130,1
22,-117,1
22,-116,1
23,-166,1
23,-162,2
23,-159,3
23,-158,1
23,-157,1
23,-155,3
23,-154,2
23,-151,1
23,-150,3
23,-149,2
23,-146,2
23,-145,1
23,-144,3
23,-138,4
23,-137,9
23,-136,3
23,-133,1
23,-127,1
23,-122,1
23,-113,1
24,-159,7
24,-157,1
24,-156,1
24,-155,7
24,-154,2
24,-153,2
24,-151,6
24,-150,2
24,-149,1
24,-147,5
24,-146,21
24,-145,2
24,-143,2
24,-136,1
24,-132,2
24,-127,1
24,-120,2
24,-119,1
24,-112,1
25,-160,2
25,-159,2
25,-154,1
25,-152,6
25,-151,2
25,-150,2
25,-148,1
25,-146,5
25,-145,1
25,-135,1
25,-132,1
25,-131,11
25,-130,1
25,-126,1
25,-117,1
26,-159,1
26,-155,2
26,-152,1
26,-148,5
26,-147,1
26,-146,2
26,-142,2
26,-132,2
26,-130,1
26,-129,1
26,-122,2
26,-121,11
26,-120,8
27,-144,1
27,-143,1
27,-137,1
27,-134,1
27,-133,1
28,-146,1
28,-141,2
28,-140,1
