zoom_pct,cx,cy,dx,dy,category,dist_core_km
100,-6500.0,-36500.0,-96.11199002600551,246.02835742772004,Retail,0.0
100,-6500.0,-36500.0,-145.47556433588215,228.72078198780946,Business and Professional Services,0.0
100,-6500.0,-36500.0,24.773025741177662,-383.25169729223853,Arts and Entertainment,0.0
100,-6500.0,-36500.0,-143.77175573235309,234.27936502609373,Retail,0.0
100,-6500.0,-36500.0,-222.25185738506116,360.7926157105612,Travel and Transportation,0.0
100,-6500.0,-36500.0,-376.9509564141754,126.15965212394804,Arts and Entertainment,0.0
100,-6500.0,-36500.0,-393.04425478982193,120.61376676848886,Landmarks and Outdoors,0.0
100,-6500.0,-36500.0,-351.46458086521034,114.77839723930083,Retail,0.0
100,-6500.0,-36500.0,388.93921180842335,-74.53285255601077,Dining and Drinking,0.0
100,-6500.0,-36500.0,-255.59751469256025,-353.8177295338028,Dining and Drinking,0.0
100,-6500.0,-36500.0,343.69608742781384,-71.7476905256699,Community and Government,0.0
100,-6500.0,-36500.0,224.4059070066196,-94.49877494978864,Retail,0.0
100,-6500.0,-36500.0,128.04933667294154,-277.4406560211646,Community and Government,0.0
100,-6500.0,-36500.0,26.390462890634808,-323.18986440397566,Dining and Drinking,0.0
100,-6500.0,-36500.0,123.94800345299245,98.47030092801288,Retail,0.0
100,-6500.0,-36500.0,384.27181919915165,141.79994659461227,Retail,0.0
100,-6500.0,-36500.0,-179.56162214730284,104.97819521169731,Landmarks and Outdoors,0.0
100,-6500.0,-36500.0,239.0539139563425,117.24395326654485,Travel and Transportation,0.0
100,-6500.0,-36500.0,241.4479368188904,-276.3124278365576,Retail,0.0
100,-6500.0,-36500.0,109.02500872205837,281.23189058720163,Retail,0.0
100,-6500.0,-36500.0,84.74042274724525,-397.55837077711476,Retail,0.0
100,-6500.0,-36500.0,-338.11841387876484,-212.0649315686387,Travel and Transportation,0.0
100,-6500.0,-36500.0,-245.85727565141678,-225.91484154043428,Nightlife Spot,0.0
100,-6500.0,-36500.0,168.96124612088352,-111.87500742640987,Retail,0.0
100,-6500.0,-36500.0,-86.97470472154782,-248.76683181705448,Dining and Drinking,0.0
100,-6500.0,-36500.0,-169.51616671414376,-98.57359571287088,Nightlife Spot,0.0
100,-6500.0,-36500.0,-224.49449189447114,-336.4820621145045,Nightlife Spot,0.0
100,-6500.0,-36500.0,335.1882871898133,90.10234006119572,Retail,0.0
100,-6500.0,-36500.0,33.75117938556559,-143.4475151525694,Dining and Drinking,0.0
100,-6500.0,-36500.0,223.6917627197754,369.140068207882,Retail,0.0
100,-6500.0,-36500.0,-106.04839227888533,352.9412807178742,Dining and Drinking,0.0
100,-6500.0,-36500.0,-265.0836533724114,244.0069529182074,Arts and Entertainment,0.0
100,-6500.0,-36500.0,-27.487172094669404,301.85611313085246,Dining and Drinking,0.0
100,-6500.0,-36500.0,-105.05927716746555,346.2486813020223,Arts and Entertainment,0.0
100,-6500.0,-36500.0,-25.014711500524754,-395.0610474317291,Retail,0.0
100,-6500.0,-36500.0,148.5167242029429,208.64839014992322,Travel and Transportation,0.0
100,-6500.0,-36500.0,30.9262679933845,-269.6346701711809,Retail,0.0
100,-6500.0,-36500.0,249.85990387824495,291.28452306189865,Dining and Drinking,0.0
100,-6500.0,-36500.0,383.2370742150488,49.45732076747663,Retail,0.0
100,-6500.0,-36500.0,105.69496994401925,-9.895211205890519,Dining and Drinking,0.0
100,-6500.0,-36500.0,-22.186596099460075,-180.87541373092245,Dining and Drinking,0.0
100,-6500.0,-36500.0,-63.46027455656804,-225.1907635038151,Arts and Entertainment,0.0
100,-6500.0,-36500.0,219.62425812216588,110.48904308843339,Travel and Transportation,0.0
100,-6500.0,-36500.0,-277.54447017877465,-99.25484396665706,Business and Professional Services,0.0
100,-6500.0,-36500.0,-242.36579847251596,-185.11381891816563,Nightlife Spot,0.0
100,-6500.0,-36500.0,114.09829205375718,365.6980922238363,Arts and Entertainment,0.0
100,-6500.0,-36500.0,323.9448793402871,-366.30023816291214,Dining and Drinking,0.0
100,-6500.0,-36500.0,108.05413023558322,281.7160512847331,Arts and Entertainment,0.0
100,-6500.0,-36500.0,106.11306870232693,283.651298239216,Business and Professional Services,0.0
100,-6500.0,-36500.0,349.22063592650375,367.84372288735176,Retail,0.0
100,-6500.0,-36500.0,312.9215558755004,373.30180549729266,Retail,0.0
100,-6500.0,-36500.0,95.23069200389637,190.09950787185517,Landmarks and Outdoors,0.0
100,-6500.0,-36500.0,-292.27250926747,-273.74519850746583,Nightlife Spot,0.0
100,-6500.0,-36500.0,277.39889719129224,-22.85228545167047,Retail,0.0
100,-6500.0,-36500.0,153.5899763885027,125.04006902825495,Landmarks and Outdoors,0.0
100,-6500.0,-36500.0,247.09724887406264,-11.970480700831104,Retail,0.0
100,-6500.0,-36500.0,339.8933033163721,170.6746218558983,Sports and Recreation,0.0
100,-6500.0,-36500.0,64.90361883627338,-294.07572863331734,Business and Professional Services,0.0
100,-6500.0,-36500.0,25.10020918307964,-233.3650554689084,Dining and Drinking,0.0
100,-6500.0,-36500.0,-51.0499652482531,266.03918648370745,Nightlife Spot,0.0
100,-6500.0,-36500.0,133.80493936743642,300.31088755979727,Retail,0.0
100,-6500.0,-36500.0,-64.83228635826254,270.7223254857163,Dining and Drinking,0.0
100,-6500.0,-36500.0,152.41172439730326,-165.04663080332102,Retail,0.0
100,-6500.0,-36500.0,-102.93159464216023,299.5165674941527,Landmarks and Outdoors,0.0
100,-6500.0,-36500.0,325.6140884360866,120.43579790281365,Arts and Entertainment,0.0
100,-6500.0,-36500.0,-41.495876795327604,-352.98458848583687,Retail,0.0
100,-6500.0,-36500.0,-66.69848079430085,22.139926982330508,Dining and Drinking,0.0
100,-6500.0,-36500.0,337.5385259307295,-22.307529004407115,Dining and Drinking,0.0
100,-6500.0,-36500.0,-63.23562929095806,-33.38261343046179,Dining and Drinking,0.0
100,-6500.0,-36500.0,-305.3763710887479,-262.6148518628688,Dining and Drinking,0.0
100,-6500.0,-36500.0,-78.87556270615733,324.15527176790783,Retail,0.0
100,-6500.0,-36500.0,313.77580001817296,25.331553718257055,Travel and Transportation,0.0
100,-6500.0,-36500.0,-133.2547935077373,-314.72044276636007,Dining and Drinking,0.0
100,-6500.0,-36500.0,339.59875458666374,397.81623274306185,Dining and Drinking,0.0
100,-6500.0,-36500.0,-253.5928380466312,-180.21924634250172,Dining and Drinking,0.0
100,-6500.0,-36500.0,325.67177672430716,-136.58171400171705,Dining and Drinking,0.0
100,-6500.0,-36500.0,-32.830316591988776,257.95879402967694,Dining and Drinking,0.0
100,-6500.0,-36500.0,-134.03827283959617,-342.37165997966804,Nightlife Spot,0.0
100,-6500.0,-36500.0,76.91484795707129,-36.70371174946922,Dining and Drinking,0.0
100,-6500.0,-36500.0,-104.43055474405264,-182.34855633505504,Nightlife Spot,0.0
100,-6500.0,-36500.0,-381.4716470743333,-381.7379759127871,Dining and Drinking,0.0
100,-6500.0,-36500.0,-5.7193357110227225,90.34515540073335,Dining and Drinking,0.0
100,-6500.0,-36500.0,-8.423633494373462,376.5587719406976,Landmarks and Outdoors,0.0
100,-6500.0,-36500.0,254.72757041958357,307.71881191895955,Dining and Drinking,0.0
100,-6500.0,-36500.0,-382.9349541972588,-389.9563273168387,Dining and Drinking,0.0
100,-6500.0,-36500.0,278.4535765635419,-3.564392121224955,Retail,0.0
100,-6500.0,-36500.0,-79.08979013868156,25.966853441175772,Dining and Drinking,0.0
100,-6500.0,-36500.0,136.21898907471768,280.72892835575476,Retail,0.0
100,-6500.0,-36500.0,-99.12970278145986,-187.64295468065393,Arts and Entertainment,0.0
100,-6500.0,-36500.0,-68.02105252086585,-282.23935326520586,Dining and Drinking,0.0
100,-6500.0,-36500.0,368.7172971451946,120.53792880626133,Retail,0.0
100,-6500.0,-36500.0,-46.27545994202501,-206.32272893300978,Arts and Entertainment,0.0
100,-6500.0,-36500.0,104.14783820110642,-58.911714061272505,Dining and Drinking,0.0
100,-6500.0,-36500.0,314.0434695832655,37.29697312416101,Retail,0.0
100,-6500.0,-36500.0,145.2276605719553,-334.56309914220765,Arts and Entertainment,0.0
100,-6500.0,-36500.0,-139.520716091537,146.81003567799053,Dining and Drinking,0.0
100,-6500.0,-36500.0,210.58533565241214,-220.629924009947,Arts and Entertainment,0.0
100,-6500.0,-36500.0,-115.93226201571906,-188.33087078341487,Nightlife Spot,0.0
100,-6500.0,-36500.0,-204.73410585167858,-15.14931051529129,Nightlife Spot,0.0
100,-6500.0,-36500.0,5.570029431837611,254.7163261896203,Nightlife Spot,0.0
100,-6500.0,-36500.0,-281.4362090018276,244.29430255908665,Dining and Drinking,0.0
100,-6500.0,-36500.0,160.31338363184932,-179.21292126704066,Dining and Drinking,0.0
100,-6500.0,-36500.0,-290.79919688868085,-297.5009349317188,Dining and Drinking,0.0
100,-6500.0,-36500.0,-167.33117733115887,-99.05871726745681,Dining and Drinking,0.0
100,-6500.0,-36500.0,64.63154561717965,68.20487756837247,Arts and Entertainment,0.0
100,-6500.0,-36500.0,75.03335807027179,80.64218362251268,Arts and Entertainment,0.0
100,-6500.0,-36500.0,164.37465339670598,-99.21394569497352,Health and Medicine,0.0
100,-6500.0,-36500.0,100.44435529875864,228.89674609980284,Landmarks and Outdoors,0.0
100,-6500.0,-36500.0,182.90720158173372,378.3546456265758,Dining and Drinking,0.0
100,-6500.0,-36500.0,48.73455802472017,11.257259158373927,Dining and Drinking,0.0
100,-6500.0,-36500.0,-119.67645344078755,-110.32040908987983,Dining and Drinking,0.0
100,-6500.0,-36500.0,-37.61269563233691,305.02812609274406,Retail,0.0
100,-6500.0,-36500.0,172.12958928727676,3.3933118034692598,Nightlife Spot,0.0
100,-6500.0,-36500.0,-54.06607527509459,-276.0996101193887,Dining and Drinking,0.0
100,-6500.0,-36500.0,-132.88510912015136,143.95276043993363,Dining and Drinking,0.0
100,-6500.0,-36500.0,350.5168116259556,-149.87803498914582,Nightlife Spot,0.0
100,-6500.0,-36500.0,-16.172961466694687,174.84303455414192,Dining and Drinking,0.0
100,-6500.0,-36500.0,378.4318587195057,-83.32331889766647,Dining and Drinking,0.0
100,-6500.0,-36500.0,337.1230760122844,78.98110705422005,Dining and Drinking,0.0
100,-6500.0,-36500.0,344.1276055964263,376.3077630532425,Retail,0.0
100,-6500.0,-36500.0,106.60215688323206,288.48557417288976,Arts and Entertainment,0.0
100,-6500.0,-36500.0,304.8190128637161,-284.0926785779957,Dining and Drinking,0.0
100,-6500.0,-36500.0,311.5515694702535,143.90499501637532,Retail,0.0
100,-6500.0,-36500.0,223.20820177031055,372.04115855443524,Dining and Drinking,0.0
100,-6500.0,-36500.0,29.188769379611585,-310.0299024411652,Dining and Drinking,0.0
100,-6500.0,-36500.0,48.10774426497301,337.0929470163974,Nightlife Spot,0.0
100,-6500.0,-36500.0,-192.96106785852135,206.75866374770703,Arts and Entertainment,0.0
100,-6500.0,-36500.0,-169.62679530187506,-197.308812190553,Nightlife Spot,0.0
100,-6500.0,-36500.0,-3.8121171328239143,394.86519840920664,Dining and Drinking,0.0
100,-6500.0,-36500.0,135.7275834007878,282.42871500032925,Retail,0.0
100,-6500.0,-36500.0,72.66231362626422,-310.15752810230333,Dining and Drinking,0.0
100,-6500.0,-36500.0,284.8652147809262,350.24221694565495,Dining and Drinking,0.0
100,-6500.0,-36500.0,152.29321555084152,349.3689297725796,Arts and Entertainment,0.0
100,-6500.0,-36500.0,-178.98945109636315,-29.099922559449624,Dining and Drinking,0.0
100,-6500.0,-36500.0,42.544161952981085,142.29888135459623,Retail,0.0
100,-6500.0,-36500.0,-13.265527700586972,64.36394976040174,Dining and Drinking,0.0
100,-6500.0,-36500.0,140.72549343467108,-208.31047921739082,Retail,0.0
100,-6500.0,-36500.0,-43.34748833243066,-199.3705760079465,Dining and Drinking,0.0
100,-6500.0,-36500.0,312.4440531293467,-227.00488725688774,Dining and Drinking,0.0
100,-6500.0,-36500.0,-45.80137092095538,-176.12329906740342,Nightlife Spot,0.0
100,-6500.0,-36500.0,-101.29456868384568,215.1508261681156,Dining and Drinking,0.0
100,-6500.0,-36500.0,-217.7363035089511,-287.0978647056909,Arts and Entertainment,0.0
100,-6500.0,-36500.0,61.356540554345884,172.96990193379315,Landmarks and Outdoors,0.0
100,-6500.0,-36500.0,78.19255093050833,-214.74824360520142,Dining and Drinking,0.0
100,-6500.0,-36500.0,283.42806182116055,19.66444417538878,Business and Professional Services,0.0
100,-6500.0,-36500.0,392.43462164172615,360.3203349217292,Retail,0.0
100,-6500.0,-36500.0,-254.14522960097656,-372.98728828760795,Retail,0.0
100,-6500.0,-36500.0,148.98913509131853,-197.43787853113463,Nightlife Spot,0.0
100,-6500.0,-36500.0,-308.60835446799956,-361.0036166762584,Dining and Drinking,0.0
100,-6500.0,-36500.0,-5.928028510933473,73.85463627225545,Dining and Drinking,0.0
100,-6500.0,-36500.0,-130.3273284523193,29.277585148585786,Dining and Drinking,0.0
100,-6500.0,-36500.0,-115.17581359729138,159.80404239736527,Dining and Drinking,0.0
100,-6500.0,-36500.0,-56.48414234661959,231.79726290517283,Dining and Drinking,0.0
100,-6500.0,-36500.0,145.31030730648308,-97.9927609339793,Dining and Drinking,0.0
100,-6500.0,-36500.0,196.13110082770072,365.7753519450416,Retail,0.0
100,-6500.0,-36500.0,-115.46668824589415,72.49318726418278,Dining and Drinking,0.0
100,-6500.0,-36500.0,-18.930356357611345,281.9531165175358,Dining and Drinking,0.0
100,-6500.0,-36500.0,39.343732348856065,-381.570045412147,Dining and Drinking,0.0
100,-6500.0,-36500.0,123.5718909248626,344.39401971062034,Dining and Drinking,0.0
100,-6500.0,-36500.0,-13.310534960905898,-235.57401023665443,Nightlife Spot,0.0
100,-6500.0,-36500.0,76.81526717702945,-49.24007411364437,Nightlife Spot,0.0
100,-6500.0,-36500.0,-83.96956392720313,166.79119380378688,Dining and Drinking,0.0
100,-6500.0,-36500.0,18.893289452415047,45.36405656342686,Nightlife Spot,0.0
100,-6500.0,-36500.0,311.6774725177793,-133.38957515270158,Nightlife Spot,0.0
100,-6500.0,-36500.0,190.31103532834277,153.46072443515732,Retail,0.0
100,-6500.0,-36500.0,251.75667188927673,226.2572552811107,Retail,0.0
100,-6500.0,-36500.0,-375.7756895886596,-238.14438378964405,Travel and Transportation,0.0
100,-6500.0,-36500.0,154.90364875744945,-73.36787252693466,Retail,0.0
100,-6500.0,-36500.0,180.89813251200758,284.56477550256386,Arts and Entertainment,0.0
100,-6500.0,-36500.0,-92.02342061298623,275.093608669893,Arts and Entertainment,0.0
100,-6500.0,-36500.0,130.8935464499582,-158.148218554903,Retail,0.0
100,-6500.0,-36500.0,306.0204134307178,196.47922123611352,Dining and Drinking,0.0
100,-6500.0,-36500.0,141.2909158250577,357.9814162611583,Dining and Drinking,0.0
100,-6500.0,-36500.0,271.5537324375018,237.967411335434,Dining and Drinking,0.0
100,-6500.0,-36500.0,-162.28809555922453,-51.7688178603712,Nightlife Spot,0.0
100,-6500.0,-36500.0,158.20820662014103,131.80537234211806,Retail,0.0
100,-6500.0,-36500.0,-168.73588228557128,-29.4363040380631,Nightlife Spot,0.0
100,-6500.0,-36500.0,-107.02819805342551,14.514198982207745,Nightlife Spot,0.0
100,-6500.0,-36500.0,160.02742784669408,141.47346366661804,Arts and Entertainment,0.0
100,-6500.0,-36500.0,204.08092281660356,105.66530847837566,Retail,0.0
100,-6500.0,-36500.0,85.4094617707342,-143.2416754254591,Arts and Entertainment,0.0
100,-6500.0,-36500.0,-94.69569875904745,-218.05060206579947,Dining and Drinking,0.0
100,-6500.0,-36500.0,22.542591581489432,221.8283059124078,Arts and Entertainment,0.0
100,-6500.0,-36500.0,241.49341988343167,133.43852800130117,Retail,0.0
100,-6500.0,-36500.0,-244.68212211275204,-260.3966671107555,Dining and Drinking,0.0
100,-6500.0,-36500.0,-248.82113168357682,-176.91497045843425,Dining and Drinking,0.0
100,-6500.0,-36500.0,332.9982694120663,194.76176339877566,Nightlife Spot,0.0
100,-6500.0,-36500.0,228.5529580046541,376.38850994966924,Dining and Drinking,0.0
100,-6500.0,-36500.0,-397.4899697018145,-324.04592905191384,Dining and Drinking,0.0
100,-6500.0,-36500.0,-208.78988409608337,-195.8166362928023,Nightlife Spot,0.0
100,-6500.0,-36500.0,-120.24998942534421,193.1671574792199,Retail,0.0
100,-6500.0,-36500.0,61.26139871924261,-113.75988097725349,Retail,0.0
100,-6500.0,-36500.0,356.48295017982764,381.5717447516581,Dining and Drinking,0.0
100,-6500.0,-36500.0,181.08941678976134,212.0449232491519,Travel and Transportation,0.0
100,-6500.0,-36500.0,85.19239121535975,-243.56339721108088,Retail,0.0
100,-6500.0,-36500.0,277.8262174008123,6.501015030124108,Retail,0.0
100,-6500.0,-36500.0,362.37656360927303,10.15371208043507,Retail,0.0
100,-6500.0,-36500.0,371.42537011930017,26.1284888007649,Landmarks and Outdoors,0.0
100,-6500.0,-36500.0,382.7507836002169,48.490704230207484,Dining and Drinking,0.0
100,-6500.0,-36500.0,304.08271572968806,9.573984197617392,Dining and Drinking,0.0
100,-6500.0,-36500.0,120.29415102306848,184.3856314578079,Retail,0.0
100,-6500.0,-36500.0,221.6250238539924,-130.4102005081586,Dining and Drinking,0.0
100,-6500.0,-36500.0,194.656695847043,169.7318563377121,Dining and Drinking,0.0
100,-6500.0,-36500.0,143.54775722620525,343.09020232240437,Dining and Drinking,0.0
100,-6500.0,-36500.0,375.26422353271846,-82.06749511319504,Dining and Drinking,0.0
100,-6500.0,-36500.0,370.0528806510747,-55.44839078088262,Dining and Drinking,0.0
100,-6500.0,-36500.0,179.80053444628538,70.17058399999223,Dining and Drinking,0.0
100,-6500.0,-36500.0,194.46547069034568,242.49378242442617,Retail,0.0
100,-6500.0,-36500.0,170.79413202052638,-265.9882175476596,Business and Professional Services,0.0
100,-6500.0,-36500.0,218.15659063140356,-87.71518310152169,Retail,0.0
100,-6500.0,-36500.0,273.4709649779079,28.502275115970406,Health and Medicine,0.0
100,-6500.0,-36500.0,-198.09935915918868,-204.934031182107,Dining and Drinking,0.0
100,-6500.0,-36500.0,-17.167053310347,373.1809687522691,Dining and Drinking,0.0
100,-6500.0,-36500.0,120.53840881606993,-105.07443045414402,Retail,0.0
100,-6500.0,-36500.0,192.67539942379608,-227.44531659448694,Retail,0.0
100,-6500.0,-36500.0,289.75337113277783,197.12032135519985,Retail,0.0
100,-6500.0,-36500.0,44.05480566676579,355.9378154910737,Dining and Drinking,0.0
100,-6500.0,-36500.0,147.27698328849328,125.16544358503597,Retail,0.0
100,-6500.0,-36500.0,107.91476194793995,-250.1088918100795,Retail,0.0
100,-6500.0,-36500.0,260.03256341228735,343.63511836623366,Dining and Drinking,0.0
100,-6500.0,-36500.0,-11.784290811576284,-399.9057377436475,Dining and Drinking,0.0
100,-6500.0,-36500.0,71.56671258328424,78.9016188919486,Nightlife Spot,0.0
100,-6500.0,-36500.0,-255.2901093137698,142.7461683431975,Travel and Transportation,0.0
100,-6500.0,-36500.0,-103.19514690239248,-185.8879006560528,Dining and Drinking,0.0
100,-6500.0,-36500.0,365.74341991732854,305.399884018967,Dining and Drinking,0.0
100,-6500.0,-36500.0,321.7191653001137,28.168393840664066,Dining and Drinking,0.0
100,-6500.0,-36500.0,396.2156409788158,208.99388748994534,Dining and Drinking,0.0
100,-6500.0,-36500.0,-269.28778515584327,-383.2745447826528,Dining and Drinking,0.0
100,-6500.0,-36500.0,-218.6648663955757,-230.52858101978927,Dining and Drinking,0.0
100,-6500.0,-36500.0,-6.467054862454461,395.8956353011963,Landmarks and Outdoors,0.0
100,-6500.0,-36500.0,-164.30411651213035,-109.9393719883301,Nightlife Spot,0.0
100,-6500.0,-36500.0,-74.59692904638814,-128.62028655488393,Landmarks and Outdoors,0.0
100,-6500.0,-36500.0,20.388287512813804,305.854307227135,Retail,0.0
100,-6500.0,-36500.0,284.1898809023878,-4.654014630381425,Retail,0.0
100,-6500.0,-36500.0,66.19236437174459,351.91940004575736,Travel and Transportation,0.0
100,-6500.0,-36500.0,-231.01614985519245,-187.48868030668382,Nightlife Spot,0.0
100,-6500.0,-36500.0,-154.80959813744448,-323.0355016175963,Dining and Drinking,0.0
100,-6500.0,-36500.0,306.11727185541895,-187.85816374992282,Dining and Drinking,0.0
100,-6500.0,-36500.0,52.3798290189543,206.61046294655534,Dining and Drinking,0.0
100,-6500.0,-36500.0,24.98527930166165,241.89035324497672,Dining and Drinking,0.0
100,-6500.0,-36500.0,-102.31012638562243,-211.0836183854335,Dining and Drinking,0.0
100,-6500.0,-36500.0,-112.52534900080263,-111.2287949626625,Dining and Drinking,0.0
100,-6500.0,-36500.0,-6.560797152001214,-274.2994982787277,Dining and Drinking,0.0
100,-6500.0,-36500.0,-133.55905900969265,300.1806880513468,Dining and Drinking,0.0
100,-6500.0,-36500.0,79.20744463491246,-325.51323011508066,Dining and Drinking,0.0
100,-6500.0,-36500.0,-118.20806390991402,0.5016543357342016,Nightlife Spot,0.0
100,-6500.0,-36500.0,36.30542658940158,264.3111433632512,Dining and Drinking,0.0
100,-6500.0,-36500.0,-33.165446860289194,-198.32522583424725,Arts and Entertainment,0.0
100,-6500.0,-36500.0,128.42537542302762,216.09587013476266,Retail,0.0
100,-6500.0,-36500.0,318.6628347970827,181.9395047838916,Dining and Drinking,0.0
100,-6500.0,-36500.0,250.8091860388031,-51.13908582035947,Retail,0.0
100,-6500.0,-36500.0,223.69210389524324,369.6235262127593,Dining and Drinking,0.0
100,-6500.0,-36500.0,227.0957353435815,329.92310482850735,Retail,0.0
100,-6500.0,-36500.0,308.3907175589493,355.8200454657781,Retail,0.0
100,-6500.0,-36500.0,187.20140860492847,228.7641313877466,Travel and Transportation,0.0
100,-6500.0,-36500.0,232.34923857505964,250.6859078726775,Travel and Transportation,0.0
100,-6500.0,-36500.0,258.23207782116515,111.67054648570047,Retail,0.0
100,-6500.0,-36500.0,-144.36202486809907,355.08954234638077,Retail,0.0
100,-6500.0,-36500.0,-36.699970460958866,-88.90057164718019,Arts and Entertainment,0.0
100,-6500.0,-36500.0,55.37400760836317,-376.26318845658534,Dining and Drinking,0.0
100,-6500.0,-36500.0,69.37387457355544,-247.38967253550072,Business and Professional Services,0.0
100,-6500.0,-36500.0,17.71116535027886,-258.6353043027484,Dining and Drinking,0.0
100,-6500.0,-36500.0,161.03848923097303,355.40593202815944,Dining and Drinking,0.0
100,-6500.0,-36500.0,149.29891282921926,304.2902622831898,Arts and Entertainment,0.0
100,-6500.0,-36500.0,-26.002198322361437,326.7232058451991,Business and Professional Services,0.0
100,-6500.0,-36500.0,-394.9905870768125,336.32906867938436,Arts and Entertainment,0.0
100,-6500.0,-36500.0,315.751250262173,72.71077819172206,Retail,0.0
100,-6500.0,-36500.0,223.5897920163743,-33.57390859146835,Retail,0.0
100,-6500.0,-36500.0,156.26132790315842,215.18843725877377,Community and Government,0.0
100,-6500.0,-36500.0,96.75355368815963,-144.33164639095776,Dining and Drinking,0.0
100,-6500.0,-36500.0,141.3240161643489,-106.04085025794484,Dining and Drinking,0.0
100,-6500.0,-36500.0,129.86042403702504,-338.8017482874129,Retail,0.0
100,-6500.0,-36500.0,194.95142849891818,242.97690298793896,Dining and Drinking,0.0
100,-6500.0,-36500.0,-288.08777083743826,-297.0780143876327,Dining and Drinking,0.0
100,-6500.0,-36500.0,18.254947646808432,294.55195926871966,Nightlife Spot,0.0
100,-6500.0,-36500.0,277.0224016237189,245.8198913655433,Dining and Drinking,0.0
100,-6500.0,-36500.0,-91.08049781846603,236.899221965592,Nightlife Spot,0.0
100,-6500.0,-36500.0,109.96308844613941,-102.8883674940007,Business and Professional Services,0.0
100,-6500.0,-36500.0,190.7624993033669,-185.62213759784936,Arts and Entertainment,0.0
100,-6500.0,-36500.0,323.38609177445596,-174.33621952915564,Nightlife Spot,0.0
100,-6500.0,-36500.0,-5.038877028264324,356.7345000460773,Nightlife Spot,0.0
100,-6500.0,-36500.0,286.8066383042442,348.7904825393416,Nightlife Spot,0.0
100,-6500.0,-36500.0,-364.5533058210294,-340.13284903470776,Dining and Drinking,0.0
100,-6500.0,-36500.0,115.53386589422826,-213.66273693750554,Dining and Drinking,0.0
100,-6500.0,-36500.0,372.66788459826057,215.77861216890597,Dining and Drinking,0.0
100,-6500.0,-36500.0,268.1758467746977,357.5130447245974,Dining and Drinking,0.0
100,-6500.0,-36500.0,118.69897353222404,-218.45658724375244,Dining and Drinking,0.0
100,-6500.0,-36500.0,-65.36651004055784,-359.02291482318833,Dining and Drinking,0.0
100,-6500.0,-36500.0,298.09184135398027,-181.04404347757372,Dining and Drinking,0.0
100,-6500.0,-36500.0,-110.21195607551635,141.30762108647468,Dining and Drinking,0.0
100,-6500.0,-36500.0,194.465813444981,242.97724725402077,Retail,0.0
100,-6500.0,-36500.0,340.3525140958527,-166.13732998258638,Dining and Drinking,0.0
100,-6500.0,-36500.0,93.11290652346725,87.64148247286357,Retail,0.0
100,-6500.0,-36500.0,-66.71922985226956,325.72642009290576,Retail,0.0
100,-6500.0,-36500.0,-146.64704357633946,320.47095525650366,Retail,0.0
100,-6500.0,-36500.0,191.50086192822437,-80.28174963262427,Dining and Drinking,0.0
100,-6500.0,-36500.0,-361.861589042318,-371.53147100275237,Retail,0.0
100,-6500.0,-36500.0,108.53939575030745,281.2322395475203,Arts and Entertainment,0.0
100,-6500.0,-36500.0,140.7742665472142,395.03640175718465,Landmarks and Outdoors,0.0
100,-6500.0,-36500.0,57.45834104104961,97.99383667260554,Dining and Drinking,0.0
100,-6500.0,-36500.0,-143.27429861148903,-3.4107130695701926,Arts and Entertainment,0.0
100,-6500.0,-36500.0,8.237739494134985,257.56412676082255,Dining and Drinking,0.0
100,-6500.0,-36500.0,-230.9473670220641,-124.78582643556729,Dining and Drinking,0.0
100,-6500.0,-36500.0,-131.53761049593777,34.35499051775696,Dining and Drinking,0.0
100,-6500.0,-36500.0,-29.5928911582414,-100.3068120087919,Dining and Drinking,0.0
100,-6500.0,-36500.0,152.20007591429658,-62.59882331629342,Dining and Drinking,0.0
100,-6500.0,-36500.0,-45.87574442649748,294.63977005191555,Dining and Drinking,0.0
100,-6500.0,-36500.0,380.75591986303516,-380.60269631321717,Dining and Drinking,0.0
100,-6500.0,-36500.0,183.81180920597308,284.5627058409227,Retail,0.0
100,-6500.0,-36500.0,-79.2117980114308,220.244491800142,Dining and Drinking,0.0
100,-6500.0,-36500.0,-77.91050953171816,-340.8703148244458,Nightlife Spot,0.0
100,-6500.0,-36500.0,390.57924103396545,133.5766099411121,Retail,0.0
100,-6500.0,-36500.0,266.8294572146051,-93.57174595213291,Dining and Drinking,0.0
100,-6500.0,-36500.0,-41.0383142558112,-391.1812851566938,Landmarks and Outdoors,0.0
100,-6500.0,-36500.0,117.18290265916312,-373.194205509717,Arts and Entertainment,0.0
100,-6500.0,-36500.0,222.69046217562118,-66.3964191095074,Retail,0.0
100,-6500.0,-36500.0,200.06992836263362,-72.25147927789658,Business and Professional Services,0.0
100,-6500.0,-36500.0,-151.66075161837853,262.21546704605134,Dining and Drinking,0.0
100,-6500.0,-36500.0,350.92644850729266,376.78651761818764,Dining and Drinking,0.0
100,-6500.0,-36500.0,280.61598804141704,54.23492558279395,Dining and Drinking,0.0
100,-6500.0,-36500.0,-116.78052822872633,287.4403001087412,Dining and Drinking,0.0
100,-6500.0,-36500.0,44.26488347649865,22.84019792473555,Dining and Drinking,0.0
100,-6500.0,-36500.0,40.34622238629254,226.75784503499017,Nightlife Spot,0.0
100,-6500.0,-36500.0,156.99700888476218,-204.69592707348784,Nightlife Spot,0.0
100,-6500.0,-36500.0,381.93982746858364,281.5234323268087,Dining and Drinking,0.0
100,-6500.0,-36500.0,325.38370966402,307.1860166698025,Retail,0.0
100,-6500.0,-36500.0,-247.70815723780743,-109.60071462856286,Dining and Drinking,0.0
100,-6500.0,-36500.0,108.05274041672692,279.7822001298555,Arts and Entertainment,0.0
100,-6500.0,-36500.0,290.36516593985743,229.13101147303678,Dining and Drinking,0.0
100,-6500.0,-36500.0,397.25405099040563,306.89468028944975,Dining and Drinking,0.0
100,-6500.0,-36500.0,124.3902652715442,376.70429952724226,Retail,0.0
100,-6500.0,-36500.0,176.73423242240096,-107.8917927645598,Retail,0.0
100,-6500.0,-36500.0,-99.23603916264983,278.0565464126703,Dining and Drinking,0.0
100,-6500.0,-36500.0,38.653756993550815,256.9872684882139,Dining and Drinking,0.0
100,-6500.0,-36500.0,322.32565854964105,250.76559155121504,Nightlife Spot,0.0
100,-6500.0,-36500.0,280.7492814514344,19.794600053719478,Dining and Drinking,0.0
100,-6500.0,-36500.0,-56.80647526033681,288.6045406934718,Nightlife Spot,0.0
100,-6500.0,-36500.0,-123.03567756886332,119.87102186150878,Nightlife Spot,0.0
100,-6500.0,-36500.0,12.194949369281858,97.95906263709912,Nightlife Spot,0.0
100,-6500.0,-36500.0,210.09302462521373,366.73238357880473,Retail,0.0
100,-6500.0,-36500.0,-383.4168597259131,242.43878311117442,Retail,0.0
100,-6500.0,-36500.0,172.35162163300083,-8.370989415772783,Nightlife Spot,0.0
100,-6500.0,-36500.0,-27.828262192216243,330.4793888418426,Arts and Entertainment,0.0
100,-6500.0,-36500.0,6.058467834454859,258.5836843732468,Nightlife Spot,0.0
100,-6500.0,-36500.0,-40.93871261430377,96.11770372984029,Business and Professional Services,0.0
100,-6500.0,-36500.0,-191.5882650418689,-389.1353181908926,Travel and Transportation,0.0
100,-6500.0,-36500.0,-177.0739861751199,184.26547588020185,Dining and Drinking,0.0
100,-6500.0,-36500.0,286.0724289362961,-371.5638897854151,Dining and Drinking,0.0
100,-6500.0,-36500.0,195.43738625008336,243.46002355356904,Arts and Entertainment,0.0
100,-6500.0,-36500.0,156.70405685608876,391.69676678311225,Dining and Drinking,0.0
100,-6500.0,-36500.0,44.67955785984941,-390.2769002595014,Dining and Drinking,0.0
100,-6500.0,-36500.0,-202.6190180929625,-284.802412027173,Dining and Drinking,0.0
100,-6500.0,-36500.0,37.689971677816175,-318.2307341618507,Dining and Drinking,0.0
100,-6500.0,-36500.0,-50.33635691495783,-198.3125982484271,Dining and Drinking,0.0
100,-6500.0,-36500.0,7.0292668405636505,391.07043957147107,Retail,0.0
100,-6500.0,-36500.0,-181.76619880580984,-213.46546940456756,Retail,0.0
100,-6500.0,-36500.0,-320.14109068528705,-200.8024615356626,Nightlife Spot,0.0
100,-6500.0,-36500.0,-276.99481974401533,-300.1072563084017,Dining and Drinking,0.0
100,-6500.0,-36500.0,-5.148474395149606,-196.7603370401921,Dining and Drinking,0.0
100,-6500.0,-36500.0,103.40025051443172,-112.31158773889183,Community and Government,0.0
100,-6500.0,-36500.0,-116.71509020619033,-23.692522388715588,Dining and Drinking,0.0
100,-6500.0,-36500.0,303.68118511464127,-174.58129048211413,Dining and Drinking,0.0
100,-6500.0,-36500.0,355.08521636931346,-78.31734472552489,Dining and Drinking,0.0
100,-6500.0,-36500.0,346.51285287811334,-58.64934049190197,Dining and Drinking,0.0
100,-6500.0,-36500.0,-39.71084097784842,93.27092203601933,Dining and Drinking,0.0
100,-6500.0,-36500.0,-353.20981278911677,-369.6937999088841,Nightlife Spot,0.0
100,-6500.0,-36500.0,152.41677441712636,352.390461923409,Dining and Drinking,0.0
100,-6500.0,-36500.0,-126.20635777181269,-140.7471678920192,Retail,0.0
100,-6500.0,-36500.0,207.57304397547432,0.2574925847657141,Dining and Drinking,0.0
100,-6500.0,-36500.0,-78.95873867976297,229.44894378583558,Dining and Drinking,0.0
100,-6500.0,-36500.0,374.7972546341489,333.7461021709678,Retail,0.0
100,-6500.0,-36500.0,-25.990511849422546,342.64994436116103,Nightlife Spot,0.0
100,-6500.0,-36500.0,-294.1316294050175,153.41209866270947,Community and Government,0.0
100,-6500.0,-36500.0,185.71993729265887,236.21493857026508,Retail,0.0
100,-6500.0,-36500.0,131.85158757030695,285.08322062958905,Retail,0.0
100,-6500.0,-36500.0,-42.51334599896927,-85.61386987879814,Nightlife Spot,0.0
100,-6500.0,-36500.0,-249.11383494159145,-85.4276278998368,Nightlife Spot,0.0
100,-6500.0,-36500.0,-236.8431194988807,134.0297032952949,Dining and Drinking,0.0
100,-6500.0,-36500.0,324.8153561571753,188.01234003404534,Nightlife Spot,0.0
100,-6500.0,-36500.0,121.22531959741991,364.8618433671727,Retail,0.0
100,-6500.0,-36500.0,-108.56769763350621,-118.8929317619768,Dining and Drinking,0.0
100,-6500.0,-36500.0,380.2572692950898,-273.15700956484943,Retail,0.0
100,-6500.0,-36500.0,131.2627572051333,357.4750173531429,Dining and Drinking,0.0
100,-6500.0,-36500.0,-176.3568521780835,-63.67640452546766,Dining and Drinking,0.0
100,-6500.0,-36500.0,-145.49346082768352,231.38442105945433,Dining and Drinking,0.0
100,-6500.0,-36500.0,396.8479760753453,196.2470163495018,Dining and Drinking,0.0
100,-6500.0,-36500.0,-267.426209057453,148.55703847138648,Dining and Drinking,0.0
100,-6500.0,-36500.0,-112.60410885761576,26.36353137587139,Dining and Drinking,0.0
100,-6500.0,-36500.0,-152.233112852643,-365.71515514307976,Dining and Drinking,0.0
100,-6500.0,-36500.0,176.71335891647595,14.701824259995192,Retail,0.0
100,-6500.0,-36500.0,144.99361404509818,-29.6447533886967,Dining and Drinking,0.0
100,-6500.0,-36500.0,-217.00783747307833,-287.0984147890849,Business and Professional Services,0.0
100,-6500.0,-36500.0,-174.1493714955268,-202.6706593514973,Dining and Drinking,0.0
100,-6500.0,-36500.0,-220.55172486980064,-156.7951368701688,Dining and Drinking,0.0
100,-6500.0,-36500.0,59.79746600271574,31.79701528325677,Nightlife Spot,0.0
100,-6500.0,-36500.0,320.0450010061186,183.12185171670717,Business and Professional Services,0.0
100,-6500.0,-36500.0,-76.68476825970174,223.0977985978825,Nightlife Spot,0.0
100,-6500.0,-36500.0,139.1278263331942,273.9583624750303,Retail,0.0
100,-6500.0,-36500.0,177.2944662415175,195.42579596413998,Arts and Entertainment,0.0
100,-6500.0,-36500.0,-136.95011795025948,-60.28196724658483,Nightlife Spot,0.0
100,-6500.0,-36500.0,-164.1137043254812,-17.836260673822835,Nightlife Spot,0.0
100,-6500.0,-36500.0,37.67327387447767,327.21231748976425,Dining and Drinking,0.0
100,-6500.0,-36500.0,-98.19258340986835,50.18103068579512,Dining and Drinking,0.0
100,-6500.0,-36500.0,311.43581143878964,186.2612722131089,Dining and Drinking,0.0
100,-6500.0,-36500.0,1.9081231770314844,-104.74402247348189,Nightlife Spot,0.0
100,-6500.0,-36500.0,-37.69952100808132,-167.7535230856447,Arts and Entertainment,0.0
100,-6500.0,-36500.0,-121.66578634229154,-107.22808735859871,Dining and Drinking,0.0
100,-6500.0,-36500.0,-29.09662220177779,-195.5731877412254,Dining and Drinking,0.0
100,-6500.0,-36500.0,179.0204504682697,375.69838905661163,Health and Medicine,0.0
100,-6500.0,-36500.0,17.986670645805134,300.63627405180887,Nightlife Spot,0.0
100,-6500.0,-36500.0,24.141927391252466,84.03820900460414,Retail,0.0
100,-6500.0,-36500.0,-83.49265539909084,-25.49224417937512,Business and Professional Services,0.0
100,-6500.0,-36500.0,-53.52502388657831,-38.64305571542354,Arts and Entertainment,0.0
100,-6500.0,-36500.0,281.024196387908,-8.228045124422351,Retail,0.0
100,-6500.0,-36500.0,222.7208876261666,369.6242116517169,Retail,0.0
100,-6500.0,-36500.0,-370.8901469298098,-200.43593454369693,Dining and Drinking,0.0
100,-6500.0,-36500.0,228.7298410097119,-58.321426820766646,Retail,0.0
100,-6500.0,-36500.0,260.7154361870771,3.9920816933517926,Nightlife Spot,0.0
100,-6500.0,-36500.0,251.80507416293221,-51.02884353771515,Dining and Drinking,0.0
100,-6500.0,-36500.0,272.9824612235034,24.393065027761622,Business and Professional Services,0.0
100,-6500.0,-36500.0,123.7364900167313,-56.31259794086509,Retail,0.0
100,-6500.0,-36500.0,151.33865648090887,-3.2889998974569608,Retail,0.0
100,-6500.0,-36500.0,127.192955044884,-277.5817429705712,Retail,0.0
100,-6500.0,-36500.0,198.43084757540691,133.9602960431439,Retail,0.0
100,-6500.0,-36500.0,310.8468109620326,-10.805407126863429,Dining and Drinking,0.0
100,-6500.0,-36500.0,362.07867770444136,-36.239407417568145,Dining and Drinking,0.0
100,-6500.0,-36500.0,-152.93193494268417,-1.4063545084864018,Dining and Drinking,0.0
100,-6500.0,-36500.0,307.5940527089515,-139.44700974810985,Dining and Drinking,0.0
100,-6500.0,-36500.0,-169.9586581642061,-41.03890974409296,Dining and Drinking,0.0
100,-6500.0,-36500.0,310.2108296086071,373.98427706315124,Retail,0.0
100,-6500.0,-36500.0,135.70828673059532,255.46171509959095,Retail,0.0
100,-6500.0,-36500.0,364.47613557807017,-221.63506715634867,Nightlife Spot,0.0
100,-6500.0,-36500.0,366.63112537258803,-87.83932497468777,Dining and Drinking,0.0
100,-6500.0,-36500.0,-115.55444006872858,-399.7907946357518,Dining and Drinking,0.0
100,-6500.0,-36500.0,-330.2110478926734,159.3909811690246,Retail,0.0
100,-6500.0,-36500.0,210.03744723535965,-66.87716314939462,Dining and Drinking,0.0
100,-6500.0,-36500.0,-239.7619745911279,127.2633180537232,Dining and Drinking,0.0
100,-6500.0,-36500.0,-388.9608542642618,142.58034321326704,Dining and Drinking,0.0
100,-6500.0,-36500.0,136.19198697187676,-331.63148269926023,Dining and Drinking,0.0
100,-6500.0,-36500.0,166.30250622176118,69.78459326676239,Business and Professional Services,0.0
100,-6500.0,-36500.0,-98.92226292224495,139.96969371077284,Dining and Drinking,0.0
100,-6500.0,-36500.0,-185.7197721124494,-334.9879865870171,Dining and Drinking,0.0
100,-6500.0,-36500.0,-130.40184800615953,292.63857242628,Dining and Drinking,0.0
100,-6500.0,-36500.0,252.42449042679254,-205.73043928346306,Dining and Drinking,0.0
100,-6500.0,-36500.0,-4.494379764763835,-193.96014808940527,Dining and Drinking,0.0
100,-6500.0,-36500.0,-107.09682754378991,248.99773313859623,Dining and Drinking,0.0
100,-6500.0,-36500.0,306.7568755855582,-290.8629386223911,Travel and Transportation,0.0
100,-6500.0,-36500.0,-195.6357942448567,223.6396623454275,Retail,0.0
100,-6500.0,-36500.0,278.35741982736,245.21462625206186,Dining and Drinking,0.0
100,-6500.0,-36500.0,65.9615591236061,32.853402284614276,Nightlife Spot,0.0
100,-6500.0,-36500.0,-121.51394330735002,-268.09392271771503,Nightlife Spot,0.0
100,-6500.0,-36500.0,-138.4663672869283,-221.01700933991378,Dining and Drinking,0.0
100,-6500.0,-36500.0,-175.09059452374095,-141.8989745474537,Dining and Drinking,0.0
100,-6500.0,-36500.0,-99.13094083921624,-189.31181412782462,Dining and Drinking,0.0
100,-6500.0,-36500.0,-138.65673401970162,255.78973825104185,Business and Professional Services,0.0
100,-6500.0,-36500.0,124.00209418459508,314.19533817031333,Dining and Drinking,0.0
100,-6500.0,-36500.0,185.2761992257565,295.19784178237023,Dining and Drinking,0.0
100,-6500.0,-36500.0,-160.24769320479663,259.3990291258742,Dining and Drinking,0.0
100,-6500.0,-36500.0,44.93726671301101,299.42442129884876,Dining and Drinking,0.0
100,-6500.0,-36500.0,297.07969095417684,335.2433251717812,Dining and Drinking,0.0
100,-6500.0,-36500.0,-122.22746697253478,146.15126352357038,Dining and Drinking,0.0
100,-6500.0,-36500.0,-171.10903850035993,-279.88055169153085,Dining and Drinking,0.0
100,-6500.0,-36500.0,6.645703569669422,-267.44126285920356,Dining and Drinking,0.0
100,-6500.0,-36500.0,-224.07562354869788,-321.4211922442191,Nightlife Spot,0.0
100,-6500.0,-36500.0,270.2962618370075,349.2854912973562,Dining and Drinking,0.0
100,-6500.0,-36500.0,359.20327394358446,-4.42286059941398,Dining and Drinking,0.0
100,-6500.0,-36500.0,196.06700404869844,-238.56800690268574,Business and Professional Services,0.0
100,-6500.0,-36500.0,-207.643509409123,216.6807940323415,Arts and Entertainment,0.0
100,-6500.0,-36500.0,-116.50926390511268,-0.7083050050132442,Dining and Drinking,0.0
100,-6500.0,-36500.0,3.6174769321123676,252.79699652050476,Dining and Drinking,0.0
100,-6500.0,-36500.0,74.23043846941255,-243.83026306417014,Dining and Drinking,0.0
100,-6500.0,-36500.0,-120.1372880793142,121.16510196950549,Nightlife Spot,0.0
100,-6500.0,-36500.0,-1.1891858573890204,-343.904994971992,Retail,0.0
100,-6500.0,-36500.0,-130.85638556341473,-28.981142736367474,Dining and Drinking,0.0
100,-6500.0,-36500.0,124.45834631162597,320.33052181726816,Retail,0.0
100,-6500.0,-36500.0,90.5664897831457,273.99322533221857,Retail,0.0
100,-6500.0,-36500.0,191.2979873839813,270.78096603464655,Dining and Drinking,0.0
100,-6500.0,-36500.0,-41.34149585232535,-256.0511636110168,Nightlife Spot,0.0
100,-6500.0,-36500.0,-155.89762032660929,-70.78353727885406,Nightlife Spot,0.0
100,-6500.0,-36500.0,203.1551866299469,-213.87022773756325,Retail,0.0
100,-6500.0,-36500.0,-73.33246326348399,-60.45007791052194,Dining and Drinking,0.0
100,-6500.0,-36500.0,-337.2444963916305,-338.7407877776568,Nightlife Spot,0.0
100,-6500.0,-36500.0,-86.37578110721552,32.387528869643575,Nightlife Spot,0.0
100,-6500.0,-36500.0,245.76831320240035,-2.6625845533271786,Landmarks and Outdoors,0.0
100,-6500.0,-36500.0,314.72217509458915,-10.446456551093434,Retail,0.0
100,-6500.0,-36500.0,278.77439340736873,5.519258697029727,Retail,0.0
100,-6500.0,-36500.0,338.89921205651626,40.264660525499494,Retail,0.0
100,-6500.0,-36500.0,312.2295555037772,28.129216660483507,Travel and Transportation,0.0
100,-6500.0,-36500.0,340.14848663787416,240.21609982318478,Retail,0.0
100,-6500.0,-36500.0,59.78503254637144,239.40490403185686,Dining and Drinking,0.0
100,-6500.0,-36500.0,302.364339887361,137.53643487103545,Retail,0.0
100,-6500.0,-36500.0,-80.39434769925901,124.38799144275981,Nightlife Spot,0.0
100,-6500.0,-36500.0,186.5528802570825,-48.307313742399856,Dining and Drinking,0.0
100,-6500.0,-36500.0,-98.25408562297616,58.74576031794277,Dining and Drinking,0.0
100,-6500.0,-36500.0,-225.10381081888409,-63.81592699911562,Dining and Drinking,0.0
100,-6500.0,-36500.0,387.1474976065465,86.44042876470485,Dining and Drinking,0.0
100,-6500.0,-36500.0,-187.7899383161066,-315.62793228925875,Nightlife Spot,0.0
100,-6500.0,-36500.0,268.3490824237124,342.5184223606484,Retail,0.0
100,-6500.0,-36500.0,-126.34865763966536,-331.77969530211703,Dining and Drinking,0.0
100,-6500.0,-36500.0,6.539846399414273,252.78176005052956,Nightlife Spot,0.0
100,-6500.0,-36500.0,225.18575919910472,-34.350653983718075,Dining and Drinking,0.0
100,-6500.0,-36500.0,283.2093560089961,-114.47959205680672,Arts and Entertainment,0.0
100,-6500.0,-36500.0,-61.810342537037286,173.78784115843882,Dining and Drinking,0.0
100,-6500.0,-36500.0,50.478977471585495,-363.64137031818973,Nightlife Spot,0.0
100,-6500.0,-36500.0,274.8721844527381,-51.0309592370395,Retail,0.0
100,-6500.0,-36500.0,18.197555624629786,215.80037008834915,Nightlife Spot,0.0
100,-6500.0,-36500.0,-388.9147731552039,40.83579430437385,Business and Professional Services,0.0
100,-6500.0,-36500.0,71.8154929692746,-137.91351894161926,Dining and Drinking,0.0
100,-6500.0,-36500.0,136.65387135478431,76.52503616381728,Dining and Drinking,0.0
100,-6500.0,-36500.0,354.90421380976386,-200.20654729059606,Dining and Drinking,0.0
100,-6500.0,-36500.0,90.3865770694083,-311.5152188451393,Dining and Drinking,0.0
100,-6500.0,-36500.0,133.22306046002177,-60.18278036642732,Dining and Drinking,0.0
100,-6500.0,-36500.0,-175.80219094189943,-62.307689652261615,Dining and Drinking,0.0
100,-6500.0,-36500.0,23.245094149948272,242.7868125359164,Dining and Drinking,0.0
100,-6500.0,-36500.0,-57.56762408096347,288.63736969491583,Dining and Drinking,0.0
100,-6500.0,-36500.0,-163.59868364766498,-10.479843532244558,Nightlife Spot,0.0
100,-6500.0,-36500.0,-176.7740324321785,-87.46881004300667,Dining and Drinking,0.0
100,-6500.0,-36500.0,-247.43631805824407,-386.91738779675507,Nightlife Spot,0.0
100,-6500.0,-36500.0,-383.90662764416174,-390.4390747313373,Dining and Drinking,0.0
100,-6500.0,-36500.0,214.65730879814782,76.12783331693936,Retail,0.0
100,-6500.0,-36500.0,-138.12673654127047,315.2552695762497,Dining and Drinking,0.0
100,-6500.0,-36500.0,312.9309984199026,207.11756494377914,Business and Professional Services,0.0
100,-6500.0,-36500.0,195.8731421835546,173.11527647069306,Dining and Drinking,0.0
100,-6500.0,-36500.0,-37.293917970174334,78.03972781143239,Nightlife Spot,0.0
100,-6500.0,-36500.0,373.3319705971553,4.1356834858015645,Dining and Drinking,0.0
100,-6500.0,-36500.0,72.8768606080439,222.9204799166182,Dining and Drinking,0.0
100,-6500.0,-36500.0,-116.71663684694704,-139.7649408034049,Sports and Recreation,0.0
100,-6500.0,-36500.0,-165.46693753262844,-41.525757193281606,Nightlife Spot,0.0
100,-6500.0,-36500.0,371.63776493506884,30.945414177484054,Dining and Drinking,0.0
100,-6500.0,-36500.0,203.82935831053783,100.15944208211295,Retail,0.0
100,-6500.0,-36500.0,327.40373357569206,-245.55851175383577,Arts and Entertainment,0.0
100,-6500.0,-36500.0,118.0955442374352,268.9730199463229,Dining and Drinking,0.0
100,-6500.0,-36500.0,-319.05867877589026,-27.45071099505003,Retail,0.0
100,-6500.0,-36500.0,-108.77597103225071,208.93827519140177,Nightlife Spot,0.0
100,-6500.0,-36500.0,-296.8108211672652,166.67950194589503,Business and Professional Services,0.0
100,-6500.0,-36500.0,-21.54638759261252,361.0977188062461,Dining and Drinking,0.0
100,-6500.0,-36500.0,-107.22414634654524,-286.9646644860477,Dining and Drinking,0.0
100,-6500.0,-36500.0,-18.081144553727427,-203.93497137164377,Dining and Drinking,0.0
100,-6500.0,-36500.0,114.25384952930654,-231.2117118340975,Dining and Drinking,0.0
100,-6500.0,-36500.0,127.30354563556739,37.308371451807034,Retail,0.0
100,-6500.0,-36500.0,24.499664175404178,241.89070679069118,Dining and Drinking,0.0
100,-6500.0,-36500.0,-105.40923630783072,-125.00158127710165,Dining and Drinking,0.0
100,-6500.0,-36500.0,-46.83479805159368,-348.6291871960566,Arts and Entertainment,0.0
100,-6500.0,-36500.0,-18.60560320872446,-264.5218398017241,Business and Professional Services,0.0
100,-6500.0,-36500.0,-11.41505414414678,-115.35888279617211,Arts and Entertainment,0.0
100,-6500.0,-36500.0,158.92474354695514,-137.60825212698546,Retail,0.0
100,-6500.0,-36500.0,240.02583285679793,62.58394414418581,Retail,0.0
100,-6500.0,-36500.0,193.8289175650134,372.0619416061818,Dining and Drinking,0.0
100,-6500.0,-36500.0,-56.275857368708785,-314.73782435085013,Dining and Drinking,0.0
100,-6500.0,-36500.0,163.71813353022299,80.22488903401245,Dining and Drinking,0.0
100,-6500.0,-36500.0,-345.59392803680566,-144.6126277677322,Community and Government,0.0
100,-6500.0,-36500.0,-137.62195499115933,305.006626494629,Dining and Drinking,0.0
100,-6500.0,-36500.0,30.92679540030622,-268.9094315342372,Dining and Drinking,0.0
100,-6500.0,-36500.0,23.26111658622358,343.7919061235807,Dining and Drinking,0.0
100,-6500.0,-36500.0,65.19846961461553,113.50025573269522,Landmarks and Outdoors,0.0
100,-6500.0,-36500.0,-62.809713852999266,-335.9229003472501,Dining and Drinking,0.0
100,-6500.0,-36500.0,103.70346588698249,-299.21149115006847,Dining and Drinking,0.0
100,-6500.0,-36500.0,41.94758200810975,194.7400454253002,Dining and Drinking,0.0
100,-6500.0,-36500.0,-76.38290269515255,83.14501844003098,Dining and Drinking,0.0
100,-6500.0,-36500.0,-2.5905295939146527,52.39013207076641,Dining and Drinking,0.0
100,-6500.0,-36500.0,197.81304839533004,169.48788480227086,Retail,0.0
100,-6500.0,-36500.0,126.28055300243705,303.942240743454,Retail,0.0
100,-6500.0,-36500.0,5.5838810357245166,268.0030050378191,Dining and Drinking,0.0
100,-6500.0,-36500.0,340.9674723425187,370.99191294261254,Dining and Drinking,0.0
100,-6500.0,-36500.0,-60.73185305939296,233.73425779550598,Nightlife Spot,0.0
100,-6500.0,-36500.0,249.88980169642673,333.8290967760113,Dining and Drinking,0.0
100,-6500.0,-36500.0,2.85911586596103,-132.5037215547054,Dining and Drinking,0.0
100,-6500.0,-36500.0,75.2536770937686,-239.93543992959167,Arts and Entertainment,0.0
100,-6500.0,-36500.0,-383.48338970779696,-369.4190280591938,Nightlife Spot,0.0
100,-6500.0,-36500.0,4.5959759716670305,250.84932100177684,Dining and Drinking,0.0
100,-6500.0,-36500.0,151.3348000380147,27.138181699170673,Retail,0.0
100,-6500.0,-36500.0,145.13917186550862,21.703491528416635,Retail,0.0
100,-6500.0,-36500.0,153.60179738263196,2.005400784306403,Retail,0.0
100,-6500.0,-36500.0,52.40635454007497,-115.41741939736676,Retail,0.0
100,-6500.0,-36500.0,252.33777132549676,324.9744014491589,Dining and Drinking,0.0
100,-6500.0,-36500.0,-132.08668208521067,-50.73684119305835,Dining and Drinking,0.0
100,-6500.0,-36500.0,384.6101867493262,-72.38026574505056,Retail,0.0
100,-6500.0,-36500.0,187.10812183069265,97.32948536226468,Dining and Drinking,0.0
100,-6500.0,-36500.0,-294.13384524322737,150.5112801080686,Business and Professional Services,0.0
100,-6500.0,-36500.0,-141.9717293918966,368.6804458655897,Retail,0.0
100,-6500.0,-36500.0,255.7828293792045,83.02581494100014,Arts and Entertainment,0.0
100,-6500.0,-36500.0,6.379235321332089,-299.83513009455055,Nightlife Spot,0.0
100,-6500.0,-36500.0,252.0763533461668,-47.183485134955845,Retail,0.0
100,-6500.0,-36500.0,342.7956909003806,206.00903964399185,Dining and Drinking,0.0
100,-6500.0,-36500.0,-170.57050050600355,-47.44456875600736,Dining and Drinking,0.0
100,-6500.0,-36500.0,150.58027948852214,182.68650422072096,Retail,0.0
100,-6500.0,-36500.0,56.49230130916931,60.2808165410097,Dining and Drinking,0.0
100,-6500.0,-36500.0,93.32241623545633,54.979644684564846,Retail,0.0
100,-6500.0,-36500.0,395.77318806672247,-52.95727031529532,Arts and Entertainment,0.0
100,-6500.0,-36500.0,122.65378572727786,324.3115381190946,Dining and Drinking,0.0
100,-6500.0,-36500.0,56.72583526051494,-241.13118622214097,Arts and Entertainment,0.0
100,-6500.0,-36500.0,156.90112747255807,193.01900819176808,Community and Government,0.0
100,-6500.0,-36500.0,-233.20042559560716,-186.0365623937687,Nightlife Spot,0.0
100,-6500.0,-36500.0,348.69744349926805,380.91147439720226,Dining and Drinking,0.0
100,-6500.0,-36500.0,74.69114277899007,-393.13907864472276,Dining and Drinking,0.0
100,-6500.0,-36500.0,191.85460972958663,372.5345666837238,Dining and Drinking,0.0
100,-6500.0,-36500.0,-105.20732701904035,177.68499088558747,Dining and Drinking,0.0
100,-6500.0,-36500.0,338.4237297903228,-75.3855391944744,Travel and Transportation,0.0
100,-6500.0,-36500.0,346.0752315281079,-38.022671614606224,Dining and Drinking,0.0
100,-6500.0,-36500.0,349.0848905689163,171.55759610176756,Nightlife Spot,0.0
100,-6500.0,-36500.0,298.67013065223455,-48.146697464479075,Dining and Drinking,0.0
100,-6500.0,-36500.0,79.6244065035853,-170.83440813091147,Dining and Drinking,0.0
100,-6500.0,-36500.0,-184.0026928259249,-86.23912381253467,Dining and Drinking,0.0
100,-6500.0,-36500.0,276.0371877202906,399.31937213759375,Landmarks and Outdoors,0.0
100,-6500.0,-36500.0,46.091301820688386,48.98308215328143,Arts and Entertainment,0.0
100,-6500.0,-36500.0,-169.62391196100816,-193.46323876294628,Dining and Drinking,0.0
100,-6500.0,-36500.0,344.86634863062227,208.0665739670294,Retail,0.0
100,-6500.0,-36500.0,254.43482971977392,-44.7103308743317,Dining and Drinking,0.0
100,-6500.0,-36500.0,-49.280192287331374,287.63207003810385,Nightlife Spot,0.0
100,-6500.0,-36500.0,296.46453224666584,270.9464486939105,Arts and Entertainment,0.0
100,-6500.0,-36500.0,104.65927823244965,148.77117395173264,Retail,0.0
100,-6500.0,-36500.0,262.9327700933327,-31.200183264692896,Retail,0.0
100,-6500.0,-36500.0,-37.25253477946262,-225.92952796943428,Nightlife Spot,0.0
100,-6500.0,-36500.0,-176.94001364558335,-308.60193372060894,Dining and Drinking,0.0
100,-6500.0,-36500.0,70.2320779001193,-312.93586786200467,Dining and Drinking,0.0
100,-6500.0,-36500.0,370.96377271556685,12.039897434224258,Dining and Drinking,0.0
100,-6500.0,-36500.0,-73.46813470266807,14.188699529317091,Dining and Drinking,0.0
100,-6500.0,-36500.0,-303.7990849863181,-161.8441571499061,Dining and Drinking,0.0
100,-6500.0,-36500.0,278.5382995045338,243.4619391922315,Dining and Drinking,0.0
100,-6500.0,-36500.0,108.05204550740473,278.81527439373167,Arts and Entertainment,0.0
100,-6500.0,-36500.0,173.39410584489178,-124.69940493121248,Retail,0.0
100,-6500.0,-36500.0,178.69457563288142,-127.3052048656973,Dining and Drinking,0.0
100,-6500.0,-36500.0,-85.91156629524448,-33.4647221747,Business and Professional Services,0.0
100,-6500.0,-36500.0,197.78169729193542,107.76713462000771,Retail,0.0
100,-6500.0,-36500.0,145.69386663701607,185.4635421547864,Retail,0.0
100,-6500.0,-36500.0,371.4619674979094,312.00080547297694,Dining and Drinking,0.0
100,-6500.0,-36500.0,-35.228465096291984,68.87510879570618,Arts and Entertainment,0.0
100,-6500.0,-36500.0,11.639142894587167,-79.61000234930543,Nightlife Spot,0.0
100,-6500.0,-36500.0,353.2735708915825,-84.20974263473909,Dining and Drinking,0.0
100,-6500.0,-36500.0,299.8887575370836,-41.62055951136426,Retail,0.0
100,-6500.0,-36500.0,-129.84915656041812,-178.2476142983287,Retail,0.0
100,-6500.0,-36500.0,129.15568317565248,-60.89933059748,Retail,0.0
100,-6500.0,-36500.0,207.15260023702012,326.49449898196326,Dining and Drinking,0.0
100,-6500.0,-36500.0,345.9138160224511,150.5288684747211,Landmarks and Outdoors,0.0
100,-6500.0,-36500.0,224.65356437793616,183.73123180221592,Retail,0.0
100,-6500.0,-36500.0,-221.55509973766493,-151.21585320333543,Dining and Drinking,0.0
100,-6500.0,-36500.0,218.82224980632145,6.3007467216666555,Dining and Drinking,0.0
100,-6500.0,-36500.0,95.07325019760356,299.95287953558,Retail,0.0
100,-6500.0,-36500.0,301.2468689128009,227.95547335933225,Nightlife Spot,0.0
100,-6500.0,-36500.0,378.2354903102769,72.29277191367873,Retail,0.0
100,-6500.0,-36500.0,366.1727697898441,124.51258621409943,Retail,0.0
100,-6500.0,-36500.0,134.76630212595956,286.53152244496596,Dining and Drinking,0.0
100,-6500.0,-36500.0,142.06390671037389,296.8724564030417,Retail,0.0
100,-6500.0,-36500.0,120.69116335758918,297.17778048167384,Dining and Drinking,0.0
100,-6500.0,-36500.0,-6.516717517972211,11.616653856661287,Dining and Drinking,0.0
100,-6500.0,-36500.0,209.83624648138448,287.5863550185459,Dining and Drinking,0.0
100,-6500.0,-36500.0,-269.46494272105156,-169.71990909848682,Travel and Transportation,0.0
100,-6500.0,-36500.0,-78.26917518046321,323.3087669229426,Dining and Drinking,0.0
100,-6500.0,-36500.0,-75.34436614079368,-154.30180850056786,Dining and Drinking,0.0
100,-6500.0,-36500.0,137.79111055373141,-105.4204923221987,Arts and Entertainment,0.0
100,-6500.0,-36500.0,169.2456225159558,395.5707577696885,Retail,0.0
100,-6500.0,-36500.0,-264.6315593951349,-253.56379808771453,Business and Professional Services,0.0
100,-6500.0,-36500.0,167.3313024908166,245.42684924209607,Retail,0.0
100,-6500.0,-36500.0,134.29866527411923,179.94612878495536,Retail,0.0
100,-6500.0,-36500.0,-57.59015941594134,-230.81222856450768,Retail,0.0
100,-6500.0,-36500.0,29.659954144894982,-7.584530866966816,Dining and Drinking,0.0
100,-6500.0,-36500.0,95.2560607438536,164.753577887328,Dining and Drinking,0.0
100,-6500.0,-36500.0,162.7433804946595,148.1489421434526,Dining and Drinking,0.0
100,-6500.0,-36500.0,13.721791137705623,-303.70844239054713,Dining and Drinking,0.0
100,-6500.0,-36500.0,-107.2210761401393,-130.9403636670104,Retail,0.0
100,-6500.0,-36500.0,241.80436917534098,-114.82745992911077,Retail,0.0
100,-6500.0,-36500.0,-159.81561863388288,-114.7775762467063,Dining and Drinking,0.0
100,-6500.0,-36500.0,-114.93946508141926,172.78429891079577,Dining and Drinking,0.0
100,-6500.0,-36500.0,386.33249631305625,-39.504732461689855,Travel and Transportation,0.0
100,-6500.0,-36500.0,371.3376578742027,-101.17533316591289,Dining and Drinking,0.0
100,-6500.0,-36500.0,-29.586693072640628,367.90064748858276,Travel and Transportation,0.0
100,-6500.0,-36500.0,125.2396456826109,376.09936832224776,Dining and Drinking,0.0
100,-6500.0,-36500.0,212.9579956307889,229.17354442563374,Retail,0.0
100,-6500.0,-36500.0,-360.8985357725496,-379.15596812035074,Dining and Drinking,0.0
100,-6500.0,-36500.0,375.89746483047384,-82.73358240217931,Dining and Drinking,0.0
100,-6500.0,-36500.0,-112.40600943440222,49.304050397186074,Dining and Drinking,0.0
100,-6500.0,-36500.0,380.8294018212273,79.19266823981161,Dining and Drinking,0.0
100,-6500.0,-36500.0,266.47376167500624,340.9186770972883,Dining and Drinking,0.0
100,-6500.0,-36500.0,-143.22270174398636,290.0710176702851,Dining and Drinking,0.0
100,-6500.0,-36500.0,-54.165675350122,123.96317351463222,Nightlife Spot,0.0
100,-6500.0,-36500.0,-71.42111104526703,226.0066961745688,Nightlife Spot,0.0
100,-6500.0,-36500.0,303.25178016728114,-142.7028269581715,Nightlife Spot,0.0
100,-6500.0,-36500.0,152.13828760813976,132.29317333662038,Dining and Drinking,0.0
100,-6500.0,-36500.0,-383.9068172015968,-332.694267987099,Retail,0.0
100,-6500.0,-36500.0,137.08991326379692,140.52292968098482,Retail,0.0
100,-6500.0,-36500.0,314.95552918141766,49.22051477137575,Retail,0.0
100,-6500.0,-36500.0,292.9807202097354,149.8404456267599,Dining and Drinking,0.0
100,-6500.0,-36500.0,372.75485046340873,-11.889016997200088,Retail,0.0
100,-6500.0,-36500.0,367.4973555242941,227.71460262125765,Dining and Drinking,0.0
100,-6500.0,-36500.0,-188.12491519745527,-160.16879172711924,Dining and Drinking,0.0
100,-6500.0,-36500.0,221.9223202368148,125.74962081984268,Retail,0.0
100,-6500.0,-36500.0,276.1586739278446,399.4401512743789,Arts and Entertainment,0.0
100,-6500.0,-36500.0,224.26677112425932,246.3437818833554,Dining and Drinking,0.0
100,-6500.0,-36500.0,188.6220740672834,320.4662596372509,Retail,0.0
100,-6500.0,-36500.0,-74.54997752191775,-296.9736403242059,Dining and Drinking,0.0
100,-6500.0,-36500.0,-295.2512783544562,-358.7172160044065,Dining and Drinking,0.0
100,-6500.0,-36500.0,-182.4205093972887,177.98440132301766,Travel and Transportation,0.0
100,-6500.0,-36500.0,-10.203429361898998,-312.07919987951755,Retail,0.0
100,-6500.0,-36500.0,365.02227916650463,43.90989597388398,Dining and Drinking,0.0
100,-6500.0,-36500.0,44.43649158744938,259.2774914680631,Nightlife Spot,0.0
100,-6500.0,-36500.0,-119.42123520200585,1.7112524260155624,Dining and Drinking,0.0
100,-6500.0,-36500.0,23.83985796230445,-320.4545441308728,Retail,0.0
100,-6500.0,-36500.0,106.04073624732973,-157.50360920944513,Retail,0.0
100,-6500.0,-36500.0,-22.843939192269318,320.4126489744449,Nightlife Spot,0.0
100,-6500.0,-36500.0,-181.21041429160323,-150.53944853472058,Dining and Drinking,0.0
100,-6500.0,-36500.0,47.894832890590806,43.58788656465185,Nightlife Spot,0.0
100,-6500.0,-36500.0,352.7902663412797,378.6391082989285,Dining and Drinking,0.0
100,-6500.0,-36500.0,3.3822925228378153,251.33367209509743,Nightlife Spot,0.0
100,-6500.0,-36500.0,-89.13214529155812,-82.92030367550615,Business and Professional Services,0.0
100,-6500.0,-36500.0,78.30449390842932,-395.5466176405098,Nightlife Spot,0.0
100,-6500.0,-36500.0,304.0881593055874,17.388738384310273,Landmarks and Outdoors,0.0
100,-6500.0,-36500.0,197.36212459396575,-124.22403109147854,Landmarks and Outdoors,0.0
100,-6500.0,-36500.0,97.92620861311661,378.89887021396135,Dining and Drinking,0.0
100,-6500.0,-36500.0,41.400491609839264,-188.18268500441627,Nightlife Spot,0.0
100,-6500.0,-36500.0,-143.22038361348223,2.287640113449015,Nightlife Spot,0.0
100,-6500.0,-36500.0,345.72181207263566,219.2580381343796,Dining and Drinking,0.0
100,-6500.0,-36500.0,-29.158145338426948,245.55592288876505,Nightlife Spot,0.0
100,-6500.0,-36500.0,342.1737935794281,359.8715334824301,Dining and Drinking,0.0
100,-6500.0,-36500.0,398.254825153047,270.8776478921427,Dining and Drinking,0.0
100,-6500.0,-36500.0,289.9392376161759,-33.152716150914785,Retail,0.0
100,-6500.0,-36500.0,187.05580637103503,23.618945458118105,Sports and Recreation,0.0
100,-6500.0,-36500.0,267.8567072419928,55.020350833605335,Dining and Drinking,0.0
100,-6500.0,-36500.0,185.55415951155192,2.698217237186327,Dining and Drinking,0.0
100,-6500.0,-36500.0,-173.8428138403733,-396.34374632157414,Dining and Drinking,0.0
100,-6500.0,-36500.0,-370.72593522359966,-302.21108082502906,Dining and Drinking,0.0
100,-6500.0,-36500.0,244.40816615351014,134.88689028910449,Retail,0.0
100,-6500.0,-36500.0,368.8910069631838,-332.00304647486337,Dining and Drinking,0.0
100,-6500.0,-36500.0,137.39172288650116,-116.44558309073182,Dining and Drinking,0.0
100,-6500.0,-36500.0,331.6169267748164,-325.9984908952829,Business and Professional Services,0.0
100,-6500.0,-36500.0,-115.45212322798488,345.3204028929613,Landmarks and Outdoors,0.0
100,-6500.0,-36500.0,-144.01943907234272,227.75276231514727,Dining and Drinking,0.0
100,-6500.0,-36500.0,-195.44088536403706,-274.88232176280144,Retail,0.0
100,-6500.0,-36500.0,-391.627954491747,-327.0949148064974,Retail,0.0
100,-6500.0,-36500.0,-77.52765901510429,248.8627261201982,Dining and Drinking,0.0
100,-6500.0,-36500.0,-114.66787114415729,184.7566753880019,Nightlife Spot,0.0
100,-6500.0,-36500.0,-55.240476320312155,-210.37524319462682,Retail,0.0
100,-6500.0,-36500.0,278.7675468463176,-36.28752960234124,Dining and Drinking,0.0
100,-6500.0,-36500.0,135.01367689312792,-83.77216020730702,Dining and Drinking,0.0
100,-6500.0,-36500.0,-109.65844633868892,237.4717981790527,Dining and Drinking,0.0
100,-6500.0,-36500.0,-133.99732257651067,318.3729586455447,Retail,0.0
100,-6500.0,-36500.0,239.1683788015789,232.15030807463336,Community and Government,0.0
100,-6500.0,-36500.0,187.5488471480203,81.6253324315694,Retail,0.0
100,-6500.0,-36500.0,-126.19049690871998,41.36140988198895,Nightlife Spot,0.0
100,-6500.0,-36500.0,128.24713907208934,-67.59582037551445,Nightlife Spot,0.0
100,-6500.0,-36500.0,-122.64747252986763,-91.83984746743954,Dining and Drinking,0.0
100,-6500.0,-36500.0,-396.6019349026983,-340.8846537421705,Business and Professional Services,0.0
100,-6500.0,-36500.0,152.4586458709473,-99.29266662915325,Dining and Drinking,0.0
100,-6500.0,-36500.0,-158.88225042999056,1.5227577904297505,Dining and Drinking,0.0
100,-6500.0,-36500.0,-135.57424457564775,179.67806962874602,Retail,0.0
100,-6500.0,-36500.0,338.7551434769284,-369.2114956004516,Dining and Drinking,0.0
100,-6500.0,-36500.0,273.1368055420362,244.855681019435,Retail,0.0
100,-6500.0,-36500.0,-194.06293905425082,-245.14964924607193,Dining and Drinking,0.0
100,-6500.0,-36500.0,-71.45802774134427,314.21475897559867,Dining and Drinking,0.0
100,-6500.0,-36500.0,-65.31825679308258,270.239220583353,Dining and Drinking,0.0
100,-6500.0,-36500.0,146.49558280310794,175.23432230933395,Dining and Drinking,0.0
100,-6500.0,-36500.0,78.79226066343472,-345.83815930458513,Retail,0.0
100,-6500.0,-36500.0,120.8364930988082,-140.21602836906095,Dining and Drinking,0.0
100,-6500.0,-36500.0,379.07570439159826,-20.07370197716955,Travel and Transportation,0.0
100,-6500.0,-36500.0,-3.674497645649353,230.30809294652863,Dining and Drinking,0.0
100,-6500.0,-36500.0,-313.46496686077353,196.68747770565824,Dining and Drinking,0.0
100,-6500.0,-36500.0,108.70714352259802,-161.1474408523427,Dining and Drinking,0.0
100,-6500.0,-36500.0,232.38193233274433,263.28327204549714,Dining and Drinking,0.0
100,-6500.0,-36500.0,-71.51768870053365,259.6075927486163,Dining and Drinking,0.0
100,-6500.0,-36500.0,138.37609748630803,-46.954535169054,Dining and Drinking,0.0
100,-6500.0,-36500.0,150.84904361214467,-56.16197195032146,Retail,0.0
100,-6500.0,-36500.0,372.297764076784,79.7987735574352,Dining and Drinking,0.0
100,-6500.0,-36500.0,291.4366239319688,24.863641662122973,Community and Government,0.0
100,-6500.0,-36500.0,370.8871128751898,3.249832643145055,Retail,0.0
100,-6500.0,-36500.0,-395.30453813866643,119.09055197559792,Dining and Drinking,0.0
100,-6500.0,-36500.0,390.49396860057186,-51.568950413304265,Dining and Drinking,0.0
100,-6500.0,-36500.0,178.9536197788948,281.6653798668558,Sports and Recreation,0.0
100,-6500.0,-36500.0,141.77667543667485,-102.2060274334508,Dining and Drinking,0.0
100,-6500.0,-36500.0,122.82374674456332,-68.86241119402257,Dining and Drinking,0.0
100,-6500.0,-36500.0,391.32178548862885,45.404384793575446,Community and Government,0.0
100,-6500.0,-36500.0,268.51321412732887,194.09350395654474,Community and Government,0.0
100,-6500.0,-36500.0,-200.5607646440494,-373.17310596151947,Dining and Drinking,0.0
100,-6500.0,-36500.0,-387.2361760487929,-300.02258854178945,Dining and Drinking,0.0
100,-6500.0,-36500.0,113.98337768496185,-252.77245484781452,Dining and Drinking,0.0
100,-6500.0,-36500.0,-124.24267034902732,69.07702944522316,Nightlife Spot,0.0
100,-6500.0,-36500.0,309.63639170322585,-239.55952100356808,Dining and Drinking,0.0
100,-6500.0,-36500.0,192.35860890258573,-145.17032818630105,Community and Government,0.0
100,-6500.0,-36500.0,57.91307080112256,-223.23907558171777,Community and Government,0.0
100,-6500.0,-36500.0,-166.8745525970471,186.19169778971263,Arts and Entertainment,0.0
100,-6500.0,-36500.0,-281.67707236740443,-185.86492460580484,Dining and Drinking,0.0
100,-6500.0,-36500.0,-22.885393195939287,232.06465294519876,Nightlife Spot,0.0
100,-6500.0,-36500.0,261.33148293550494,30.20294926198403,Dining and Drinking,0.0
100,-6500.0,-36500.0,38.0440211792793,289.9374705953378,Nightlife Spot,0.0
100,-6500.0,-36500.0,132.75813692861084,-78.41310893408809,Nightlife Spot,0.0
100,-6500.0,-36500.0,306.47013243356014,58.87634653082205,Retail,0.0
100,-6500.0,-36500.0,-94.05799124684745,150.84416930228326,Dining and Drinking,0.0
100,-6500.0,-36500.0,383.2370742150488,49.45732076747663,Dining and Drinking,0.0
100,-6500.0,-36500.0,202.5308077265572,180.75583193427883,Business and Professional Services,0.0
100,-6500.0,-36500.0,286.9013310855462,-4.444004758152005,Dining and Drinking,0.0
100,-6500.0,-36500.0,-138.64517943956253,-296.20491656418744,Dining and Drinking,0.0
100,-6500.0,-36500.0,51.78473314826533,-200.3803715916365,Nightlife Spot,0.0
100,-6500.0,-36500.0,73.38030077316216,294.31185340985394,Dining and Drinking,0.0
100,-6500.0,-36500.0,-40.578095598803884,234.68634544551605,Dining and Drinking,0.0
100,-6500.0,-36500.0,45.21393251738755,11.501552090208861,Nightlife Spot,0.0
100,-6500.0,-36500.0,329.34791862870225,-48.665635696474055,Business and Professional Services,0.0
100,-6500.0,-36500.0,-220.7464988837146,-277.08547974924295,Dining and Drinking,0.0
100,-6500.0,-36500.0,62.1846576685939,-24.771636674311594,Business and Professional Services,0.0
100,-6500.0,-36500.0,212.65376295832084,-112.01929339395429,Dining and Drinking,0.0
100,-6500.0,-36500.0,254.14444732254105,323.86120774839947,Nightlife Spot,0.0
100,-6500.0,-36500.0,307.10510025449275,-192.67911079127225,Dining and Drinking,0.0
100,-6500.0,-36500.0,-82.80997297644353,-70.8379262646049,Dining and Drinking,0.0
100,-6500.0,-36500.0,268.0726716140125,-51.99315985672001,Dining and Drinking,0.0
100,-6500.0,-36500.0,338.0924818586873,76.32132872811053,Dining and Drinking,0.0
100,-6500.0,-36500.0,326.0301983123536,189.15973310027766,Dining and Drinking,0.0
100,-6500.0,-36500.0,-35.025902587059136,344.5604451363106,Travel and Transportation,0.0
100,-6500.0,-36500.0,377.90440185223997,247.79207405224588,Dining and Drinking,0.0
100,-6500.0,-36500.0,142.96652866330533,-337.4036317644641,Retail,0.0
100,-6500.0,-36500.0,61.862457054777224,201.0106853506295,Retail,0.0
100,-6500.0,-36500.0,330.48900274770676,316.3682391273396,Retail,0.0
100,-6500.0,-36500.0,26.63153119141407,8.065405379602453,Dining and Drinking,0.0
100,-6500.0,-36500.0,-15.318903701560885,107.07471273253759,Retail,0.0
100,-6500.0,-36500.0,-156.23714768074842,-334.9659498056644,Arts and Entertainment,0.0
100,-6500.0,-36500.0,116.17098383332814,43.36808173398458,Retail,0.0
100,-6500.0,-36500.0,-211.20321749926097,-233.08002101190505,Dining and Drinking,0.0
100,-6500.0,-36500.0,-152.8410320063076,-366.863008130822,Dining and Drinking,0.0
100,-6500.0,-36500.0,278.47924629438603,245.8188721714905,Dining and Drinking,0.0
100,-6500.0,-36500.0,-115.26629402785511,201.38239808458457,Nightlife Spot,0.0
100,-6500.0,-36500.0,366.63560305388455,8.023264786308573,Dining and Drinking,0.0
100,-6500.0,-36500.0,279.8048202562086,-13.106340268350323,Nightlife Spot,0.0
100,-6500.0,-36500.0,207.68088833868842,389.21487686737237,Retail,0.0
100,-6500.0,-36500.0,-91.03747603202373,-243.35100473342027,Dining and Drinking,0.0
100,-6500.0,-36500.0,86.18080402668875,297.85965133825084,Arts and Entertainment,0.0
100,-6500.0,-36500.0,353.27675605527475,88.63940144109802,Landmarks and Outdoors,0.0
100,-6500.0,-36500.0,292.5799615320857,271.43262252776185,Arts and Entertainment,0.0
100,-6500.0,-36500.0,125.62239045252772,63.17551289381663,Dining and Drinking,0.0
100,-6500.0,-36500.0,-144.34880254254767,-213.17875484818796,Travel and Transportation,0.0
100,-6500.0,-36500.0,-374.4552740723939,-380.83051909196365,Nightlife Spot,0.0
100,-6500.0,-36500.0,398.0549693219609,-20.446181550447363,Retail,0.0
100,-6500.0,-36500.0,180.9651144346053,378.8394830298348,Dining and Drinking,0.0
100,-6500.0,-36500.0,89.14750563061807,228.27389238144679,Dining and Drinking,0.0
100,-6500.0,-36500.0,172.21420177112577,364.8254193670582,Dining and Drinking,0.0
100,-6500.0,-36500.0,239.67733843777296,-53.128212188661564,Retail,0.0
100,-6500.0,-36500.0,176.83280288924834,262.8759391003623,Dining and Drinking,0.0
100,-6500.0,-36500.0,20.521686540009796,-315.4476804505248,Retail,0.0
100,-6500.0,-36500.0,329.6522821124963,199.75647086379468,Dining and Drinking,0.0
100,-6500.0,-36500.0,-186.3525991347724,-206.85530897849821,Dining and Drinking,0.0
100,-6500.0,-36500.0,42.63294319430861,-199.05351925703872,Dining and Drinking,0.0
100,-6500.0,-36500.0,304.19208151976363,210.26618305397278,Dining and Drinking,0.0
100,-6500.0,-36500.0,-101.67905560951021,-256.3488271679307,Dining and Drinking,0.0
100,-6500.0,-36500.0,-344.19940629380926,182.99608043578337,Travel and Transportation,0.0
100,-6500.0,-36500.0,269.8701688507226,-85.71727794278559,Dining and Drinking,0.0
100,-6500.0,-36500.0,44.89038000749406,96.56070386466308,Dining and Drinking,0.0
100,-6500.0,-36500.0,-341.45901209949716,221.30121702959877,Travel and Transportation,0.0
100,-6500.0,-36500.0,111.49630881831854,341.42105831958906,Dining and Drinking,0.0
100,-6500.0,-36500.0,274.47243082040495,387.39775533162174,Dining and Drinking,0.0
100,-6500.0,-36500.0,352.6153725840086,97.82584750486421,Retail,0.0
100,-6500.0,-36500.0,237.26804287587038,100.26308474384132,Dining and Drinking,0.0
100,-6500.0,-36500.0,23.79952925496218,114.27767076774035,Dining and Drinking,0.0
100,-6500.0,-36500.0,329.5083889555808,302.8319987806317,Retail,0.0
100,-6500.0,-36500.0,182.12811478111507,84.04758798406692,Dining and Drinking,0.0
100,-6500.0,-36500.0,269.97106272081055,340.03882411515224,Dining and Drinking,0.0
100,-6500.0,-36500.0,259.0928581228691,300.2825230993112,Dining and Drinking,0.0
100,-6500.0,-36500.0,-22.830113283159335,339.26424650423724,Retail,0.0
100,-6500.0,-36500.0,390.581897725363,137.44437468623073,Retail,0.0
100,-6500.0,-36500.0,-289.2805961951981,146.63981241713918,Retail,0.0
100,-6500.0,-36500.0,119.7116154414889,285.57538398022007,Retail,0.0
100,-6500.0,-36500.0,95.55539498238886,-285.5509787983101,Dining and Drinking,0.0
100,-6500.0,-36500.0,-157.50749178793285,-305.28463338872825,Dining and Drinking,0.0
100,-6500.0,-36500.0,-102.53857476440953,-194.66450917190377,Dining and Drinking,0.0
100,-6500.0,-36500.0,-248.78041780277545,-302.08271283699287,Dining and Drinking,0.0
100,-6500.0,-36500.0,283.06708900979083,-138.06367213665362,Nightlife Spot,0.0
100,-6500.0,-36500.0,91.91231483956017,302.771447025043,Dining and Drinking,0.0
100,-6500.0,-36500.0,146.58668646588558,302.7693866515183,Dining and Drinking,0.0
100,-6500.0,-36500.0,262.2156006657051,-94.05199483151227,Dining and Drinking,0.0
100,-6500.0,-36500.0,93.28651537622045,-298.6983829061501,Dining and Drinking,0.0
100,-6500.0,-36500.0,-152.30563460901885,4.095430598259554,Dining and Drinking,0.0
100,-6500.0,-36500.0,-164.04974274138476,9.292824628966628,Nightlife Spot,0.0
100,-6500.0,-36500.0,159.01929113397637,-4.978959220112301,Arts and Entertainment,0.0
100,-6500.0,-36500.0,286.16034623045744,376.29538540539943,Dining and Drinking,0.0
100,-6500.0,-36500.0,149.4740838558564,-198.40520239169564,Dining and Drinking,0.0
100,-6500.0,-36500.0,267.13520645819335,-350.30520076467656,Dining and Drinking,0.0
100,-6500.0,-36500.0,-176.54688757430995,-14.106809707387583,Dining and Drinking,0.0
100,-6500.0,-36500.0,-148.00502901088566,-222.1442308807309,Dining and Drinking,0.0
100,-6500.0,-36500.0,16.87653520369895,-223.0883898913453,Dining and Drinking,0.0
100,-6500.0,-36500.0,248.64383559674116,88.09452268262248,Retail,0.0
100,-6500.0,-36500.0,375.9794841087023,299.3503118296285,Dining and Drinking,0.0
100,-6500.0,-36500.0,302.77500047602734,-47.403418437090295,Dining and Drinking,0.0
100,-6500.0,-36500.0,192.2552041071085,36.05338308322098,Dining and Drinking,0.0
100,-6500.0,-36500.0,368.88440322817314,-382.3254865642011,Retail,0.0
100,-6500.0,-36500.0,16.219809663831256,-17.884973545333196,Business and Professional Services,0.0
100,-6500.0,-36500.0,-3.4987155690714644,-193.4597911187593,Dining and Drinking,0.0
100,-6500.0,-36500.0,213.5219446122519,65.1677212464565,Retail,0.0
100,-6500.0,-36500.0,155.69233152750348,398.8032517610627,Business and Professional Services,0.0
100,-6500.0,-36500.0,-174.05036095766172,-70.70928915870172,Nightlife Spot,0.0
100,-6500.0,-36500.0,310.0460970441418,-136.05104507029318,Dining and Drinking,0.0
100,-6500.0,-36500.0,-59.2281108994448,-31.935129672652693,Business and Professional Services,0.0
100,-6500.0,-36500.0,182.95640451152394,-236.14125157165108,Dining and Drinking,0.0
100,-6500.0,-36500.0,-23.180503639644485,119.36629617443396,Dining and Drinking,0.0
100,-6500.0,-36500.0,331.06264109385666,-182.5314779248074,Nightlife Spot,0.0
100,-6500.0,-36500.0,-84.70301670112985,-232.06622294914268,Retail,0.0
100,-6500.0,-36500.0,-69.2232166667618,-74.46794589105411,Dining and Drinking,0.0
100,-6500.0,-36500.0,-120.10465087556713,165.0146207481157,Dining and Drinking,0.0
100,-6500.0,-36500.0,200.757116411668,228.44933447867515,Landmarks and Outdoors,0.0
100,-6500.0,-36500.0,127.55096315244646,222.12670706804784,Dining and Drinking,0.0
100,-6500.0,-36500.0,-143.03907972405977,2.6203304352384293,Dining and Drinking,0.0
100,-6500.0,-36500.0,-98.48185359664785,148.3648485445592,Dining and Drinking,0.0
100,-6500.0,-36500.0,356.5702981298782,-240.37252001624438,Dining and Drinking,0.0
100,-6500.0,-36500.0,366.68853854437293,-289.95577636986854,Dining and Drinking,0.0
100,-6500.0,-36500.0,298.8664326239996,-114.86742284788488,Retail,0.0
100,-6500.0,-36500.0,363.0889066787486,387.62229538751126,Retail,0.0
100,-6500.0,-36500.0,126.90448765810834,241.28078019496024,Travel and Transportation,0.0
100,-6500.0,-36500.0,-134.57163811831833,310.17833727473044,Dining and Drinking,0.0
100,-6500.0,-36500.0,-3.7115711355081658,-85.57186894018378,Nightlife Spot,0.0
100,-6500.0,-36500.0,275.78390449576455,-136.12463681396184,Dining and Drinking,0.0
100,-6500.0,-36500.0,-36.90597749315202,245.62105073176645,Dining and Drinking,0.0
100,-6500.0,-36500.0,-151.6788634697523,-50.403443667455576,Dining and Drinking,0.0
100,-6500.0,-36500.0,-91.18403875181775,97.17670102623379,Dining and Drinking,0.0
100,-6500.0,-36500.0,384.5794486348095,97.78305163566256,Dining and Drinking,0.0
100,-6500.0,-36500.0,114.07136473250284,328.1957447302557,Retail,0.0
100,-6500.0,-36500.0,127.01382056170405,310.7101777486532,Business and Professional Services,0.0
100,-6500.0,-36500.0,-216.70149375467554,-202.9711399092921,Dining and Drinking,0.0
100,-6500.0,-36500.0,291.6146302276511,-130.49110625046887,Nightlife Spot,0.0
100,-6500.0,-36500.0,322.3215656458533,244.8729626152999,Dining and Drinking,0.0
100,-6500.0,-36500.0,265.37645566997617,258.39812584838364,Retail,0.0
100,-6500.0,-36500.0,58.3640454996239,64.1909175102046,Travel and Transportation,0.0
100,-6500.0,-36500.0,49.37947682191407,-271.3402951511234,Retail,0.0
100,-6500.0,-36500.0,-315.25432829925194,-369.63484136708576,Nightlife Spot,0.0
100,-6500.0,-36500.0,80.25349149151589,-199.54184379806247,Dining and Drinking,0.0
100,-6500.0,-36500.0,301.97600841905387,228.72679294854606,Nightlife Spot,0.0
100,-6500.0,-36500.0,313.68403480562574,170.2175194665324,Dining and Drinking,0.0
100,-6500.0,-36500.0,55.007930662719446,89.45308409660356,Retail,0.0
100,-6500.0,-36500.0,398.89131527662175,244.30091991436348,Dining and Drinking,0.0
100,-6500.0,-36500.0,74.21486709788587,-390.71726205821324,Dining and Drinking,0.0
100,-6500.0,-36500.0,-47.724062645495906,-257.8309493059787,Dining and Drinking,0.0
100,-6500.0,-36500.0,-241.96500456635567,-216.48973472996295,Dining and Drinking,0.0
100,-6500.0,-36500.0,136.08106511693404,-91.44059149375244,Dining and Drinking,0.0
100,-6500.0,-36500.0,-21.637140472681494,237.33149690814753,Dining and Drinking,0.0
100,-6500.0,-36500.0,211.9130913529425,193.65132356372487,Retail,0.0
100,-6500.0,-36500.0,322.9464844966842,-156.6401571839233,Dining and Drinking,0.0
100,-6500.0,-36500.0,50.92281221480789,-142.68698989695986,Nightlife Spot,0.0
100,-6500.0,-36500.0,386.5106184494198,-233.00266006719903,Landmarks and Outdoors,0.0
100,-6500.0,-36500.0,-143.6941614028774,13.091077523895365,Dining and Drinking,0.0
100,-6500.0,-36500.0,-166.34332693195665,-36.550140401792305,Dining and Drinking,0.0
100,-6500.0,-36500.0,-65.38196437205443,-379.9631891082172,Retail,0.0
100,-6500.0,-36500.0,-185.9242367395418,-238.11134393664543,Dining and Drinking,0.0
100,-6500.0,-36500.0,-99.70080752260583,260.6299582985812,Dining and Drinking,0.0
100,-6500.0,-36500.0,-111.50186113299605,202.58826730502915,Dining and Drinking,0.0
100,-6500.0,-36500.0,46.71308785031033,11.023166224600573,Dining and Drinking,0.0
100,-6500.0,-36500.0,-2.5423881460137636,-340.5821753946657,Dining and Drinking,0.0
100,-6500.0,-36500.0,-59.95939114635985,293.44149075148744,Retail,0.0
100,-6500.0,-36500.0,80.6602207391852,-262.1045131472274,Nightlife Spot,0.0
100,-6500.0,-36500.0,310.1727580543293,319.2811820674833,Dining and Drinking,0.0
100,-6500.0,-36500.0,313.93612444962037,-117.05631043732137,Nightlife Spot,0.0
100,-6500.0,-36500.0,352.36723106775935,353.5795158347537,Retail,0.0
100,-6500.0,-36500.0,-336.0652241403468,184.80279873054678,Business and Professional Services,0.0
100,-6500.0,-36500.0,-207.70323428042684,-357.39349938031955,Dining and Drinking,0.0
100,-6500.0,-36500.0,159.38549356233398,-125.16463375231979,Nightlife Spot,0.0
100,-6500.0,-36500.0,-63.90137740107821,216.09008464906947,Nightlife Spot,0.0
100,-6500.0,-36500.0,-247.65493806036284,-355.0063405610563,Dining and Drinking,0.0
100,-6500.0,-36500.0,-199.11729012228625,-391.06364855795255,Nightlife Spot,0.0
100,-6500.0,-36500.0,-299.28791402226034,-239.17015802035166,Dining and Drinking,0.0
100,-6500.0,-36500.0,-107.474776296257,135.81054044815392,Dining and Drinking,0.0
100,-6500.0,-36500.0,-92.21763278074377,13.052777717290155,Dining and Drinking,0.0
100,-6500.0,-36500.0,-360.87666644220735,-350.79988942691125,Business and Professional Services,0.0
100,-6500.0,-36500.0,245.86621883615862,136.57801284795278,Dining and Drinking,0.0
100,-6500.0,-36500.0,81.97030881518458,-325.24146260065027,Dining and Drinking,0.0
100,-6500.0,-36500.0,-20.289659622791987,-129.26946877013688,Dining and Drinking,0.0
100,-6500.0,-36500.0,184.90411793348812,-228.8902743373692,Travel and Transportation,0.0
100,-6500.0,-36500.0,-67.60484831542908,281.42966441436874,Retail,0.0
100,-6500.0,-36500.0,-63.25332801270815,55.27691234223312,Dining and Drinking,0.0
100,-6500.0,-36500.0,222.22948254041057,189.41369255229074,Dining and Drinking,0.0
100,-6500.0,-36500.0,356.4255733884056,167.45383664640394,Nightlife Spot,0.0
100,-6500.0,-36500.0,354.2124079726127,-33.48117771772377,Retail,0.0
100,-6500.0,-36500.0,75.40660511553324,-208.7470329901771,Nightlife Spot,0.0
100,-6500.0,-36500.0,-14.71585788252105,-258.23928988591797,Arts and Entertainment,0.0
100,-6500.0,-36500.0,189.74239721136018,4.9296841194154695,Dining and Drinking,0.0
100,-6500.0,-36500.0,60.39408592497239,-98.37545896209485,Dining and Drinking,0.0
100,-6500.0,-36500.0,93.09624378323952,-320.20736922093784,Dining and Drinking,0.0
100,-6500.0,-36500.0,150.64219550481994,287.0778933294423,Dining and Drinking,0.0
100,-6500.0,-36500.0,-151.24185800214218,-386.1196347202931,Dining and Drinking,0.0
100,-6500.0,-36500.0,248.5180307641449,33.55150572348066,Dining and Drinking,0.0
100,-6500.0,-36500.0,211.91499326923167,348.9782738460999,Retail,0.0
100,-6500.0,-36500.0,354.71085317905,33.90205246455298,Dining and Drinking,0.0
100,-6500.0,-36500.0,30.39807772596032,-328.13709350124554,Nightlife Spot,0.0
100,-6500.0,-36500.0,296.11784365760013,-52.17933766073111,Landmarks and Outdoors,0.0
100,-6500.0,-36500.0,-190.77839429548112,-83.54808710475481,Nightlife Spot,0.0
100,-6500.0,-36500.0,187.5057742903764,20.932808930811007,Dining and Drinking,0.0
100,-6500.0,-36500.0,7.836169425989283,-299.8361934941058,Nightlife Spot,0.0
100,-6500.0,-36500.0,319.0299436892956,59.95604362946324,Retail,0.0
100,-6500.0,-36500.0,28.3427573498102,-352.9637827594852,Retail,0.0
100,-6500.0,-36500.0,240.49127496186338,185.67497868947248,Retail,0.0
90,-4500.0,-31500.0,-329.31486690427937,-383.1729279249994,Community and Government,5.385164807134505
90,-4500.0,-31500.0,-388.96743820908705,-294.70979868399445,Retail,5.385164807134505
90,-4500.0,-31500.0,289.8832101186763,341.32623197594876,Retail,5.385164807134505
90,-4500.0,-31500.0,-375.1293687610305,-57.59899510151081,Nightlife Spot,5.385164807134505
90,-4500.0,-31500.0,-363.04836865958896,-382.91290618233324,Retail,5.385164807134505
90,-4500.0,-31500.0,-64.34372331914528,-65.53016083316106,Dining and Drinking,5.385164807134505
90,-4500.0,-31500.0,-59.654734492690295,-248.36608572428668,Retail,5.385164807134505
90,-4500.0,-31500.0,7.623128209554125,-63.35466202743919,Dining and Drinking,5.385164807134505
90,-4500.0,-31500.0,-379.5001826707985,-69.29368331633304,Nightlife Spot,5.385164807134505
90,-4500.0,-31500.0,152.21463600237257,-252.41078654955345,Retail,5.385164807134505
90,-4500.0,-31500.0,-296.5486257366474,313.9338938740111,Community and Government,5.385164807134505
90,-4500.0,-31500.0,-357.47116963061217,-391.37247155075966,Health and Medicine,5.385164807134505
90,-4500.0,-31500.0,-343.90491470386223,-213.43236430800607,Dining and Drinking,5.385164807134505
90,-4500.0,-31500.0,-101.33834959793512,-44.98667232465232,Retail,5.385164807134505
90,-4500.0,-31500.0,254.8489958189457,-95.35115919377131,Community and Government,5.385164807134505
90,-4500.0,-31500.0,-205.81324046841746,24.596853866525635,Dining and Drinking,5.385164807134505
90,-4500.0,-31500.0,358.08191337973676,293.4952450668061,Dining and Drinking,5.385164807134505
90,-4500.0,-31500.0,347.1227349964138,276.79318307803624,Business and Professional Services,5.385164807134505
90,-4500.0,-31500.0,108.46983407376592,-91.65932003403941,Dining and Drinking,5.385164807134505
90,-4500.0,-31500.0,112.65164933030701,142.58060359775845,Community and Government,5.385164807134505
90,-4500.0,-31500.0,273.45679988815937,-362.148667139023,Landmarks and Outdoors,5.385164807134505
90,-4500.0,-31500.0,-373.0419115094264,-208.26029702044252,Arts and Entertainment,5.385164807134505
90,-4500.0,-31500.0,-392.75878448374624,-361.2393741706983,Business and Professional Services,5.385164807134505
90,-4500.0,-31500.0,-365.0847044633665,-279.1986174892918,Dining and Drinking,5.385164807134505
90,-4500.0,-31500.0,17.09597650800788,285.6511491832607,Retail,5.385164807134505
90,-4500.0,-31500.0,-352.84462312253345,-201.1712535028164,Dining and Drinking,5.385164807134505
90,-4500.0,-31500.0,-152.5506024280894,110.70954895685281,Retail,5.385164807134505
90,-4500.0,-31500.0,-146.65806354163033,148.40442403704583,Nightlife Spot,5.385164807134505
90,-4500.0,-31500.0,149.6733329034605,-47.099347023679,Dining and Drinking,5.385164807134505
90,-4500.0,-31500.0,383.9765871558657,-286.4322234069041,Community and Government,5.385164807134505
90,-4500.0,-31500.0,56.93842134445367,374.7797878920319,Dining and Drinking,5.385164807134505
90,-4500.0,-31500.0,93.87035176381141,54.429919355716265,Business and Professional Services,5.385164807134505
90,-4500.0,-31500.0,-160.6649450687073,44.38451242059455,Landmarks and Outdoors,5.385164807134505
90,-4500.0,-31500.0,-364.38698759606905,169.8073062586809,Travel and Transportation,5.385164807134505
90,-4500.0,-31500.0,243.7043221604563,254.3865506284601,Landmarks and Outdoors,5.385164807134505
90,-4500.0,-31500.0,100.72598068780462,195.5456493462989,Landmarks and Outdoors,5.385164807134505
90,-4500.0,-31500.0,-309.29381353279587,-160.4179419156062,Dining and Drinking,5.385164807134505
90,-4500.0,-31500.0,331.11026080524243,284.77337492116203,Retail,5.385164807134505
90,-4500.0,-31500.0,-139.36420950981028,-60.482964230541256,Arts and Entertainment,5.385164807134505
90,-4500.0,-31500.0,-391.7470154807679,-295.0546501316494,Retail,5.385164807134505
90,-4500.0,-31500.0,-297.7693407407205,-390.43846483234665,Dining and Drinking,5.385164807134505
90,-4500.0,-31500.0,-14.889184928761097,218.3469414419742,Retail,5.385164807134505
90,-4500.0,-31500.0,-162.60990770517674,37.62064641942197,Arts and Entertainment,5.385164807134505
90,-4500.0,-31500.0,-183.79024742521233,-19.47278690719031,Dining and Drinking,5.385164807134505
90,-4500.0,-31500.0,265.9643117153155,-307.8816106483464,Landmarks and Outdoors,5.385164807134505
90,-4500.0,-31500.0,-276.8828013445991,-79.61903928732136,Travel and Transportation,5.385164807134505
90,-4500.0,-31500.0,199.7238964013559,-107.46401740701185,Dining and Drinking,5.385164807134505
90,-4500.0,-31500.0,-360.2671398538805,-395.6814743880859,Travel and Transportation,5.385164807134505
90,-4500.0,-31500.0,-130.21529565410492,-373.5325902810873,Retail,5.385164807134505
90,-4500.0,-31500.0,-335.38456665740796,-387.76030308953705,Retail,5.385164807134505
90,-4500.0,-31500.0,-233.411176681303,150.72768941741379,Dining and Drinking,5.385164807134505
50,-18500.0,-28500.0,124.84823367191348,150.58929166501184,Retail,14.422205101855958
50,-18500.0,-28500.0,-269.92495015435634,41.02742009141002,Sports and Recreation,14.422205101855958
50,-18500.0,-28500.0,-266.9235529004909,-378.67950908772764,Business and Professional Services,14.422205101855958
50,-18500.0,-28500.0,-282.55041420183625,51.409528135805886,Retail,14.422205101855958
50,-18500.0,-28500.0,370.25861695923595,-333.7834036142849,Sports and Recreation,14.422205101855958
50,-18500.0,-28500.0,27.135489488780877,166.61620592956388,Retail,14.422205101855958
50,-18500.0,-28500.0,-257.7617070160668,39.52915449669672,Sports and Recreation,14.422205101855958
50,-18500.0,-28500.0,285.2822299303807,-252.92932248985016,Landmarks and Outdoors,14.422205101855958
50,-18500.0,-28500.0,-139.85656775487587,222.69655868979316,Arts and Entertainment,14.422205101855958
